Url,Brand,Model,Limited,CaseMaterialGrouped,Glass,Case Shape,CaseDiameterGrouped,WaterResistanceLevel,DialColorGrouped,DialHandsGrouped,Dial Indexes,LogPrice
https://watchbase.com/panerai/pocket-watches/pam00529,panerai,Pocket Watches,Yes,Gold Variants,Sapphire,Cushion,XXL,Basic,Black,Stick/Minimalist,Mixed,11.05881093278828
https://watchbase.com/patek-philippe/cubitus/5821-1ar-001,patek philippe,Cubitus,No,Steel,Sapphire,Square,XL,Basic,Blue,Stick/Minimalist,Stick / Dot,11.039411682337978
https://watchbase.com/patek-philippe/cubitus/5822p-001,patek philippe,Cubitus,No,Platinum,Sapphire,Square,XL,Basic,Blue,Stick/Minimalist,Stick / Dot,11.405685406299774
https://watchbase.com/patek-philippe/cubitus/5821-1a-001,patek philippe,Cubitus,No,Steel,Sapphire,Square,XL,Basic,Colorful,Stick/Minimalist,Stick / Dot,10.64354217367223
https://watchbase.com/panerai/pocket-watches/pam00447,panerai,Pocket Watches,Yes,Gold Variants,Sapphire,Cushion,XXL,Basic,Grey/Brown,Stick/Minimalist,Mixed,11.000448478455008
https://watchbase.com/panerai/pocket-watches/pam00446,panerai,Pocket Watches,Yes,Synthetic,Sapphire,Cushion,XXL,Basic,Skeleton,Stick/Minimalist,Mixed,12.095146671399466
https://watchbase.com/patek-philippe/gondolo/4972-1g-001,patek philippe,Gondolo,No,Gold Variants,Sapphire,Other,XS,Basic,Silver/White,Leaf-style,Arabic Numerals,10.770188800870221
https://watchbase.com/patek-philippe/gondolo/4962-200r-001,patek philippe,Gondolo,No,Gold Variants,Sapphire,Other,XS,Basic,Grey/Brown,Leaf-style,Mixed,10.610069086697326
https://watchbase.com/patek-philippe/gondolo/4972g-001,patek philippe,Gondolo,No,Gold Variants,Sapphire,Other,XS,Basic,Silver/White,Leaf-style,Arabic Numerals,10.324202455851168
https://watchbase.com/patek-philippe/gondolo/7099r-001,patek philippe,Gondolo,No,Gold Variants,Sapphire,Tonneau,XS,Basic,Silver/White,Leaf-style,Stick / Dot,11.528808656597766
https://watchbase.com/patek-philippe/gondolo/5098r-001,patek philippe,Gondolo,No,Gold Variants,Sapphire,Tonneau,S,Basic,Silver/White,Leaf-style,Arabic Numerals,10.434145214930487
https://watchbase.com/patek-philippe/gondolo/4973g-001,patek philippe,Gondolo,No,Gold Variants,Sapphire,Other,XS,Basic,Silver/White,Leaf-style,Arabic Numerals,10.714439990727769
https://watchbase.com/patek-philippe/gondolo/5124j-001,patek philippe,Gondolo,No,Gold Variants,Sapphire,Rectangular,S,Basic,Silver/White,Dauphine-style,Stick / Dot,10.016860879703811
https://watchbase.com/patek-philippe/gondolo/5098p-001,patek philippe,Gondolo,No,Platinum,Sapphire,Tonneau,S,Basic,Silver/White,Leaf-style,Arabic Numerals,10.622570475119794
https://watchbase.com/patek-philippe/gondolo/5200g-001,patek philippe,Gondolo,No,Gold Variants,Sapphire,Rectangular,S,Basic,Blue,Dauphine-style,Stick / Dot,10.860939421415225
https://watchbase.com/patek-philippe/gondolo/5124g-001,patek philippe,Gondolo,No,Gold Variants,Sapphire,Rectangular,S,Basic,Grey/Brown,Dauphine-style,Arabic Numerals,9.609854474590907
https://watchbase.com/patek-philippe/gondolo/5124g-011,patek philippe,Gondolo,No,Gold Variants,Sapphire,Rectangular,S,Basic,Blue,Dauphine-style,Stick / Dot,10.154285180632154
https://watchbase.com/patek-philippe/golden-ellipse/3738-100r-001,patek philippe,Golden Ellipse,No,Gold Variants,Sapphire,Rectangular,S,Basic,Grey/Brown,Stick/Minimalist,Stick / Dot,10.12667110305036
https://watchbase.com/patek-philippe/golden-ellipse/3738-100g-012,patek philippe,Golden Ellipse,No,Gold Variants,Sapphire,Rectangular,S,Basic,Grey/Brown,Stick/Minimalist,Stick / Dot,10.12667110305036
https://watchbase.com/patek-philippe/golden-ellipse/3738-100j-012,patek philippe,Golden Ellipse,No,Gold Variants,Sapphire,Rectangular,S,Basic,Blue,Stick/Minimalist,Stick / Dot,9.575747082838362
https://watchbase.com/patek-philippe/golden-ellipse/5738p-001,patek philippe,Golden Ellipse,No,Platinum,Sapphire,Rectangular,M,Basic,Blue,Stick/Minimalist,Stick / Dot,10.283669040109793
https://watchbase.com/patek-philippe/twenty-4/4908-101r-001,patek philippe,Twenty~4,No,Gold Variants,Sapphire,Rectangular,XS,Basic,Paved/Diamonds,Leaf-style,Stick / Dot,13.134056742745338
https://watchbase.com/patek-philippe/twenty-4/4908-200g-011,patek philippe,Twenty~4,No,Gold Variants,Sapphire,Rectangular,XS,Basic,Silver/White,Leaf-style,Mixed,10.572879805741458
https://watchbase.com/patek-philippe/twenty-4/4910-11r-011,patek philippe,Twenty~4,No,Gold Variants,Sapphire,Rectangular,XS,Basic,Silver/White,Leaf-style,Mixed,10.584081267024454
https://watchbase.com/patek-philippe/twenty-4/4908-11r-011,patek philippe,Twenty~4,No,Gold Variants,Sapphire,Rectangular,XS,Basic,Silver/White,Leaf-style,Mixed,10.518700218288165
https://watchbase.com/patek-philippe/twenty-4/4920g-001,patek philippe,Twenty~4,No,Gold Variants,Sapphire,Rectangular,XS,Basic,Grey/Brown,Leaf-style,Mixed,9.961803629358965
https://watchbase.com/patek-philippe/twenty-4/4909-50r-001,patek philippe,Twenty~4,No,Gold Variants,Sapphire,Rectangular,XS,Basic,Paved/Diamonds,Leaf-style,Roman Numerals,11.700159933624827
https://watchbase.com/patek-philippe/twenty-4/4910-10a-001,patek philippe,Twenty~4,No,Steel,Sapphire,Rectangular,XS,Basic,Black,Leaf-style,Mixed,9.350189267092581
https://watchbase.com/patek-philippe/twenty-4/4911g-001,patek philippe,Twenty~4,No,Gold Variants,Sapphire,Rectangular,XS,Basic,Paved/Diamonds,Leaf-style,Roman Numerals,11.910163489914005
https://watchbase.com/patek-philippe/twenty-4/4910-52g-001,patek philippe,Twenty~4,No,Gold Variants,Sapphire,Rectangular,XS,Basic,Paved/Diamonds,Leaf-style,Roman Numerals,12.310302021690863
https://watchbase.com/patek-philippe/twenty-4/4910g-001,patek philippe,Twenty~4,No,Gold Variants,Sapphire,Rectangular,XS,Basic,Paved/Diamonds,Leaf-style,Roman Numerals,10.873906556448501
https://watchbase.com/patek-philippe/twenty-4/4908-200g-001,patek philippe,Twenty~4,No,Gold Variants,Sapphire,Rectangular,XS,Basic,Grey/Brown,Leaf-style,Mixed,10.572879805741458
https://watchbase.com/patek-philippe/twenty-4/4910-10a-012,patek philippe,Twenty~4,No,Steel,Sapphire,Rectangular,XS,Basic,Blue,Leaf-style,Mixed,9.350189267092581
https://watchbase.com/patek-philippe/twenty-4/4910-11r-010,patek philippe,Twenty~4,No,Gold Variants,Sapphire,Rectangular,XS,Basic,Grey/Brown,Leaf-style,Mixed,10.584081267024454
https://watchbase.com/patek-philippe/twenty-4/4920g-010,patek philippe,Twenty~4,No,Gold Variants,Sapphire,Rectangular,XS,Basic,Black,Leaf-style,Mixed,9.837935184295892
https://watchbase.com/patek-philippe/twenty-4/4908-101g-001,patek philippe,Twenty~4,No,Gold Variants,Sapphire,Rectangular,XS,Basic,Paved/Diamonds,Leaf-style,Roman Numerals,13.134056742745338
https://watchbase.com/patek-philippe/twenty-4/4920r-001,patek philippe,Twenty~4,No,Gold Variants,Sapphire,Rectangular,XS,Basic,Grey/Brown,Leaf-style,Mixed,9.961803629358965
https://watchbase.com/patek-philippe/twenty-4/4909-50g-001,patek philippe,Twenty~4,No,Gold Variants,Sapphire,Rectangular,XS,Basic,Paved/Diamonds,Leaf-style,Roman Numerals,11.7340750296137
https://watchbase.com/patek-philippe/twenty-4/4910-10a-011,patek philippe,Twenty~4,No,Steel,Sapphire,Rectangular,XS,Basic,Silver/White,Leaf-style,Mixed,9.350189267092581
https://watchbase.com/patek-philippe/twenty-4/4910-10a-010,patek philippe,Twenty~4,No,Steel,Sapphire,Rectangular,XS,Basic,Grey/Brown,Leaf-style,Mixed,9.350189267092581
https://watchbase.com/patek-philippe/twenty-4/4908-11r-010,patek philippe,Twenty~4,No,Gold Variants,Sapphire,Rectangular,XS,Basic,Grey/Brown,Leaf-style,Mixed,10.396077920037964
https://watchbase.com/patek-philippe/twenty-4/4920r-010,patek philippe,Twenty~4,No,Gold Variants,Sapphire,Rectangular,XS,Basic,Silver/White,Leaf-style,Mixed,9.837935184295892
https://watchbase.com/patek-philippe/aquanaut/5069g-001,patek philippe,Aquanaut,No,Gold Variants,Sapphire,Cushion,M,Standard,Black,Stick/Minimalist,Arabic Numerals,11.124627160483929
https://watchbase.com/patek-philippe/nautilus/7010r-012,patek philippe,Nautilus,No,Gold Variants,Sapphire,Cushion,S,Basic,Other,Stick/Minimalist,Mixed,10.305647203635566
https://watchbase.com/patek-philippe/nautilus/5713-1g-001,patek philippe,Nautilus,No,Gold Variants,Sapphire,Cushion,L,Standard,Blue,Stick/Minimalist,Stick / Dot,10.824387644967183
https://watchbase.com/patek-philippe/nautilus/5719-1g-001,patek philippe,Nautilus,No,Gold Variants,Sapphire,Cushion,L,Standard,Paved/Diamonds,Stick/Minimalist,Gem-Set Indexes,12.431617311859128
https://watchbase.com/patek-philippe/nautilus/5724g-001,patek philippe,Nautilus,No,Gold Variants,Sapphire,Cushion,L,Basic,Blue,Stick/Minimalist,Stick / Dot,11.986616039073947
https://watchbase.com/patek-philippe/nautilus/7118-1200r-001,patek philippe,Nautilus,No,Gold Variants,Sapphire,Cushion,M,Basic,Silver/White,Stick/Minimalist,Mixed,10.712215345197256
https://watchbase.com/patek-philippe/nautilus/5980r-001,patek philippe,Nautilus,No,Gold Variants,Sapphire,Cushion,L,Standard,Grey/Brown,Stick/Minimalist,Stick / Dot,10.94024216782542
https://watchbase.com/patek-philippe/nautilus/5711-1p-011,patek philippe,Nautilus,Yes,Platinum,Sapphire,Cushion,L,Standard,Blue,Stick/Minimalist,Gem-Set Indexes,11.541328259486415
https://watchbase.com/patek-philippe/nautilus/5990-1a-011,patek philippe,Nautilus,No,Steel,Sapphire,Cushion,L,Standard,Blue,Stick/Minimalist,Stick / Dot,11.144177939797228
https://watchbase.com/patek-philippe/nautilus/5726-1a-010,patek philippe,Nautilus,No,Steel,Sapphire,Cushion,L,Standard,Silver/White,Stick/Minimalist,Stick / Dot,10.623787731088578
https://watchbase.com/patek-philippe/nautilus/5980-1a-014,patek philippe,Nautilus,No,Steel,Sapphire,Cushion,L,Standard,Black,Stick/Minimalist,Stick / Dot,10.589635294075828
https://watchbase.com/patek-philippe/nautilus/5711-1p-010,patek philippe,Nautilus,No,Platinum,Sapphire,Cushion,L,Standard,Blue,Stick/Minimalist,Stick / Dot,11.49528070779676
https://watchbase.com/patek-philippe/nautilus/5976-1g,patek philippe,Nautilus,Yes,Gold Variants,Sapphire,Cushion,XXL,Standard,Blue,Stick/Minimalist,Gem-Set Indexes,11.378833915487142
https://watchbase.com/patek-philippe/nautilus/5712t-001,patek philippe,Nautilus,Yes,Titanium,Sapphire,Cushion,L,Basic,Grey/Brown,Stick/Minimalist,Stick / Dot,13.171155446333852
https://watchbase.com/patek-philippe/nautilus/5990-1a-001,patek philippe,Nautilus,No,Steel,Sapphire,Cushion,L,Standard,Black,Stick/Minimalist,Stick / Dot,10.825780236605917
https://watchbase.com/patek-philippe/nautilus/5711-1a-014,patek philippe,Nautilus,No,Steel,Sapphire,Cushion,L,Standard,Colorful,Stick/Minimalist,Stick / Dot,10.322230781590136
https://watchbase.com/patek-philippe/nautilus/5740-1g-001,patek philippe,Nautilus,No,Gold Variants,Sapphire,Cushion,L,Basic,Blue,Stick/Minimalist,Stick / Dot,11.614859115627624
https://watchbase.com/patek-philippe/nautilus/5712r-001,patek philippe,Nautilus,No,Gold Variants,Sapphire,Cushion,L,Basic,Grey/Brown,Stick/Minimalist,Stick / Dot,10.623787731088578
https://watchbase.com/patek-philippe/nautilus/5980-1a-001,patek philippe,Nautilus,No,Steel,Sapphire,Cushion,L,Standard,Blue,Stick/Minimalist,Stick / Dot,10.589635294075828
https://watchbase.com/patek-philippe/nautilus/5711-1a-001,patek philippe,Nautilus,No,Steel,Sapphire,Cushion,L,Standard,Blue,Stick/Minimalist,Stick / Dot,9.591581091193483
https://watchbase.com/patek-philippe/nautilus/5712-1r-001,patek philippe,Nautilus,No,Gold Variants,Sapphire,Cushion,L,Basic,Grey/Brown,Stick/Minimalist,Stick / Dot,11.332230584420795
https://watchbase.com/patek-philippe/nautilus/5811-1g-001,patek philippe,Nautilus,No,Gold Variants,Sapphire,Cushion,L,Standard,Blue,Stick/Minimalist,Stick / Dot,11.16128070555655
https://watchbase.com/patek-philippe/nautilus/5712g-001,patek philippe,Nautilus,No,Gold Variants,Sapphire,Cushion,L,Basic,Grey/Brown,Stick/Minimalist,Stick / Dot,10.623787731088578
https://watchbase.com/patek-philippe/nautilus/5711-1a-011,patek philippe,Nautilus,No,Steel,Sapphire,Cushion,L,Standard,Silver/White,Stick/Minimalist,Stick / Dot,9.938902957757083
https://watchbase.com/patek-philippe/nautilus/5726-1a-001,patek philippe,Nautilus,No,Steel,Sapphire,Cushion,L,Standard,Black,Stick/Minimalist,Stick / Dot,10.623787731088578
https://watchbase.com/patek-philippe/nautilus/5712-1a-001,patek philippe,Nautilus,No,Steel,Sapphire,Cushion,L,Basic,Blue,Stick/Minimalist,Stick / Dot,10.22958472526072
https://watchbase.com/patek-philippe/nautilus/5711-1a-010,patek philippe,Nautilus,No,Steel,Sapphire,Cushion,L,Standard,Blue,Stick/Minimalist,Stick / Dot,10.064798252418377
https://watchbase.com/patek-philippe/aquanaut/5069r-001,patek philippe,Aquanaut,No,Gold Variants,Sapphire,Cushion,M,Standard,Silver/White,Stick/Minimalist,Arabic Numerals,11.124627160483929
https://watchbase.com/patek-philippe/aquanaut/7968-300r-001,patek philippe,Aquanaut,No,Gold Variants,Sapphire,Cushion,L,Basic,Silver/White,Stick/Minimalist,Arabic Numerals,12.276684871820773
https://watchbase.com/patek-philippe/aquanaut/5268-461g-001,patek philippe,Aquanaut,No,Gold Variants,Sapphire,Cushion,M,Standard,Paved/Diamonds,Stick/Minimalist,Gem-Set Indexes,12.353461947242346
https://watchbase.com/patek-philippe/aquanaut/5268-200r-010,patek philippe,Aquanaut,No,Gold Variants,Sapphire,Cushion,M,Standard,Grey/Brown,Stick/Minimalist,Arabic Numerals,10.901561015825624
https://watchbase.com/patek-philippe/aquanaut/5069g-011,patek philippe,Aquanaut,No,Gold Variants,Sapphire,Cushion,M,Standard,Silver/White,Stick/Minimalist,Arabic Numerals,11.124627160483929
https://watchbase.com/patek-philippe/aquanaut/5067a-011,patek philippe,Aquanaut,No,Steel,Sapphire,Cushion,M,Standard,Silver/White,Stick/Minimalist,Arabic Numerals,9.635673464721814
https://watchbase.com/patek-philippe/aquanaut/5062-450r-001,patek philippe,Aquanaut,No,Gold Variants,Sapphire,Cushion,M,Basic,Other,Stick/Minimalist,Gem-Set Indexes,12.102937429832547
https://watchbase.com/patek-philippe/aquanaut/5968r-001,patek philippe,Aquanaut,No,Gold Variants,Sapphire,Cushion,L,Standard,Grey/Brown,Stick/Minimalist,Arabic Numerals,11.242572374640222
https://watchbase.com/patek-philippe/aquanaut/5068r-001,patek philippe,Aquanaut,No,Gold Variants,Sapphire,Cushion,M,Standard,Grey/Brown,Stick/Minimalist,Arabic Numerals,10.638280388314705
https://watchbase.com/patek-philippe/aquanaut/5067a-001,patek philippe,Aquanaut,No,Steel,Sapphire,Cushion,M,Standard,Black,Stick/Minimalist,Arabic Numerals,9.635673464721814
https://watchbase.com/patek-philippe/aquanaut/5167-1a-001,patek philippe,Aquanaut,No,Steel,Sapphire,Cushion,L,Standard,Black,Stick/Minimalist,Arabic Numerals,9.812522917162035
https://watchbase.com/patek-philippe/aquanaut/5167r-001,patek philippe,Aquanaut,No,Gold Variants,Sapphire,Cushion,L,Standard,Grey/Brown,Stick/Minimalist,Arabic Numerals,10.419330568113901
https://watchbase.com/patek-philippe/aquanaut/5261r-001,patek philippe,Aquanaut,No,Gold Variants,Sapphire,Cushion,L,Basic,Blue,Stick/Minimalist,Arabic Numerals,11.035067067645114
https://watchbase.com/patek-philippe/aquanaut/5167a-001,patek philippe,Aquanaut,No,Steel,Sapphire,Cushion,L,Standard,Black,Stick/Minimalist,Arabic Numerals,9.667195436466644
https://watchbase.com/patek-philippe/calatrava/5120-1g-001,patek philippe,Calatrava,No,Gold Variants,Sapphire,Round,M,Basic,Silver/White,Dauphine-style,Stick / Dot,10.57798693872359
https://watchbase.com/patek-philippe/calatrava/5196p-001,patek philippe,Calatrava,No,Platinum,Sapphire,Round,M,Basic,Silver/White,Leaf-style,Arabic Numerals,10.460270761075149
https://watchbase.com/patek-philippe/calatrava/5522a-001,patek philippe,Calatrava,Yes,Steel,Sapphire,Round,L,Basic,Blue,Sword-style,Arabic Numerals,9.844321241866913
https://watchbase.com/patek-philippe/calatrava/6007g-010,patek philippe,Calatrava,No,Steel,Sapphire,Round,L,Basic,Black,Stick/Minimalist,Arabic Numerals,10.5495693306696
https://watchbase.com/patek-philippe/calatrava/5296g-010,patek philippe,Calatrava,No,Gold Variants,Sapphire,Round,M,Basic,Silver/White,Dauphine-style,Stick / Dot,10.021759357614163
https://watchbase.com/patek-philippe/calatrava/5116r-001,patek philippe,Calatrava,No,Gold Variants,Sapphire,Round,M,Basic,Silver/White,Leaf-style,Roman Numerals,10.110542371500753
https://watchbase.com/patek-philippe/calatrava/5120j-001,patek philippe,Calatrava,No,Gold Variants,Sapphire,Round,M,Basic,Silver/White,Leaf-style,Roman Numerals,9.530320210727126
https://watchbase.com/patek-philippe/calatrava/5196r-001,patek philippe,Calatrava,No,Gold Variants,Sapphire,Round,M,Basic,Silver/White,Dauphine-style,Stick / Dot,9.942756341456828
https://watchbase.com/patek-philippe/calatrava/5119r-001,patek philippe,Calatrava,No,Gold Variants,Sapphire,Round,M,Basic,Silver/White,Leaf-style,Roman Numerals,9.923339198238729
https://watchbase.com/patek-philippe/calatrava/6000g-010,patek philippe,Calatrava,No,Gold Variants,Sapphire,Round,M,Basic,Grey/Brown,Stick/Minimalist,Arabic Numerals,10.059251216519025
https://watchbase.com/patek-philippe/calatrava/5296r-001,patek philippe,Calatrava,No,Gold Variants,Sapphire,Round,M,Basic,Silver/White,Leaf-style,Stick / Dot,10.146472946063877
https://watchbase.com/patek-philippe/calatrava/5120g-001,patek philippe,Calatrava,No,Gold Variants,Sapphire,Round,M,Basic,Silver/White,Leaf-style,Roman Numerals,10.081675578048475
https://watchbase.com/patek-philippe/calatrava/5123r-001,patek philippe,Calatrava,No,Gold Variants,Sapphire,Round,M,Basic,Silver/White,Dauphine-style,Stick / Dot,10.069044362997353
https://watchbase.com/patek-philippe/calatrava/5296r-010,patek philippe,Calatrava,No,Gold Variants,Sapphire,Round,M,Basic,Silver/White,Dauphine-style,Stick / Dot,10.146472946063877
https://watchbase.com/patek-philippe/calatrava/5227g-001,patek philippe,Calatrava,No,Gold Variants,Sapphire,Round,M,Basic,Silver/White,Dauphine-style,Stick / Dot,10.39516093745751
https://watchbase.com/patek-philippe/calatrava/5196g-001,patek philippe,Calatrava,No,Gold Variants,Sapphire,Round,M,Basic,Silver/White,Dauphine-style,Stick / Dot,9.942756341456828
https://watchbase.com/patek-philippe/calatrava/5296g-001,patek philippe,Calatrava,No,Gold Variants,Sapphire,Round,M,Basic,Silver/White,Leaf-style,Stick / Dot,10.146472946063877
https://watchbase.com/patek-philippe/calatrava/5119g-001,patek philippe,Calatrava,No,Gold Variants,Sapphire,Round,M,Basic,Silver/White,Leaf-style,Roman Numerals,9.852246888342531
https://watchbase.com/patek-philippe/complications/5205g-010,patek philippe,Complications,No,Gold Variants,Sapphire,Round,L,Basic,Black,Dauphine-style,Stick / Dot,10.718874489469398
https://watchbase.com/patek-philippe/complications/5110p-001,patek philippe,Complications,No,Platinum,Sapphire,Round,M,Low,Grey/Brown,Proprietary,Arabic Numerals,10.330616300280319
https://watchbase.com/patek-philippe/complications/5960r-010,patek philippe,Complications,No,Gold Variants,Sapphire,Round,L,Basic,Black,Stick/Minimalist,Stick / Dot,11.035550735793711
https://watchbase.com/patek-philippe/complications/4947g-001,patek philippe,Complications,No,Gold Variants,Sapphire,Round,M,Basic,Blue,Leaf-style,Arabic Numerals,10.76004951120163
https://watchbase.com/patek-philippe/complications/5960p-015,patek philippe,Complications,No,Platinum,Sapphire,Round,L,Basic,Blue,Stick/Minimalist,Stick / Dot,11.211293206231721
https://watchbase.com/patek-philippe/complications/4936r-001,patek philippe,Complications,No,Gold Variants,Sapphire,Round,M,Basic,Silver/White,Leaf-style,Roman Numerals,10.202517493681471
https://watchbase.com/patek-philippe/complications/5960r-001,patek philippe,Complications,No,Gold Variants,Sapphire,Round,L,Basic,Grey/Brown,Stick/Minimalist,Stick / Dot,10.680998859207012
https://watchbase.com/patek-philippe/complications/5130p-020,patek philippe,Complications,No,Platinum,Sapphire,Round,L,Basic,Blue,Proprietary,Arabic Numerals,10.957817003758691
https://watchbase.com/patek-philippe/complications/5146g-010,patek philippe,Complications,No,Gold Variants,Sapphire,Round,M,Basic,Grey/Brown,Leaf-style,Mixed,10.571342565808699
https://watchbase.com/patek-philippe/complications/5070g-001,patek philippe,Complications,No,Steel,Sapphire,Round,L,Low,Silver/White,Leaf-style,Arabic Numerals,10.514366634409093
https://watchbase.com/patek-philippe/complications/4937g-001,patek philippe,Complications,No,Gold Variants,Sapphire,Round,M,Basic,Silver/White,Leaf-style,Arabic Numerals,10.951525586491304
https://watchbase.com/patek-philippe/complications/5146r-001,patek philippe,Complications,No,Gold Variants,Sapphire,Round,M,Basic,Grey/Brown,Leaf-style,Mixed,10.096625401763932
https://watchbase.com/patek-philippe/complications/5905p-001,patek philippe,Complications,No,Platinum,Sapphire,Round,L,Basic,Blue,Stick/Minimalist,Stick / Dot,11.209127560632263
https://watchbase.com/patek-philippe/complications/5146p-001,patek philippe,Complications,No,Platinum,Sapphire,Round,M,Basic,Grey/Brown,Leaf-style,Mixed,11.008760940077243
https://watchbase.com/patek-philippe/complications/5146g-001,patek philippe,Complications,No,Gold Variants,Sapphire,Round,M,Basic,Grey/Brown,Leaf-style,Mixed,10.094149233605084
https://watchbase.com/patek-philippe/complications/5235g-001,patek philippe,Complications,No,Gold Variants,Sapphire,Round,L,Basic,Silver/White,Stick/Minimalist,Mixed,10.76004951120163
https://watchbase.com/patek-philippe/complications/5205r-010,patek philippe,Complications,No,Gold Variants,Sapphire,Round,L,Basic,Black,Dauphine-style,Stick / Dot,10.718874489469398
https://watchbase.com/patek-philippe/complications/5396r-011,patek philippe,Complications,No,Gold Variants,Sapphire,Round,M,Basic,Silver/White,Dauphine-style,Stick / Dot,10.596909695290504
https://watchbase.com/patek-philippe/complications/5960p-001,patek philippe,Complications,No,Platinum,Sapphire,Round,L,Basic,Grey/Brown,Stick/Minimalist,Stick / Dot,11.211293206231721
https://watchbase.com/patek-philippe/complications/5960-1a-001,patek philippe,Complications,No,Steel,Sapphire,Round,L,Basic,Silver/White,Stick/Minimalist,Stick / Dot,10.781058245898533
https://watchbase.com/patek-philippe/complications/5205g-001,patek philippe,Complications,No,Gold Variants,Sapphire,Round,L,Basic,Grey/Brown,Dauphine-style,Stick / Dot,10.718874489469398
https://watchbase.com/patek-philippe/complications/5396g-011,patek philippe,Complications,No,Gold Variants,Sapphire,Round,M,Basic,Silver/White,Dauphine-style,Stick / Dot,10.241423003850693
https://watchbase.com/patek-philippe/complications/5070p-001,patek philippe,Complications,No,Platinum,Sapphire,Round,L,Low,Blue,Leaf-style,Arabic Numerals,10.952226590708511
https://watchbase.com/patek-philippe/complications/5146j-010,patek philippe,Complications,No,Gold Variants,Sapphire,Round,M,Basic,Grey/Brown,Leaf-style,Mixed,10.048496574446103
https://watchbase.com/patek-philippe/complications/5905-1a-001,patek philippe,Complications,No,Steel,Sapphire,Round,L,Basic,Colorful,Dauphine-style,Stick / Dot,10.849356503939038
https://watchbase.com/patek-philippe/complications/5130-1r-011,patek philippe,Complications,No,Gold Variants,Sapphire,Round,L,Basic,Grey/Brown,Proprietary,Arabic Numerals,11.052491896264268
https://watchbase.com/patek-philippe/complications/5905p-014,patek philippe,Complications,Yes,Platinum,Sapphire,Round,L,Basic,Colorful,Dauphine-style,Stick / Dot,11.413116179350727
https://watchbase.com/patek-philippe/complications/5170g-001,patek philippe,Complications,No,Gold Variants,Sapphire,Round,M,Low,Silver/White,Stick/Minimalist,Arabic Numerals,11.243751064074187
https://watchbase.com/patek-philippe/complications/5170g-010,patek philippe,Complications,No,Gold Variants,Sapphire,Round,M,Low,Black,Stick/Minimalist,Arabic Numerals,11.243751064074187
https://watchbase.com/patek-philippe/grand-complications/5078p-001,patek philippe,Grand Complications,No,Platinum,Sapphire,Round,M,Standard,Silver/White,Leaf-style,Roman Numerals,12.456329292335239
https://watchbase.com/patek-philippe/grand-complications/5959p-001,patek philippe,Grand Complications,No,Gold Variants,Sapphire,Round,S,Basic,Silver/White,Leaf-style,Arabic Numerals,12.65699220175776
https://watchbase.com/patek-philippe/grand-complications/5970g-001,patek philippe,Grand Complications,No,Gold Variants,Sapphire,Round,L,Low,Silver/White,Leaf-style,Stick / Dot,11.296273298951323
https://watchbase.com/patek-philippe/grand-complications/5270g-014,patek philippe,Grand Complications,No,Gold Variants,Sapphire,Round,L,Basic,Blue,Leaf-style,Stick / Dot,11.715874472198905
https://watchbase.com/patek-philippe/grand-complications/5940j-001,patek philippe,Grand Complications,No,Gold Variants,Sapphire,Cushion,M,Basic,Silver/White,Leaf-style,Arabic Numerals,11.2922912626048
https://watchbase.com/patek-philippe/grand-complications/5496p-001,patek philippe,Grand Complications,No,Platinum,Sapphire,Round,L,Basic,Silver/White,Dauphine-style,Stick / Dot,11.405908021810315
https://watchbase.com/patek-philippe/grand-complications/5004p-033,patek philippe,Grand Complications,No,Platinum,Sapphire,Round,M,Standard,Black,Leaf-style,Gem-Set Indexes,11.99911612448415
https://watchbase.com/patek-philippe/grand-complications/5959p-011,patek philippe,Grand Complications,No,Platinum,Sapphire,Round,S,Basic,Black,Leaf-style,Arabic Numerals,12.65699220175776
https://watchbase.com/patek-philippe/grand-complications/5204p-001,patek philippe,Grand Complications,No,Platinum,Sapphire,Round,L,Basic,Silver/White,Traditional/Special,Stick / Dot,12.412684294889793
https://watchbase.com/patek-philippe/grand-complications/5159j-001,patek philippe,Grand Complications,No,Gold Variants,Sapphire,Round,M,Basic,Silver/White,Leaf-style,Roman Numerals,11.375971077721223
https://watchbase.com/patek-philippe/grand-complications/5140j-001,patek philippe,Grand Complications,No,Gold Variants,Sapphire,Round,M,Basic,Black,Dauphine-style,Stick / Dot,11.263194068746921
https://watchbase.com/patek-philippe/grand-complications/5159r-001,patek philippe,Grand Complications,No,Gold Variants,Sapphire,Round,M,Basic,Silver/White,Leaf-style,Roman Numerals,10.920546270529568
https://watchbase.com/patek-philippe/grand-complications/5970p-001,patek philippe,Grand Complications,No,Platinum,Sapphire,Round,L,Low,Black,Leaf-style,Stick / Dot,11.630361773857166
https://watchbase.com/patek-philippe/grand-complications/5270r-001,patek philippe,Grand Complications,No,Gold Variants,Sapphire,Round,L,Basic,Silver/White,Leaf-style,Stick / Dot,11.951186847493476
https://watchbase.com/patek-philippe/grand-complications/5270g-001,patek philippe,Grand Complications,No,Gold Variants,Sapphire,Round,L,Basic,Silver/White,Leaf-style,Stick / Dot,11.82876487263035
https://watchbase.com/patek-philippe/grand-complications/5159g-001,patek philippe,Grand Complications,No,Gold Variants,Sapphire,Round,M,Basic,Silver/White,Leaf-style,Roman Numerals,11.397525836740476
https://watchbase.com/panerai/mare-nostrum/pam00603,panerai,Mare Nostrum,Yes,Titanium,Sapphire,Round,XXL,Basic,Grey/Brown,Stick/Minimalist,Mixed,10.584081267024454
https://watchbase.com/panerai/mare-nostrum/pam00300,panerai,Mare Nostrum,Yes,Steel,Sapphire,Round,XXL,Basic,Black,Stick/Minimalist,Mixed,10.373522431293592
https://watchbase.com/panerai/mare-nostrum/pam00716,panerai,Mare Nostrum,Yes,Steel,Sapphire,Round,L,Basic,Blue,Stick/Minimalist,Mixed,9.200391041122515
https://watchbase.com/panerai/luminor-due/pam01301,panerai,Luminor Due,No,Steel,Sapphire,Cushion,M,Basic,Silver/White,Stick/Minimalist,Mixed,9.268703615273097
https://watchbase.com/panerai/radiomir-1940/pam00624,panerai,Radiomir 1940,Yes,Gold Variants,Sapphire,Cushion,XL,Basic,Grey/Brown,Stick/Minimalist,Mixed,10.463131911491967
https://watchbase.com/panerai/radiomir-1940/pam00791,panerai,Radiomir 1940,Yes,Steel,Plexi,Cushion,XL,Standard,Silver/White,Traditional/Special,Arabic Numerals,9.093918908958932
https://watchbase.com/panerai/radiomir-1940/pam00932,panerai,Radiomir 1940,Yes,Steel,Sapphire,Cushion,XL,Standard,Blue,Stick/Minimalist,Mixed,9.093918908958932
https://watchbase.com/panerai/radiomir-1940/pam00934,panerai,Radiomir 1940,Yes,Gold Variants,Sapphire,Cushion,XL,Basic,Blue,Stick/Minimalist,Mixed,9.994287576862567
https://watchbase.com/panerai/radiomir-1940/pam00790,panerai,Radiomir 1940,Yes,Steel,Plexi,Cushion,XL,Standard,Black,Traditional/Special,Arabic Numerals,9.093918908958932
https://watchbase.com/panerai/radiomir-1940/pam00516,panerai,Radiomir 1940,Yes,Steel,Sapphire,Cushion,XXL,Standard,Black,Stick/Minimalist,Mixed,9.87822102528824
https://watchbase.com/panerai/radiomir-1940/pam01078,panerai,Radiomir 1940,No,Steel,Sapphire,Cushion,XL,Standard,Blue,Stick/Minimalist,Mixed,9.296609807128359
https://watchbase.com/panerai/radiomir-1940/pam00628,panerai,Radiomir 1940,No,Steel,Sapphire,Cushion,XL,Standard,Black,Stick/Minimalist,Mixed,9.358846580275406
https://watchbase.com/panerai/radiomir-1940/pam00570,panerai,Radiomir 1940,Yes,Gold Variants,Sapphire,Cushion,L,Standard,Grey/Brown,Stick/Minimalist,Mixed,10.27163147557801
https://watchbase.com/panerai/radiomir-1940/pam00946,panerai,Radiomir 1940,No,Steel,Sapphire,Cushion,XL,Standard,Blue,Stick/Minimalist,Mixed,9.358846580275406
https://watchbase.com/panerai/radiomir-1940/pam00600,panerai,Radiomir 1940,No,Gold Variants,Sapphire,Cushion,XXL,Basic,Skeleton,Stick/Minimalist,Mixed,12.793862088206213
https://watchbase.com/panerai/radiomir-1940/pam00503,panerai,Radiomir 1940,Yes,Gold Variants,Sapphire,Cushion,XL,Standard,Black,Stick/Minimalist,Mixed,10.666650414667744
https://watchbase.com/panerai/radiomir-1940/pam00519,panerai,Radiomir 1940,Yes,Gold Variants,Sapphire,Cushion,XL,Basic,Grey/Brown,Stick/Minimalist,Mixed,10.809748150372926
https://watchbase.com/panerai/radiomir-1940/pam00998,panerai,Radiomir 1940,No,Steel,Sapphire,Cushion,XL,Standard,Colorful,Stick/Minimalist,Mixed,9.367429587218957
https://watchbase.com/panerai/radiomir-1940/pam00627,panerai,Radiomir 1940,No,Steel,Sapphire,Cushion,XL,Standard,Black,Stick/Minimalist,Mixed,9.34145634983372
https://watchbase.com/panerai/radiomir-1940/pam00659,panerai,Radiomir 1940,Yes,Gold Variants,Sapphire,Cushion,XL,Basic,Blue,Stick/Minimalist,Mixed,10.463131911491967
https://watchbase.com/panerai/radiomir-1940/pam00577,panerai,Radiomir 1940,No,Steel,Plexi,Cushion,XXL,Basic,Black,Stick/Minimalist,Mixed,9.296609807128359
https://watchbase.com/panerai/radiomir-1940/pam00573,panerai,Radiomir 1940,No,Gold Variants,Sapphire,Cushion,XL,Basic,Grey/Brown,Stick/Minimalist,Mixed,9.994287576862567
https://watchbase.com/panerai/radiomir-1940/pam00575,panerai,Radiomir 1940,No,Gold Variants,Sapphire,Cushion,L,Standard,Black,Stick/Minimalist,Mixed,9.77571099759397
https://watchbase.com/panerai/radiomir-1940/pam00514,panerai,Radiomir 1940,No,Steel,Sapphire,Cushion,XL,Standard,Black,Stick/Minimalist,Mixed,8.922791623969637
https://watchbase.com/panerai/radiomir-1940/pam00518,panerai,Radiomir 1940,Yes,Platinum,Sapphire,Cushion,XL,Basic,Silver/White,Stick/Minimalist,Mixed,11.104972264124868
https://watchbase.com/panerai/radiomir-1940/pam00515,panerai,Radiomir 1940,No,Gold Variants,Sapphire,Cushion,XL,Basic,Grey/Brown,Stick/Minimalist,Mixed,9.94755228369823
https://watchbase.com/panerai/radiomir-1940/pam00736,panerai,Radiomir 1940,Yes,Titanium,Sapphire,Cushion,XL,Standard,Colorful,Stick/Minimalist,Mixed,9.093918908958932
https://watchbase.com/panerai/radiomir-1940/pam00662,panerai,Radiomir 1940,Yes,Steel,Plexi,Cushion,XL,Standard,Grey/Brown,Stick/Minimalist,Mixed,9.15915233520675
https://watchbase.com/panerai/radiomir-1940/pam00740,panerai,Radiomir 1940,No,Gold Variants,Sapphire,Cushion,L,Standard,Black,Stick/Minimalist,Mixed,9.846970109700957
https://watchbase.com/panerai/radiomir-1940/pam00502,panerai,Radiomir 1940,Yes,Gold Variants,Sapphire,Cushion,XL,Standard,Grey/Brown,Stick/Minimalist,Mixed,10.594156665220533
https://watchbase.com/panerai/radiomir-1940/pam00999,panerai,Radiomir 1940,No,Steel,Sapphire,Cushion,XL,Standard,Colorful,Stick/Minimalist,Mixed,9.38437770918244
https://watchbase.com/panerai/radiomir-1940/pam00657,panerai,Radiomir 1940,No,Steel,Sapphire,Cushion,XL,Standard,Black,Stick/Minimalist,Mixed,9.34145634983372
https://watchbase.com/panerai/radiomir-1940/pam00658,panerai,Radiomir 1940,No,Steel,Sapphire,Cushion,XL,Standard,Black,Stick/Minimalist,Mixed,9.358846580275406
https://watchbase.com/panerai/radiomir-1940/pam00690,panerai,Radiomir 1940,Yes,Steel,Sapphire,Cushion,XL,Standard,Blue,Stick/Minimalist,Mixed,9.093918908958932
https://watchbase.com/panerai/radiomir-1940/pam00399,panerai,Radiomir 1940,Yes,Steel,Plexi,Cushion,XL,Basic,Grey/Brown,Stick/Minimalist,Mixed,10.025749432069084
https://watchbase.com/panerai/radiomir-1940/pam00933,panerai,Radiomir 1940,Yes,Steel,Sapphire,Cushion,L,Standard,Blue,Stick/Minimalist,Mixed,9.200391041122515
https://watchbase.com/panerai/radiomir-1940/pam00520,panerai,Radiomir 1940,Yes,Gold Variants,Sapphire,Cushion,XL,Basic,Black,Stick/Minimalist,Mixed,10.849356503939038
https://watchbase.com/panerai/radiomir-1940/pam00655,panerai,Radiomir 1940,No,Steel,Sapphire,Cushion,L,Standard,Silver/White,Stick/Minimalist,Arabic Numerals,9.179984251961283
https://watchbase.com/panerai/radiomir-1940/pam00619,panerai,Radiomir 1940,No,Titanium,Sapphire,Cushion,XL,Basic,Grey/Brown,Stick/Minimalist,Mixed,9.249657234353133
https://watchbase.com/panerai/radiomir-1940/pam00997,panerai,Radiomir 1940,No,Steel,Sapphire,Cushion,XXL,Basic,Black,Stick/Minimalist,Mixed,9.465060106725137
https://watchbase.com/panerai/radiomir-1940/pam00572,panerai,Radiomir 1940,No,Steel,Sapphire,Cushion,XL,Standard,Black,Stick/Minimalist,Mixed,9.200391041122515
https://watchbase.com/panerai/radiomir-1940/pam00587,panerai,Radiomir 1940,Yes,Steel,Plexi,Cushion,XL,Standard,Black,Stick/Minimalist,Mixed,9.093918908958932
https://watchbase.com/panerai/radiomir-1940/pam00995,panerai,Radiomir 1940,No,Steel,Sapphire,Cushion,XL,Standard,Colorful,Stick/Minimalist,Mixed,9.296609807128359
https://watchbase.com/panerai/radiomir-1940/pam00620,panerai,Radiomir 1940,No,Steel,Sapphire,Cushion,L,Standard,Black,Stick/Minimalist,Mixed,9.179984251961283
https://watchbase.com/panerai/radiomir-1940/pam00574,panerai,Radiomir 1940,No,Steel,Sapphire,Cushion,L,Standard,Black,Stick/Minimalist,Mixed,8.909370405197466
https://watchbase.com/panerai/radiomir-1940/pam00513,panerai,Radiomir 1940,No,Gold Variants,Sapphire,Cushion,L,Standard,Grey/Brown,Stick/Minimalist,Mixed,9.75272280064639
https://watchbase.com/panerai/radiomir-1940/pam00945,panerai,Radiomir 1940,Yes,Steel,Sapphire,Cushion,XL,Standard,Blue,Stick/Minimalist,Mixed,9.34145634983372
https://watchbase.com/panerai/luminor-due/pam01429,panerai,Luminor Due,No,Steel,Sapphire,Cushion,L,Basic,Blue,Stick/Minimalist,Mixed,8.909370405197466
https://watchbase.com/panerai/luminor-due/pam01042,panerai,Luminor Due,No,Gold Variants,Sapphire,Cushion,L,Basic,Silver/White,Stick/Minimalist,Mixed,9.820160289946374
https://watchbase.com/panerai/luminor-due/pam01041,panerai,Luminor Due,No,Gold Variants,Sapphire,Cushion,L,Basic,Black,Stick/Minimalist,Mixed,9.820160289946374
https://watchbase.com/panerai/luminor-due/pam01494,panerai,Luminor Due,No,Gold Variants,Sapphire,Cushion,L,Basic,Silver/White,Stick/Minimalist,Mixed,10.645448706505872
https://watchbase.com/panerai/luminor-due/pam01442,panerai,Luminor Due,No,Gold Variants,Sapphire,Cushion,L,Basic,Grey/Brown,Stick/Minimalist,Mixed,10.645448706505872
https://watchbase.com/panerai/luminor-due/pam01378,panerai,Luminor Due,No,Steel,Sapphire,Cushion,M,Basic,Silver/White,Stick/Minimalist,Mixed,8.922791623969637
https://watchbase.com/panerai/luminor-due/pam01388,panerai,Luminor Due,No,Steel,Sapphire,Cushion,L,Basic,Silver/White,Stick/Minimalist,Mixed,8.909370405197466
https://watchbase.com/panerai/luminor-due/pam01504,panerai,Luminor Due,No,Gold Variants,Sapphire,Cushion,M,Basic,Silver/White,Stick/Minimalist,Mixed,10.62135173563291
https://watchbase.com/panerai/luminor-due/pam01180,panerai,Luminor Due,No,Steel,Sapphire,Cushion,M,Basic,Silver/White,Stick/Minimalist,Mixed,9.19023970026918
https://watchbase.com/panerai/luminor-due/pam01249,panerai,Luminor Due,No,Steel,Sapphire,Cushion,L,Basic,Silver/White,Stick/Minimalist,Mixed,8.853808274977197
https://watchbase.com/panerai/luminor-due/pam01274,panerai,Luminor Due,No,Steel,Sapphire,Cushion,L,Basic,Silver/White,Stick/Minimalist,Mixed,8.853808274977197
https://watchbase.com/panerai/luminor-due/pam01043,panerai,Luminor Due,No,Steel,Sapphire,Cushion,M,Basic,Silver/White,Stick/Minimalist,Mixed,8.716207971151853
https://watchbase.com/panerai/luminor-due/pam01423,panerai,Luminor Due,No,Gold Variants,Sapphire,Cushion,L,Basic,Colorful,Stick/Minimalist,Mixed,9.994287576862567
https://watchbase.com/panerai/luminor-due/pam01250,panerai,Luminor Due,No,Steel,Sapphire,Cushion,L,Basic,Grey/Brown,Stick/Minimalist,Mixed,8.909370405197466
https://watchbase.com/panerai/luminor-due/pam01311,panerai,Luminor Due,Yes,Steel,Sapphire,Cushion,M,Basic,Colorful,Stick/Minimalist,Arabic Numerals,8.987321812850125
https://watchbase.com/panerai/luminor-due/pam01508,panerai,Luminor Due,No,Steel,Sapphire,Cushion,M,Basic,Silver/White,Stick/Minimalist,Mixed,8.987321812850125
https://watchbase.com/panerai/luminor-due/pam01273,panerai,Luminor Due,No,Steel,Sapphire,Cushion,M,Basic,Blue,Stick/Minimalist,Mixed,8.853808274977197
https://watchbase.com/panerai/luminor-due/pam00739,panerai,Luminor Due,No,Steel,Sapphire,Cushion,XL,Basic,Grey/Brown,Stick/Minimalist,Mixed,9.539716058977092
https://watchbase.com/panerai/luminor-due/pam01539,panerai,Luminor Due,No,Steel,Sapphire,Cushion,L,Basic,Colorful,Stick/Minimalist,Mixed,9.036106025364846
https://watchbase.com/panerai/luminor-due/pam00927,panerai,Luminor Due,No,Titanium,Sapphire,Cushion,L,Basic,Blue,Stick/Minimalist,Mixed,8.881975184248867
https://watchbase.com/panerai/luminor-due/pam01124,panerai,Luminor Due,No,Steel,Sapphire,Cushion,L,Basic,Blue,Stick/Minimalist,Mixed,9.012011377036412
https://watchbase.com/panerai/luminor-due/pam00756,panerai,Luminor Due,No,Gold Variants,Sapphire,Cushion,M,Basic,Silver/White,Stick/Minimalist,Arabic Numerals,9.60918360377546
https://watchbase.com/panerai/luminor-due/pam01381,panerai,Luminor Due,No,Steel,Sapphire,Cushion,L,Basic,Silver/White,Stick/Minimalist,Mixed,8.974744612722734
https://watchbase.com/panerai/luminor-due/pam01319,panerai,Luminor Due,Yes,Steel,Sapphire,Cushion,M,Basic,Colorful,Stick/Minimalist,Arabic Numerals,8.987321812850125
https://watchbase.com/panerai/luminor-due/pam01387,panerai,Luminor Due,No,Steel,Sapphire,Cushion,L,Basic,Grey/Brown,Stick/Minimalist,Mixed,9.036106025364846
https://watchbase.com/panerai/luminor-due/pam01424,panerai,Luminor Due,No,Steel,Sapphire,Cushion,L,Basic,Colorful,Stick/Minimalist,Mixed,8.909370405197466
https://watchbase.com/panerai/luminor-due/pam00964,panerai,Luminor Due,No,Titanium,Sapphire,Cushion,XL,Basic,Blue,Stick/Minimalist,Mixed,9.38437770918244
https://watchbase.com/panerai/luminor-due/pam01123,panerai,Luminor Due,No,Steel,Sapphire,Cushion,M,Basic,Blue,Stick/Minimalist,Mixed,8.962007209588313
https://watchbase.com/panerai/luminor-due/pam00926,panerai,Luminor Due,No,Titanium,Sapphire,Cushion,M,Basic,Blue,Stick/Minimalist,Mixed,8.839421607620602
https://watchbase.com/panerai/luminor-due/pam00943,panerai,Luminor Due,No,Steel,Sapphire,Cushion,XL,Basic,Grey/Brown,Stick/Minimalist,Mixed,9.19023970026918
https://watchbase.com/panerai/luminor-due/pam00677,panerai,Luminor Due,No,Gold Variants,Sapphire,Cushion,L,Basic,Grey/Brown,Stick/Minimalist,Mixed,9.975854724662028
https://watchbase.com/panerai/luminor-due/pam00675,panerai,Luminor Due,No,Steel,Sapphire,Cushion,XL,Basic,Grey/Brown,Stick/Minimalist,Mixed,10.122663242288953
https://watchbase.com/panerai/luminor-due/pam01029,panerai,Luminor Due,No,Gold Variants,Sapphire,Cushion,M,Basic,Black,Stick/Minimalist,Mixed,9.642187721358466
https://watchbase.com/panerai/luminor-due/pam01247,panerai,Luminor Due,No,Steel,Sapphire,Cushion,M,Basic,Grey/Brown,Stick/Minimalist,Mixed,8.853808274977197
https://watchbase.com/panerai/luminor-due/pam00755,panerai,Luminor Due,No,Steel,Sapphire,Cushion,M,Basic,Grey/Brown,Stick/Minimalist,Mixed,8.716207971151853
https://watchbase.com/panerai/luminor-due/pam00903,panerai,Luminor Due,No,Steel,Sapphire,Cushion,M,Basic,Silver/White,Stick/Minimalist,Arabic Numerals,8.682877107057168
https://watchbase.com/panerai/luminor-due/pam01309,panerai,Luminor Due,Yes,Steel,Sapphire,Cushion,M,Basic,Blue,Stick/Minimalist,Arabic Numerals,8.987321812850125
https://watchbase.com/panerai/luminor-due/pam01181,panerai,Luminor Due,No,Gold Variants,Sapphire,Cushion,M,Basic,Silver/White,Stick/Minimalist,Mixed,9.994287576862567
https://watchbase.com/panerai/luminor-due/pam01329,panerai,Luminor Due,No,Platinum,Sapphire,Cushion,L,Basic,Colorful,Stick/Minimalist,Mixed,10.596659732783579
https://watchbase.com/panerai/luminor-due/pam00944,panerai,Luminor Due,No,Steel,Sapphire,Cushion,XL,Basic,Grey/Brown,Stick/Minimalist,Mixed,9.296609807128359
https://watchbase.com/panerai/luminor-due/pam00674,panerai,Luminor Due,No,Steel,Sapphire,Cushion,XL,Basic,Black,Stick/Minimalist,Mixed,9.249657234353133
https://watchbase.com/panerai/luminor-due/pam00728,panerai,Luminor Due,No,Titanium,Sapphire,Cushion,L,Basic,Blue,Stick/Minimalist,Mixed,9.036106025364846
https://watchbase.com/panerai/luminor-due/pam00729,panerai,Luminor Due,No,Titanium,Sapphire,Cushion,XL,Basic,Blue,Stick/Minimalist,Mixed,9.296609807128359
https://watchbase.com/panerai/luminor-due/pam00908,panerai,Luminor Due,No,Gold Variants,Sapphire,Cushion,M,Basic,Black,Stick/Minimalist,Mixed,9.642187721358466
https://watchbase.com/panerai/luminor-due/pam00906,panerai,Luminor Due,No,Steel,Sapphire,Cushion,L,Basic,Silver/White,Stick/Minimalist,Arabic Numerals,8.732465848349879
https://watchbase.com/panerai/luminor-due/pam00904,panerai,Luminor Due,No,Steel,Sapphire,Cushion,L,Basic,Grey/Brown,Stick/Minimalist,Mixed,8.764209507142004
https://watchbase.com/panerai/luminor-due/pam00676,panerai,Luminor Due,No,Steel,Sapphire,Cushion,L,Basic,Black,Stick/Minimalist,Mixed,8.974744612722734
https://watchbase.com/panerai/submersible/pam02223,panerai,Submersible,No,Steel,Sapphire,Cushion,L,Professional,Silver/White,Sword-style,Stick / Dot,9.179984251961283
https://watchbase.com/panerai/radiomir/pam00080,panerai,Radiomir,Yes,Gold Variants,Sapphire,Cushion,L,Standard,Blue,Stick/Minimalist,Mixed,10.114599007626499
https://watchbase.com/panerai/radiomir/pam01243,panerai,Radiomir,Yes,Steel,Sapphire,Cushion,XL,Standard,Grey/Brown,Stick/Minimalist,Mixed,9.024131268455035
https://watchbase.com/panerai/radiomir/pam00992,panerai,Radiomir,No,Steel,Plexi,Cushion,XL,Standard,Black,Stick/Minimalist,Mixed,9.093918908958932
https://watchbase.com/panerai/radiomir/pam00538,panerai,Radiomir,No,Gold Variants,Sapphire,Cushion,XL,Standard,Blue,Stick/Minimalist,Stick / Dot,10.39821428171237
https://watchbase.com/panerai/radiomir/pam00021,panerai,Radiomir,Yes,Platinum,Sapphire,Cushion,XL,Basic,Grey/Brown,Stick/Minimalist,Mixed,10.689692377847104
https://watchbase.com/panerai/radiomir/pam01347,panerai,Radiomir,No,Steel,Sapphire,Cushion,XL,Standard,Grey/Brown,Stick/Minimalist,Mixed,9.200391041122515
https://watchbase.com/panerai/radiomir/pam01334,panerai,Radiomir,No,Steel,Sapphire,Cushion,XL,Standard,Grey/Brown,Stick/Minimalist,Mixed,8.881975184248867
https://watchbase.com/panerai/radiomir/pam00721,panerai,Radiomir,Yes,Steel,Plexi,Cushion,XL,Standard,Black,Stick/Minimalist,Mixed,9.15915233520675
https://watchbase.com/panerai/radiomir/pam02020,panerai,Radiomir,Yes,Steel,Sapphire,Cushion,XL,Standard,Grey/Brown,Stick/Minimalist,Mixed,8.77971129020447
https://watchbase.com/panerai/radiomir/pam00760,panerai,Radiomir,No,Steel,Plexi,Cushion,XL,Standard,Colorful,Stick/Minimalist,Mixed,9.852246888342531
https://watchbase.com/panerai/radiomir/pam01385,panerai,Radiomir,Yes,Steel,Sapphire,Cushion,XL,Standard,Grey/Brown,Stick/Minimalist,Mixed,8.612685172875459
https://watchbase.com/panerai/radiomir/pam01335,panerai,Radiomir,No,Steel,Sapphire,Cushion,XL,Standard,Blue,Stick/Minimalist,Mixed,8.881975184248867
https://watchbase.com/panerai/radiomir/pam00376,panerai,Radiomir,Yes,Gold Variants,Plexi,Cushion,XL,Standard,Grey/Brown,Stick/Minimalist,Mixed,10.114599007626499
https://watchbase.com/panerai/radiomir/pam00198,panerai,Radiomir,No,Platinum,Sapphire,Cushion,XL,Standard,Grey/Brown,Stick/Minimalist,Mixed,10.373522431293592
https://watchbase.com/panerai/radiomir/pam01382,panerai,Radiomir,No,Steel,Sapphire,Cushion,XL,Standard,Black,Stick/Minimalist,Mixed,8.517393171418904
https://watchbase.com/panerai/radiomir/pam01350,panerai,Radiomir,No,Steel,Sapphire,Cushion,XL,Standard,Grey/Brown,Stick/Minimalist,Mixed,8.881975184248867
https://watchbase.com/panerai/radiomir/pam00388,panerai,Radiomir,No,Steel,Sapphire,Cushion,XL,Standard,Black,Stick/Minimalist,Mixed,8.881975184248867
https://watchbase.com/panerai/radiomir/pam00323,panerai,Radiomir,No,Steel,Sapphire,Cushion,XL,Standard,Black,Stick/Minimalist,Mixed,9.375939552625749
https://watchbase.com/panerai/radiomir/pam00610,panerai,Radiomir,No,Steel,Sapphire,Cushion,XL,Standard,Black,Stick/Minimalist,Mixed,8.630700432209832
https://watchbase.com/panerai/radiomir/pam00505,panerai,Radiomir,No,Synthetic,Sapphire,Cushion,XL,Standard,Grey/Brown,Stick/Minimalist,Mixed,9.093918908958932
https://watchbase.com/panerai/radiomir/pam00346,panerai,Radiomir,No,Titanium,Sapphire,Cushion,XL,Standard,Grey/Brown,Stick/Minimalist,Mixed,9.375939552625749
https://watchbase.com/panerai/radiomir/pam00609,panerai,Radiomir,No,Steel,Sapphire,Cushion,XL,Standard,Black,Stick/Minimalist,Mixed,8.682877107057168
https://watchbase.com/panerai/radiomir/pam00424-2,panerai,Radiomir,No,Steel,Sapphire,Cushion,XL,Standard,Black,Stick/Minimalist,Mixed,8.962007209588313
https://watchbase.com/panerai/radiomir/pam00425,panerai,Radiomir,No,Steel,Sapphire,Cushion,XL,Standard,Black,Stick/Minimalist,Mixed,8.962007209588313
https://watchbase.com/panerai/radiomir/pam00754,panerai,Radiomir,No,Steel,Sapphire,Cushion,XL,Standard,Black,Stick/Minimalist,Mixed,8.575650760987806
https://watchbase.com/panerai/radiomir/pam00380,panerai,Radiomir,No,Steel,Sapphire,Cushion,XL,Standard,Black,Stick/Minimalist,Mixed,8.31898612539206
https://watchbase.com/panerai/radiomir/pam00753,panerai,Radiomir,No,Steel,Sapphire,Cushion,XL,Standard,Black,Stick/Minimalist,Mixed,8.476579508530941
https://watchbase.com/panerai/submersible/pam01616,panerai,Submersible,No,Steel,Sapphire,Cushion,XL,Professional,Black,Sword-style,Mixed,9.76428295481558
https://watchbase.com/panerai/submersible/pam00961,panerai,Submersible,Yes,Synthetic,Sapphire,Cushion,XL,Professional,Black,Sword-style,Stick / Dot,10.594156665220533
https://watchbase.com/panerai/submersible/pam00982,panerai,Submersible,No,Steel,Sapphire,Cushion,XL,Professional,Grey/Brown,Sword-style,Stick / Dot,9.846970109700957
https://watchbase.com/panerai/submersible/pam01676,panerai,Submersible,No,Steel,Sapphire,Cushion,XL,Professional,Blue,Sword-style,Stick / Dot,9.401043372798053
https://watchbase.com/panerai/submersible/pam02616,panerai,Submersible,No,Steel,Sapphire,Cushion,XL,Professional,Black,Sword-style,Mixed,9.867912187022208
https://watchbase.com/panerai/submersible/pam00364,panerai,Submersible,No,Titanium,Sapphire,Cushion,XL,Extreme,Black,Sword-style,Stick / Dot,9.239996256883693
https://watchbase.com/panerai/submersible/pam02305,panerai,Submersible,No,Titanium,Sapphire,Cushion,XL,Professional,Black,Sword-style,Stick / Dot,9.296609807128359
https://watchbase.com/panerai/submersible/pam00968,panerai,Submersible,No,Steel,Sapphire,Cushion,XL,Professional,Grey/Brown,Sword-style,Stick / Dot,9.852246888342531
https://watchbase.com/panerai/submersible/pam00683,panerai,Submersible,No,Steel,Sapphire,Cushion,L,Professional,Black,Sword-style,Stick / Dot,9.179984251961283
https://watchbase.com/panerai/submersible/pam01389,panerai,Submersible,No,Steel,Sapphire,Cushion,XL,Professional,Black,Sword-style,Stick / Dot,9.350189267092581
https://watchbase.com/panerai/submersible/pam00973,panerai,Submersible,No,Steel,Sapphire,Cushion,L,Professional,Black,Sword-style,Mixed,9.071193240566025
https://watchbase.com/panerai/submersible/pam00985,panerai,Submersible,Yes,Titanium,Sapphire,Cushion,XL,Professional,Black,Sword-style,Stick / Dot,10.594156665220533
https://watchbase.com/panerai/submersible/pam00799,panerai,Submersible,No,Steel,Sapphire,Cushion,XL,Professional,Black,Sword-style,Stick / Dot,9.60918360377546
https://watchbase.com/panerai/submersible/pam00731,panerai,Submersible,Yes,Steel,Sapphire,Cushion,XL,Professional,Blue,Sword-style,Mixed,8.853808274977197
https://watchbase.com/panerai/submersible/pam00984,panerai,Submersible,No,Titanium,Sapphire,Cushion,XL,Professional,Black,Sword-style,Stick / Dot,9.898525260706313
https://watchbase.com/panerai/submersible/pam00684,panerai,Submersible,No,Steel,Sapphire,Cushion,L,Professional,Black,Sword-style,Mixed,10.16203685698089
https://watchbase.com/panerai/submersible/pam00616,panerai,Submersible,No,Steel,Sapphire,Cushion,XL,Professional,Black,Sword-style,Mixed,9.735128070758227
https://watchbase.com/panerai/submersible/pam00979,panerai,Submersible,No,Synthetic,Sapphire,Cushion,XL,Professional,Black,Sword-style,Stick / Dot,9.846970109700957
https://watchbase.com/panerai/submersible/pam01391,panerai,Submersible,Yes,Steel,Sapphire,Cushion,XL,Professional,Blue,Sword-style,Stick / Dot,9.210440366976517
https://watchbase.com/panerai/submersible/pam01226,panerai,Submersible,No,Steel,Sapphire,Cushion,XL,Professional,Silver/White,Sword-style,Stick / Dot,9.179984251961283
https://watchbase.com/panerai/submersible/pam01543,panerai,Submersible,No,Steel,Sapphire,Cushion,XL,Extreme,Silver/White,Sword-style,Stick / Dot,9.735128070758227
https://watchbase.com/panerai/submersible/pam00305,panerai,Submersible,No,Titanium,Sapphire,Cushion,XL,Professional,Black,Sword-style,Stick / Dot,9.093918908958932
https://watchbase.com/panerai/submersible/pam00615,panerai,Submersible,No,Steel,Sapphire,Cushion,XL,Professional,Black,Sword-style,Mixed,9.717218213494077
https://watchbase.com/panerai/submersible/pam01305,panerai,Submersible,No,Titanium,Sapphire,Cushion,XL,Professional,Black,Sword-style,Stick / Dot,9.169622538697624
https://watchbase.com/panerai/submersible/pam00682,panerai,Submersible,No,Steel,Sapphire,Cushion,L,Professional,Black,Sword-style,Mixed,9.04793908261736
https://watchbase.com/panerai/submersible/pam01229,panerai,Submersible,No,Steel,Sapphire,Cushion,XL,Professional,Black,Sword-style,Stick / Dot,9.220389707829185
https://watchbase.com/panerai/submersible/pam01024,panerai,Submersible,No,Steel,Sapphire,Cushion,XL,Professional,Black,Sword-style,Mixed,8.853808274977197
https://watchbase.com/panerai/submersible/pam00024,panerai,Submersible,No,Steel,Sapphire,Cushion,XL,Professional,Black,Sword-style,Mixed,8.853808274977197
https://watchbase.com/panerai/submersible/pam00389,panerai,Submersible,No,Steel,Sapphire,Cushion,XL,Professional,Black,Sword-style,Mixed,9.278092474027002
https://watchbase.com/panerai/submersible/pam01681,panerai,Submersible,No,Steel,Sapphire,Cushion,XL,Professional,Silver/White,Sword-style,Stick / Dot,9.417435838868785
https://watchbase.com/panerai/luminor-1950/pam02392,panerai,Luminor 1950,No,Steel,Sapphire,Cushion,L,Standard,Black,Stick/Minimalist,Mixed,8.94910546953925
https://watchbase.com/panerai/luminor-1950/pam01033,panerai,Luminor 1950,No,Steel,Sapphire,Cushion,XL,Professional,Blue,Stick/Minimalist,Mixed,9.116139576577355
https://watchbase.com/panerai/luminor-1950/pam00737,panerai,Luminor 1950,No,Titanium,Sapphire,Cushion,XL,Standard,Colorful,Stick/Minimalist,Mixed,9.77571099759397
https://watchbase.com/panerai/luminor-1950/pam00673,panerai,Luminor 1950,Yes,Steel,Plexi,Cushion,XL,Standard,Black,Stick/Minimalist,Mixed,9.200391041122515
https://watchbase.com/panerai/luminor-1950/pam01404,panerai,Luminor 1950,No,Steel,Sapphire,Cushion,XL,Standard,Blue,Stick/Minimalist,Mixed,9.19023970026918
https://watchbase.com/panerai/luminor-1950/pam00537,panerai,Luminor 1950,No,Steel,Sapphire,Cushion,L,Professional,Black,Stick/Minimalist,Mixed,9.071193240566025
https://watchbase.com/panerai/luminor-1950/pam00499,panerai,Luminor 1950,No,Steel,Sapphire,Cushion,XL,Standard,Silver/White,Stick/Minimalist,Arabic Numerals,8.895766604056085
https://watchbase.com/panerai/luminor-1950/pam01688,panerai,Luminor 1950,Yes,Gold Variants,Sapphire,Cushion,XL,Basic,Colorful,Stick/Minimalist,Mixed,10.87806606028079
https://watchbase.com/panerai/luminor-1950/pam00523,panerai,Luminor 1950,No,Steel,Sapphire,Cushion,L,Standard,Silver/White,Stick/Minimalist,Arabic Numerals,8.881975184248867
https://watchbase.com/panerai/luminor-1950/pam00779,panerai,Luminor 1950,No,Titanium,Sapphire,Cushion,XL,Standard,Black,Stick/Minimalist,Mixed,8.974744612722734
https://watchbase.com/panerai/luminor-1950/pam01116,panerai,Luminor 1950,Yes,Platinum,Sapphire,Cushion,XL,Basic,Colorful,Stick/Minimalist,Mixed,10.55843949396453
https://watchbase.com/panerai/luminor-1950/pam00715,panerai,Luminor 1950,No,Platinum,Sapphire,Cushion,XL,Basic,Colorful,Stick/Minimalist,Mixed,11.184435286790631
https://watchbase.com/panerai/luminor-1950/pam00352,panerai,Luminor 1950,No,Titanium,Sapphire,Cushion,XL,Professional,Grey/Brown,Stick/Minimalist,Mixed,9.036106025364846
https://watchbase.com/panerai/luminor-1950/pam00688,panerai,Luminor 1950,Yes,Steel,Sapphire,Cushion,L,Standard,Blue,Stick/Minimalist,Mixed,9.036106025364846
https://watchbase.com/panerai/luminor-1950/pam01359,panerai,Luminor 1950,No,Steel,Sapphire,Cushion,XL,Professional,Black,Stick/Minimalist,Arabic Numerals,8.922791623969637
https://watchbase.com/panerai/luminor-1950/pam00557,panerai,Luminor 1950,No,Steel,Plexi,Cushion,XL,Standard,Black,Stick/Minimalist,Mixed,9.127067452782361
https://watchbase.com/panerai/luminor-1950/pam01628,panerai,Luminor 1950,No,Steel,Sapphire,Cushion,XL,Standard,Grey/Brown,Stick/Minimalist,Mixed,9.278092474027002
https://watchbase.com/panerai/luminor-1950/pam01499,panerai,Luminor 1950,No,Steel,Sapphire,Cushion,XL,Professional,Silver/White,Stick/Minimalist,Arabic Numerals,8.974744612722734
https://watchbase.com/panerai/luminor-1950/pam00422,panerai,Luminor 1950,No,Steel,Sapphire,Cushion,XL,Standard,Black,Stick/Minimalist,Mixed,9.350189267092581
https://watchbase.com/panerai/luminor-1950/pam00764,panerai,Luminor 1950,No,Titanium,Sapphire,Cushion,XL,Standard,Black,Stick/Minimalist,Stick / Dot,9.465060106725137
https://watchbase.com/panerai/luminor-1950/pam00535,panerai,Luminor 1950,No,Steel,Sapphire,Cushion,L,Professional,Black,Stick/Minimalist,Mixed,9.036106025364846
https://watchbase.com/panerai/luminor-1950/pam00335,panerai,Luminor 1950,No,Steel,Sapphire,Cushion,XL,Standard,Black,Stick/Minimalist,Mixed,9.758519582283522
https://watchbase.com/panerai/luminor-1950/pam00311,panerai,Luminor 1950,No,Titanium,Sapphire,Cushion,XL,Standard,Grey/Brown,Stick/Minimalist,Mixed,9.77571099759397
https://watchbase.com/panerai/luminor-1950/pam02025,panerai,Luminor 1950,Yes,Steel,Sapphire,Cushion,XL,Standard,Blue,Stick/Minimalist,Mixed,9.093918908958932
https://watchbase.com/panerai/luminor-1950/pam00524,panerai,Luminor 1950,No,Steel,Sapphire,Cushion,XL,Standard,Black,Stick/Minimalist,Mixed,9.296609807128359
https://watchbase.com/panerai/luminor-1950/pam00351,panerai,Luminor 1950,No,Titanium,Sapphire,Cushion,XL,Professional,Grey/Brown,Stick/Minimalist,Mixed,8.962007209588313
https://watchbase.com/panerai/luminor-1950/pam00317,panerai,Luminor 1950,No,Steel,Sapphire,Cushion,XL,Standard,Black,Stick/Minimalist,Mixed,9.94755228369823
https://watchbase.com/panerai/luminor-1950/pam00438,panerai,Luminor 1950,No,Steel,Sapphire,Cushion,XL,Standard,Black,Stick/Minimalist,Arabic Numerals,9.546884034617925
https://watchbase.com/panerai/luminor-1950/pam00423,panerai,Luminor 1950,No,Steel,Sapphire,Cushion,XL,Standard,Black,Stick/Minimalist,Mixed,9.200391041122515
https://watchbase.com/panerai/luminor-1950/pam00441,panerai,Luminor 1950,No,Steel,Sapphire,Cushion,XL,Standard,Black,Stick/Minimalist,Arabic Numerals,9.296609807128359
https://watchbase.com/panerai/luminor-1950/pam01312,panerai,Luminor 1950,No,Steel,Sapphire,Cushion,XL,Professional,Black,Stick/Minimalist,Mixed,9.093918908958932
https://watchbase.com/panerai/luminor-1950/pam00392,panerai,Luminor 1950,No,Steel,Sapphire,Cushion,L,Standard,Black,Stick/Minimalist,Mixed,8.881975184248867
https://watchbase.com/panerai/luminor-1950/pam01080,panerai,Luminor 1950,Yes,Steel,Sapphire,Cushion,XL,Standard,Grey/Brown,Stick/Minimalist,Mixed,9.305741456739435
https://watchbase.com/panerai/luminor-1950/pam00321,panerai,Luminor 1950,No,Steel,Sapphire,Cushion,XL,Professional,Black,Stick/Minimalist,Mixed,9.082620630373812
https://watchbase.com/panerai/luminor-1950/pam00372,panerai,Luminor 1950,No,Steel,Plexi,Cushion,XL,Standard,Black,Stick/Minimalist,Mixed,9.082620630373812
https://watchbase.com/panerai/luminor-1950/pam01392,panerai,Luminor 1950,No,Steel,Sapphire,Cushion,L,Professional,Black,Stick/Minimalist,Mixed,8.94910546953925
https://watchbase.com/panerai/luminor-1950/pam00233-2,panerai,Luminor 1950,No,Steel,Sapphire,Cushion,XL,Standard,Black,Stick/Minimalist,Mixed,9.392745258631441
https://watchbase.com/panerai/luminor-1950/pam00359,panerai,Luminor 1950,No,Steel,Sapphire,Cushion,XL,Professional,Black,Stick/Minimalist,Arabic Numerals,8.895766604056085
https://watchbase.com/panerai/luminor-1950/pam00320,panerai,Luminor 1950,No,Steel,Sapphire,Cushion,XL,Professional,Black,Stick/Minimalist,Mixed,9.04793908261736
https://watchbase.com/panerai/luminor-1950/pam00312,panerai,Luminor 1950,No,Steel,Sapphire,Cushion,XL,Professional,Black,Stick/Minimalist,Mixed,8.895766604056085
https://watchbase.com/panerai/luminor/pam01655,panerai,Luminor,No,Steel,Sapphire,Cushion,XL,Professional,Black,Stick/Minimalist,Mixed,9.012011377036412
https://watchbase.com/panerai/luminor/pam01084,panerai,Luminor,No,Steel,Sapphire,Cushion,XL,Standard,Black,Stick/Minimalist,Mixed,8.732465848349879
https://watchbase.com/panerai/luminor/pam01088,panerai,Luminor,No,Steel,Sapphire,Cushion,XL,Professional,Black,Stick/Minimalist,Mixed,8.895766604056085
https://watchbase.com/panerai/luminor/pam00560,panerai,Luminor,No,Steel,Sapphire,Cushion,XL,Professional,Black,Stick/Minimalist,Mixed,8.682877107057168
https://watchbase.com/panerai/luminor/pam00776,panerai,Luminor,No,Steel,Sapphire,Cushion,XL,Standard,Black,Stick/Minimalist,Mixed,8.575650760987806
https://watchbase.com/panerai/luminor/pam00773,panerai,Luminor,No,Steel,Sapphire,Cushion,XL,Standard,Black,Stick/Minimalist,Mixed,8.434028950155469
https://watchbase.com/panerai/luminor/pam00915,panerai,Luminor,No,Steel,Sapphire,Cushion,XL,Professional,Black,Stick/Minimalist,Mixed,8.94910546953925
https://watchbase.com/panerai/luminor/pam01624,panerai,Luminor,No,Steel,Sapphire,Cushion,XL,Standard,Colorful,Stick/Minimalist,Mixed,8.732465848349879
https://watchbase.com/panerai/luminor/pam00562,panerai,Luminor,No,Titanium,Sapphire,Cushion,XL,Professional,Grey/Brown,Stick/Minimalist,Mixed,8.77971129020447
https://watchbase.com/panerai/luminor/pam01000,panerai,Luminor,No,Steel,Sapphire,Cushion,XL,Professional,Black,Stick/Minimalist,Mixed,8.434028950155469
https://watchbase.com/panerai/luminor/pam00774,panerai,Luminor,No,Steel,Sapphire,Cushion,XL,Standard,Black,Stick/Minimalist,Mixed,8.497194544909547
https://watchbase.com/panerai/luminor/pam00510,panerai,Luminor,No,Steel,Sapphire,Cushion,XL,Professional,Black,Stick/Minimalist,Mixed,8.764209507142004
https://watchbase.com/panerai/luminor/pam01623,panerai,Luminor,No,Steel,Sapphire,Cushion,XL,Standard,Blue,Stick/Minimalist,Mixed,8.648396877031582
https://watchbase.com/panerai/luminor/pam00590,panerai,Luminor,No,Steel,Sapphire,Cushion,XL,Professional,Black,Stick/Minimalist,Mixed,8.764209507142004
https://watchbase.com/panerai/luminor/pam00632,panerai,Luminor,No,Steel,Sapphire,Cushion,XL,Professional,Grey/Brown,Stick/Minimalist,Mixed,8.497194544909547
https://watchbase.com/panerai/luminor/pam00564,panerai,Luminor,No,Titanium,Sapphire,Cushion,XL,Professional,Grey/Brown,Stick/Minimalist,Mixed,8.824824939175638
https://watchbase.com/panerai/luminor/pam00090,panerai,Luminor,No,Steel,Sapphire,Cushion,XL,Professional,Black,Stick/Minimalist,Mixed,8.922791623969637
https://watchbase.com/panerai/luminor/pam00777,panerai,Luminor,No,Steel,Sapphire,Cushion,XL,Standard,Black,Stick/Minimalist,Mixed,8.497194544909547
https://watchbase.com/panerai/luminor/pam00088,panerai,Luminor,No,Steel,Sapphire,Cushion,XL,Professional,Black,Stick/Minimalist,Mixed,8.895766604056085
https://watchbase.com/panerai/luminor/pam00048,panerai,Luminor,No,Steel,Sapphire,Cushion,L,Professional,Black,Stick/Minimalist,Mixed,8.79497643168877
https://watchbase.com/panerai/luminor/pam00104,panerai,Luminor,No,Steel,Sapphire,Cushion,XL,Professional,Black,Stick/Minimalist,Mixed,8.824824939175638
https://watchbase.com/cartier/tortue/wgto0002,cartier,Tortue,No,Gold Variants,Sapphire,Tonneau,M,Basic,Silver/White,Sword-style,Roman Numerals,9.841665338892785
https://watchbase.com/cartier/crash-de-cartier/w7200001,cartier,Crash de Cartier,Yes,Platinum,Mineral,Other,XS,Basic,Skeleton,Sword-style,Roman Numerals,11.23850177707664
https://watchbase.com/cartier/crash-de-cartier/whch0006,cartier,Crash de Cartier,Yes,Gold Variants,Mineral,Other,XS,Basic,Skeleton,Sword-style,Roman Numerals,11.082157933374816
https://watchbase.com/cartier/ronde-de-cartier/w2rn0005,cartier,Ronde de Cartier,No,Steel,Sapphire,Round,L,Standard,Grey/Brown,Sword-style,Roman Numerals,8.486940148245216
https://watchbase.com/cartier/drive-de-cartier/wgnm0005,cartier,Drive de Cartier,No,Gold Variants,Sapphire,Cushion,L,Basic,Silver/White,Sword-style,Roman Numerals,9.994287576862567
https://watchbase.com/cartier/drive-de-cartier/wgnm0004,cartier,Drive de Cartier,No,Gold Variants,Sapphire,Cushion,L,Basic,Grey/Brown,Sword-style,Roman Numerals,9.83097062169695
https://watchbase.com/cartier/drive-de-cartier/wgnm0003,cartier,Drive de Cartier,No,Gold Variants,Sapphire,Cushion,L,Basic,Silver/White,Sword-style,Roman Numerals,9.83097062169695
https://watchbase.com/cartier/drive-de-cartier/wsnm0009,cartier,Drive de Cartier,No,Steel,Sapphire,Cushion,L,Basic,Grey/Brown,Sword-style,Roman Numerals,8.699681400989514
https://watchbase.com/cartier/drive-de-cartier/wsnm0008,cartier,Drive de Cartier,No,Steel,Sapphire,Cushion,L,Basic,Silver/White,Sword-style,Roman Numerals,8.936035096566041
https://watchbase.com/cartier/drive-de-cartier/wsnm0005,cartier,Drive de Cartier,No,Steel,Sapphire,Cushion,L,Basic,Silver/White,Sword-style,Roman Numerals,9.036106025364846
https://watchbase.com/cartier/drive-de-cartier/wsnm0004,cartier,Drive de Cartier,No,Steel,Sapphire,Cushion,L,Basic,Silver/White,Sword-style,Roman Numerals,8.699681400989514
https://watchbase.com/cartier/ronde-de-cartier/wsrn0003,cartier,Ronde de Cartier,No,Steel,Sapphire,Round,L,Standard,Grey/Brown,Sword-style,Roman Numerals,8.35490952835879
https://watchbase.com/cartier/ronde-de-cartier/wsrn0002,cartier,Ronde de Cartier,No,Steel,Sapphire,Round,L,Standard,Silver/White,Sword-style,Roman Numerals,8.35490952835879
https://watchbase.com/cartier/santos-de-cartier/w2020068,cartier,Santos de Cartier,No,Gold Variants,Sapphire,Square,M,Basic,Grey/Brown,Sword-style,Roman Numerals,10.102379394048045
https://watchbase.com/cartier/cle-de-cartier/w2cl0003,cartier,Clé de Cartier,No,Steel,Sapphire,Cushion,M,Basic,Silver/White,Sword-style,Roman Numerals,8.993551586299981
https://watchbase.com/cartier/cle-de-cartier/wjcl0006,cartier,Clé de Cartier,No,Gold Variants,Sapphire,Cushion,M,Basic,Silver/White,Sword-style,Roman Numerals,10.643064971973882
https://watchbase.com/cartier/cle-de-cartier/wscl0006,cartier,Clé de Cartier,No,Steel,Sapphire,Cushion,M,Basic,Silver/White,Sword-style,Roman Numerals,8.507344855361422
https://watchbase.com/cartier/cle-de-cartier/hpi01057,cartier,Clé de Cartier,No,Other,Sapphire,Cushion,L,Basic,Skeleton,Sword-style,Roman Numerals,11.502885230075814
https://watchbase.com/cartier/cle-de-cartier/whcl0008,cartier,Clé de Cartier,No,Other,Sapphire,Cushion,L,Basic,Skeleton,Sword-style,Roman Numerals,10.799595985047786
https://watchbase.com/cartier/cle-de-cartier/wscl0007,cartier,Clé de Cartier,No,Steel,Sapphire,Cushion,L,Basic,Silver/White,Sword-style,Roman Numerals,8.585038738311304
https://watchbase.com/cartier/santos-de-cartier/w2020067,cartier,Santos de Cartier,No,Gold Variants,Sapphire,Square,M,Basic,Silver/White,Sword-style,Roman Numerals,10.102379394048045
https://watchbase.com/cartier/santos-de-cartier/w20072x7,cartier,Santos de Cartier,No,Steel,Sapphire,Square,L,Standard,Silver/White,Sword-style,Roman Numerals,9.143238568435446
https://watchbase.com/cartier/santos-de-cartier/w2006951,cartier,Santos de Cartier,No,Gold Variants,Sapphire,Square,M,Basic,Silver/White,Sword-style,Roman Numerals,9.723223876851618
https://watchbase.com/cartier/santos-de-cartier/whsa0027,cartier,Santos de Cartier,No,Steel,Sapphire,Square,L,Standard,Skeleton,Sword-style,Mixed,10.367253014814716
https://watchbase.com/cartier/santos-de-cartier/wssa0006,cartier,Santos de Cartier,No,Steel,Sapphire,Square,L,Standard,Black,Sword-style,Roman Numerals,8.902591637374087
https://watchbase.com/cartier/santos-de-cartier/w20073x8,cartier,Santos de Cartier,No,Steel,Sapphire,Square,L,Standard,Silver/White,Sword-style,Roman Numerals,8.81744592104187
https://watchbase.com/cartier/rotonde-de-cartier/w1556224,cartier,Rotonde de Cartier,No,Gold Variants,Sapphire,Round,L,Basic,Silver/White,Sword-style,Roman Numerals,11.0186455364637
https://watchbase.com/cartier/rotonde-de-cartier/hpi01071,cartier,Rotonde de Cartier,Yes,Platinum,Sapphire,Round,XL,Basic,Silver/White,Traditional/Special,Roman Numerals,12.301387370778713
https://watchbase.com/cartier/rotonde-de-cartier/whro0003,cartier,Rotonde de Cartier,No,Gold Variants,Sapphire,Round,L,Basic,Grey/Brown,Sword-style,Roman Numerals,10.515993929932415
https://watchbase.com/cartier/rotonde-de-cartier/hpi01073,cartier,Rotonde de Cartier,Yes,Other,Sapphire,Round,XL,Basic,Paved/Diamonds,Traditional/Special,None,12.54254845357358
https://watchbase.com/cartier/rotonde-de-cartier/w1556249,cartier,Rotonde de Cartier,Yes,Other,Sapphire,Round,XL,Basic,Silver/White,Traditional/Special,Roman Numerals,11.884495917930655
https://watchbase.com/cartier/rotonde-de-cartier/w1556240,cartier,Rotonde de Cartier,No,Gold Variants,Sapphire,Round,L,Basic,Silver/White,Sword-style,Roman Numerals,10.098272780745283
https://watchbase.com/cartier/rotonde-de-cartier/hpi01072,cartier,Rotonde de Cartier,Yes,Other,Sapphire,Round,XL,Basic,Paved/Diamonds,Traditional/Special,None,13.815511557963774
https://watchbase.com/cartier/rotonde-de-cartier/w1580001,cartier,Rotonde de Cartier,No,Gold Variants,Sapphire,Round,XL,Basic,Silver/White,Sword-style,Roman Numerals,10.5610334618531
https://watchbase.com/cartier/rotonde-de-cartier/w1556239,cartier,Rotonde de Cartier,No,Gold Variants,Sapphire,Round,L,Basic,Blue,Traditional/Special,Roman Numerals,10.106469212026385
https://watchbase.com/cartier/rotonde-de-cartier/w1556238,cartier,Rotonde de Cartier,No,Gold Variants,Sapphire,Round,L,Basic,Silver/White,Traditional/Special,Roman Numerals,10.043292972227004
https://watchbase.com/cartier/rotonde-de-cartier/w1556252,cartier,Rotonde de Cartier,No,Gold Variants,Sapphire,Round,L,Basic,Silver/White,Sword-style,Roman Numerals,9.942756341456828
https://watchbase.com/cartier/rotonde-de-cartier/w1556368,cartier,Rotonde de Cartier,No,Steel,Sapphire,Round,L,Basic,Silver/White,Sword-style,Roman Numerals,9.099520536870939
https://watchbase.com/cartier/rotonde-de-cartier/w1556223,cartier,Rotonde de Cartier,No,Gold Variants,Sapphire,Round,L,Basic,Silver/White,Sword-style,Roman Numerals,10.950824090522445
https://watchbase.com/cartier/rotonde-de-cartier/w1580002,cartier,Rotonde de Cartier,No,Gold Variants,Sapphire,Round,XL,Basic,Grey/Brown,Sword-style,Roman Numerals,10.628641991731053
https://watchbase.com/cartier/rotonde-de-cartier/whro0002,cartier,Rotonde de Cartier,No,Gold Variants,Sapphire,Round,L,Basic,Silver/White,Sword-style,Roman Numerals,10.448743588106625
https://watchbase.com/cartier/rotonde-de-cartier/w1556369,cartier,Rotonde de Cartier,No,Gold Variants,Sapphire,Round,L,Basic,Silver/White,Sword-style,Roman Numerals,8.993551586299981
https://watchbase.com/cartier/rotonde-de-cartier/wsro0002,cartier,Rotonde de Cartier,No,Steel,Sapphire,Round,L,Basic,Silver/White,Traditional/Special,Roman Numerals,9.082620630373812
https://watchbase.com/cartier/calibre-de-cartier/wgca0009,cartier,Calibre de Cartier,No,Gold Variants,Sapphire,Round,L,Professional,Blue,Sword-style,Mixed,10.177362240256695
https://watchbase.com/cartier/ballon-blue-de-cartier/w6920095,cartier,Ballon Blue de Cartier,No,Steel,Sapphire,Round,L,Basic,Silver/White,Sword-style,Roman Numerals,9.220389707829185
https://watchbase.com/cartier/ballon-blue-de-cartier/w6920033,cartier,Ballon Blue de Cartier,No,Synthetic,Sapphire,Round,M,Basic,Colorful,Sword-style,Roman Numerals,9.059633754551479
https://watchbase.com/cartier/ballon-blue-de-cartier/wgbb0016,cartier,Ballon Blue de Cartier,No,Gold Variants,Sapphire,Round,L,Basic,Silver/White,Sword-style,Roman Numerals,10.442929787247998
https://watchbase.com/cartier/ballon-blue-de-cartier/w6920037,cartier,Ballon Blue de Cartier,No,Gold Variants,Sapphire,Round,L,Basic,Grey/Brown,Sword-style,Roman Numerals,9.809231816610408
https://watchbase.com/cartier/ballon-blue-de-cartier/w6920042,cartier,Ballon Blue de Cartier,No,Steel,Sapphire,Round,L,Basic,Black,Sword-style,Roman Numerals,8.787372988731876
https://watchbase.com/cartier/ballon-blue-de-cartier/w6920047,cartier,Ballon Blue de Cartier,No,Steel,Sapphire,Round,M,Basic,Silver/White,Sword-style,Roman Numerals,9.03013657115323
https://watchbase.com/cartier/ballon-blue-de-cartier/w69017z4,cartier,Ballon Blue de Cartier,No,Steel,Sapphire,Round,M,Basic,Silver/White,Sword-style,Roman Numerals,8.594339400592892
https://watchbase.com/cartier/ballon-blue-de-cartier/w6920105,cartier,Ballon Blue de Cartier,No,Gold Variants,Sapphire,Round,M,Basic,Blue,Sword-style,None,11.6172944892629
https://watchbase.com/cartier/ballon-blue-de-cartier/wsbb0003,cartier,Ballon Blue de Cartier,No,Steel,Sapphire,Round,L,Basic,Black,Sword-style,Roman Numerals,8.699681400989514
https://watchbase.com/cartier/ballon-blue-de-cartier/w6920089,cartier,Ballon Blue de Cartier,No,Gold Variants,Sapphire,Round,L,Basic,Grey/Brown,Sword-style,Roman Numerals,9.692828247710418
https://watchbase.com/cartier/ballon-blue-de-cartier/w6920083,cartier,Ballon Blue de Cartier,No,Gold Variants,Sapphire,Round,L,Basic,Silver/White,Sword-style,Roman Numerals,9.686636660844938
https://watchbase.com/cartier/ballon-blue-de-cartier/w6900651,cartier,Ballon Blue de Cartier,No,Gold Variants,Sapphire,Round,L,Basic,Silver/White,Sword-style,Roman Numerals,9.809231816610408
https://watchbase.com/cartier/ballon-blue-de-cartier/w6920104,cartier,Ballon Blue de Cartier,No,Gold Variants,Sapphire,Round,M,Basic,Grey/Brown,Sword-style,Roman Numerals,11.451060699493427
https://watchbase.com/cartier/ballon-blue-de-cartier/wsbb0015,cartier,Ballon Blue de Cartier,No,Steel,Sapphire,Round,L,Basic,Black,Sword-style,Roman Numerals,8.764209507142004
https://watchbase.com/cartier/ballon-blue-de-cartier/w6920046,cartier,Ballon Blue de Cartier,No,Steel,Sapphire,Round,M,Basic,Silver/White,Sword-style,Roman Numerals,8.674367865788236
https://watchbase.com/cartier/ballon-blue-de-cartier/w69016z4,cartier,Ballon Blue de Cartier,No,Steel,Sapphire,Round,L,Basic,Silver/White,Sword-style,Roman Numerals,8.665785595466064
https://watchbase.com/cartier/ballon-blue-de-cartier/w69012z4,cartier,Ballon Blue de Cartier,No,Steel,Sapphire,Round,L,Basic,Silver/White,Sword-style,Roman Numerals,8.748463629942055
https://watchbase.com/cartier/calibre-de-cartier/wf100013,cartier,Calibre de Cartier,No,Gold Variants,Sapphire,Round,M,Basic,Silver/White,Sword-style,Roman Numerals,10.448743588106625
https://watchbase.com/cartier/calibre-de-cartier/wsca0011,cartier,Calibre de Cartier,No,Steel,Sapphire,Round,L,Professional,Blue,Sword-style,Mixed,8.942591637231851
https://watchbase.com/cartier/calibre-de-cartier/w7100060,cartier,Calibre de Cartier,No,Steel,Sapphire,Round,L,Standard,Black,Sword-style,Mixed,9.19532825185568
https://watchbase.com/cartier/calibre-de-cartier/w7100061,cartier,Calibre de Cartier,No,Steel,Sapphire,Round,L,Standard,Black,Sword-style,Mixed,9.259225769705994
https://watchbase.com/cartier/calibre-de-cartier/w7100043,cartier,Calibre de Cartier,No,Steel,Sapphire,Round,L,Standard,Silver/White,Sword-style,Mixed,9.472781556562168
https://watchbase.com/cartier/calibre-de-cartier/w7100051,cartier,Calibre de Cartier,No,Steel,Sapphire,Round,L,Basic,Grey/Brown,Sword-style,Mixed,9.179984251961283
https://watchbase.com/cartier/calibre-de-cartier/w7100042,cartier,Calibre de Cartier,No,Steel,Sapphire,Round,L,Standard,Silver/White,Sword-style,Mixed,9.62911649414402
https://watchbase.com/cartier/calibre-de-cartier/wf100015,cartier,Calibre de Cartier,No,Gold Variants,Sapphire,Round,M,Basic,Silver/White,Sword-style,Roman Numerals,11.0186455364637
https://watchbase.com/cartier/calibre-de-cartier/wgca0003,cartier,Calibre de Cartier,No,Gold Variants,Sapphire,Round,M,Basic,Silver/White,Sword-style,Roman Numerals,9.862717639992917
https://watchbase.com/cartier/calibre-de-cartier/w7100036,cartier,Calibre de Cartier,No,Steel,Sapphire,Round,L,Basic,Silver/White,Sword-style,Mixed,9.38437770918244
https://watchbase.com/cartier/calibre-de-cartier/wsca0006,cartier,Calibre de Cartier,No,Steel,Sapphire,Round,L,Professional,Black,Sword-style,Mixed,9.076923258535832
https://watchbase.com/cartier/calibre-de-cartier/w2ca0008,cartier,Calibre de Cartier,No,Steel,Sapphire,Round,L,Professional,Blue,Sword-style,Mixed,9.19532825185568
https://watchbase.com/cartier/calibre-de-cartier/w7100040,cartier,Calibre de Cartier,No,Gold Variants,Sapphire,Round,L,Basic,Grey/Brown,Sword-style,Mixed,10.673618922112436
https://watchbase.com/cartier/calibre-de-cartier/w7100009,cartier,Calibre de Cartier,No,Gold Variants,Sapphire,Round,L,Basic,Silver/White,Sword-style,Mixed,10.081675578048475
https://watchbase.com/cartier/calibre-de-cartier/wgca0010,cartier,Calibre de Cartier,No,Gold Variants,Sapphire,Round,L,Professional,Blue,Sword-style,Mixed,10.177362240256695
https://watchbase.com/cartier/calibre-de-cartier/w7100054,cartier,Calibre de Cartier,No,Steel,Sapphire,Round,L,Professional,Black,Sword-style,Mixed,9.401043372798053
https://watchbase.com/cartier/calibre-de-cartier/w7100050,cartier,Calibre de Cartier,No,Steel,Sapphire,Round,L,Basic,Grey/Brown,Sword-style,Mixed,9.38437770918244
https://watchbase.com/cartier/calibre-de-cartier/w7100039,cartier,Calibre de Cartier,No,Steel,Sapphire,Round,L,Basic,Silver/White,Sword-style,Mixed,9.179984251961283
https://watchbase.com/cartier/calibre-de-cartier/w2ca0009,cartier,Calibre de Cartier,No,Steel,Sapphire,Round,L,Professional,Blue,Sword-style,Mixed,9.19532825185568
https://watchbase.com/cartier/calibre-de-cartier/w7100044,cartier,Calibre de Cartier,No,Gold Variants,Sapphire,Round,L,Standard,Silver/White,Sword-style,Mixed,10.221977646629885
https://watchbase.com/cartier/calibre-de-cartier/w7100052,cartier,Calibre de Cartier,No,Gold Variants,Sapphire,Round,L,Professional,Black,Sword-style,Mixed,10.177362240256695
https://watchbase.com/cartier/calibre-de-cartier/w2ca0004,cartier,Calibre de Cartier,No,Steel,Sapphire,Round,L,Professional,Black,Sword-style,Mixed,9.296609807128359
https://watchbase.com/cartier/calibre-de-cartier/w7100057,cartier,Calibre de Cartier,No,Steel,Sapphire,Round,L,Professional,Black,Sword-style,Mixed,9.018089684104343
https://watchbase.com/cartier/calibre-de-cartier/w7100045,cartier,Calibre de Cartier,No,Steel,Sapphire,Round,L,Standard,Silver/White,Sword-style,Mixed,9.259225769705994
https://watchbase.com/cartier/calibre-de-cartier/w7100018,cartier,Calibre de Cartier,No,Gold Variants,Sapphire,Round,L,Basic,Silver/White,Sword-style,Mixed,10.673618922112436
https://watchbase.com/cartier/calibre-de-cartier/w7100055,cartier,Calibre de Cartier,No,Steel,Sapphire,Round,L,Professional,Black,Sword-style,Mixed,9.19532825185568
https://watchbase.com/cartier/calibre-de-cartier/w7100007,cartier,Calibre de Cartier,No,Gold Variants,Sapphire,Round,L,Basic,Grey/Brown,Sword-style,Mixed,9.6678285081515
https://watchbase.com/cartier/calibre-de-cartier/w7100016,cartier,Calibre de Cartier,No,Steel,Sapphire,Round,L,Basic,Black,Sword-style,Mixed,8.936035096566041
https://watchbase.com/cartier/calibre-de-cartier/w7100046,cartier,Calibre de Cartier,No,Steel,Sapphire,Round,L,Standard,Silver/White,Sword-style,Mixed,9.19532825185568
https://watchbase.com/cartier/calibre-de-cartier/w2ca0002,cartier,Calibre de Cartier,No,Steel,Sapphire,Round,M,Basic,Silver/White,Sword-style,Roman Numerals,9.059633754551479
https://watchbase.com/cartier/calibre-de-cartier/w7100056,cartier,Calibre de Cartier,No,Steel,Sapphire,Round,L,Professional,Black,Sword-style,Mixed,8.942591637231851
https://watchbase.com/cartier/calibre-de-cartier/wsca0010,cartier,Calibre de Cartier,No,Steel,Sapphire,Round,L,Professional,Blue,Sword-style,Mixed,8.942591637231851
https://watchbase.com/cartier/calibre-de-cartier/w7100037,cartier,Calibre de Cartier,No,Steel,Sapphire,Round,L,Basic,Silver/White,Sword-style,Mixed,8.839421607620602
https://watchbase.com/cartier/calibre-de-cartier/w7100015,cartier,Calibre de Cartier,No,Steel,Sapphire,Round,L,Basic,Silver/White,Sword-style,Mixed,8.922791623969637
https://watchbase.com/cartier/calibre-de-cartier/wsca0003,cartier,Calibre de Cartier,No,Steel,Sapphire,Round,M,Basic,Silver/White,Sword-style,Roman Numerals,8.732465848349879
https://watchbase.com/cartier/tank/wjta0020,cartier,Tank,No,Gold Variants,Mineral,Rectangular,XS,Basic,Silver/White,Sword-style,Roman Numerals,10.480129006333248
https://watchbase.com/cartier/tank/w5330005,cartier,Tank,No,Gold Variants,Sapphire,Rectangular,M,Basic,Silver/White,Sword-style,Roman Numerals,10.094149233605084
https://watchbase.com/cartier/tank/wgta0043,cartier,Tank,Yes,Gold Variants,Mineral,Rectangular,XS,Basic,Grey/Brown,Sword-style,Mixed,10.357774570341576
https://watchbase.com/cartier/tank/wsta0010,cartier,Tank,No,Steel,Sapphire,Rectangular,M,Basic,Blue,Sword-style,Roman Numerals,8.81744592104187
https://watchbase.com/cartier/tank/wgta0044,cartier,Tank,Yes,Gold Variants,Mineral,Rectangular,XS,Basic,Silver/White,Sword-style,Mixed,10.465984899076615
https://watchbase.com/cartier/tank/w5330001,cartier,Tank,No,Gold Variants,Sapphire,Rectangular,M,Basic,Silver/White,Sword-style,Roman Numerals,9.918425424900335
https://watchbase.com/cartier/tank/w1529856,cartier,Tank,No,Gold Variants,Mineral,Rectangular,XS,Basic,Silver/White,Sword-style,Roman Numerals,9.259225769705994
https://watchbase.com/cartier/tank/w4ta0017,cartier,Tank,No,Steel,Mineral,Rectangular,XS,Basic,Silver/White,Sword-style,Roman Numerals,8.860924729719041
https://watchbase.com/cartier/tank/wgta0014,cartier,Tank,No,Gold Variants,Sapphire,Rectangular,M,Basic,Grey/Brown,Sword-style,Roman Numerals,9.933094897288786
https://watchbase.com/cartier/tank/w5330002,cartier,Tank,No,Gold Variants,Sapphire,Rectangular,M,Basic,Grey/Brown,Sword-style,Roman Numerals,9.918425424900335
https://watchbase.com/cartier/tank/w4ta0016,cartier,Tank,No,Steel,Mineral,Rectangular,XS,Basic,Silver/White,Sword-style,Roman Numerals,8.732465848349879
https://watchbase.com/cartier/tank/w5330008,cartier,Tank,No,Steel,Sapphire,Rectangular,M,Basic,Grey/Brown,Sword-style,Roman Numerals,9.179984251961283
https://watchbase.com/cartier/tank/wgta0092,cartier,Tank,No,Gold Variants,Sapphire,Rectangular,XS,Basic,Grey/Brown,Sword-style,Roman Numerals,9.517898598432753
https://watchbase.com/cartier/tank/wgta0010,cartier,Tank,No,Gold Variants,Mineral,Rectangular,XS,Basic,Silver/White,Sword-style,Roman Numerals,9.38437770918244
https://watchbase.com/cartier/tank/wsta0041,cartier,Tank,No,Steel,Mineral,Rectangular,XS,Basic,Silver/White,Sword-style,Roman Numerals,8.055475141757274
https://watchbase.com/cartier/tank/wjta0021,cartier,Tank,No,Gold Variants,Mineral,Rectangular,XS,Basic,Silver/White,Sword-style,Roman Numerals,10.657282884047461
https://watchbase.com/cartier/tank/wsta0051,cartier,Tank,No,Steel,Mineral,Rectangular,XS,Basic,Silver/White,Sword-style,Roman Numerals,8.146419323098003
https://watchbase.com/cartier/tank/wgta0091,cartier,Tank,No,Gold Variants,Mineral,Rectangular,XS,Basic,Silver/White,Sword-style,Roman Numerals,9.495594499353297
https://watchbase.com/cartier/tank/wsta0052,cartier,Tank,No,Steel,Mineral,Rectangular,XS,Basic,Silver/White,Sword-style,Roman Numerals,8.188966863648876
https://watchbase.com/cartier/tank/wsta0072,cartier,Tank,No,Steel,Mineral,Rectangular,XS,Basic,Black,Sword-style,None,8.101980731853192
https://watchbase.com/cartier/tank/wgta0093,cartier,Tank,No,Gold Variants,Mineral,Rectangular,XS,Basic,Colorful,Sword-style,Roman Numerals,9.517898598432753
https://watchbase.com/cartier/tank/w5330004,cartier,Tank,No,Steel,Sapphire,Rectangular,M,Basic,Black,Sword-style,Roman Numerals,8.787372988731876
https://watchbase.com/cartier/tank/wsta0042,cartier,Tank,No,Steel,Mineral,Rectangular,XS,Basic,Silver/White,Sword-style,Roman Numerals,8.02322468471667
https://watchbase.com/cartier/tank/wgta0042,cartier,Tank,Yes,Platinum,Mineral,Rectangular,XS,Basic,Silver/White,Sword-style,Mixed,10.477316144080852
https://watchbase.com/cartier/tank/wsta0053,cartier,Tank,No,Steel,Mineral,Rectangular,S,Basic,Silver/White,Sword-style,Roman Numerals,8.527341522468053
https://watchbase.com/cartier/tank/wgta0160,cartier,Tank,No,Gold Variants,Mineral,Rectangular,XS,Basic,Black,Sword-style,None,9.495594499353297
https://watchbase.com/cartier/tank/wgta0067,cartier,Tank,No,Gold Variants,Mineral,Rectangular,XS,Basic,Silver/White,Sword-style,Roman Numerals,9.367429587218957
https://watchbase.com/cartier/tank/wsta0071,cartier,Tank,No,Steel,Mineral,Rectangular,XS,Basic,Black,Sword-style,None,8.055475141757274
https://watchbase.com/cartier/tank/w5330007,cartier,Tank,No,Steel,Sapphire,Rectangular,M,Basic,Silver/White,Sword-style,Roman Numerals,9.179984251961283
https://watchbase.com/cartier/tank/wgta0011,cartier,Tank,No,Gold Variants,Mineral,Rectangular,XS,Basic,Silver/White,Sword-style,Roman Numerals,9.495594499353297
https://watchbase.com/cartier/tank/w5330003,cartier,Tank,No,Steel,Sapphire,Rectangular,M,Basic,Silver/White,Sword-style,Roman Numerals,8.787372988731876
https://watchbase.com/cartier/tank/w5200026,cartier,Tank,No,Steel,Sapphire,Rectangular,S,Basic,Silver/White,Sword-style,Roman Numerals,8.974744612722734
https://watchbase.com/cartier/tank/wsta0040,cartier,Tank,No,Steel,Mineral,Rectangular,S,Basic,Silver/White,Sword-style,Roman Numerals,8.423102268016642
https://watchbase.com/cartier/tank/w5200027,cartier,Tank,No,Steel,Sapphire,Rectangular,S,Basic,Silver/White,Sword-style,Roman Numerals,8.101980731853192
https://watchbase.com/cartier/tank/w5200028,cartier,Tank,No,Steel,Sapphire,Rectangular,S,Basic,Silver/White,Sword-style,Roman Numerals,8.174984532943087
https://watchbase.com/breitling/chronomat-28/u72310531a1u1,breitling,Chronomat 28,No,Synthetic,Sapphire,Round,XS,Standard,Silver/White,Stick/Minimalist,Gem-Set Indexes,9.200391041122515
https://watchbase.com/breitling/chronomat-28/a72310101k1a1,breitling,Chronomat 28,No,Steel,Sapphire,Round,XS,Standard,Colorful,Stick/Minimalist,Gem-Set Indexes,8.434028950155469
https://watchbase.com/breitling/chronomat-28/a72310531g1a1,breitling,Chronomat 28,No,Steel,Sapphire,Round,XS,Standard,Black,Stick/Minimalist,Gem-Set Indexes,8.824824939175638
https://watchbase.com/breitling/chronomat-28/a72310101c1a1,breitling,Chronomat 28,No,Steel,Sapphire,Round,XS,Standard,Blue,Stick/Minimalist,Gem-Set Indexes,8.434028950155469
https://watchbase.com/breitling/chronomat-38/a1331053-bd92-772p,breitling,Chronomat 38,No,Steel,Sapphire,Round,M,Standard,Black,Stick/Minimalist,Stick / Dot,9.328212292571072
https://watchbase.com/breitling/chronomat-38/a1331053-a776-720p,breitling,Chronomat 38,No,Steel,Sapphire,Round,M,Standard,Silver/White,Stick/Minimalist,Stick / Dot,9.431962766918454
https://watchbase.com/breitling/chronomat-38/a1331053-bd92-385a,breitling,Chronomat 38,No,Steel,Sapphire,Round,M,Standard,Black,Stick/Minimalist,Stick / Dot,9.375939552625749
https://watchbase.com/breitling/chronomat-38/w1331012-bd92-385a,breitling,Chronomat 38,No,Steel,Sapphire,Round,M,Standard,Black,Stick/Minimalist,Stick / Dot,8.791941988456118
https://watchbase.com/breitling/chronomat-38/w1331012-a776-385a,breitling,Chronomat 38,No,Synthetic,Sapphire,Round,M,Standard,Silver/White,Stick/Minimalist,Gem-Set Indexes,8.991064332188461
https://watchbase.com/breitling/chronomat-38/a1331053a774115x,breitling,Chronomat 38,No,Steel,Sapphire,Round,M,Standard,Silver/White,Stick/Minimalist,Stick / Dot,9.292012520620208
https://watchbase.com/breitling/chronomat-38/a1331053-a776-385a,breitling,Chronomat 38,No,Steel,Sapphire,Round,M,Standard,Silver/White,Stick/Minimalist,Gem-Set Indexes,9.491828300264636
https://watchbase.com/breitling/chronomat-38/w1331012-a774-385a,breitling,Chronomat 38,No,Synthetic,Sapphire,Round,M,Standard,Silver/White,Stick/Minimalist,Stick / Dot,8.791941988456118
https://watchbase.com/breitling/chrono-matic/a1936003ba94146a,breitling,Chrono-Matic,No,Steel,Sapphire,Round,L,Basic,Black,Stick/Minimalist,Stick / Dot,9.117237753713859
https://watchbase.com/breitling/chrono-matic/a1936003ba94746p,breitling,Chrono-Matic,No,Steel,Sapphire,Round,L,Basic,Black,Stick/Minimalist,Stick / Dot,9.097283649683886
https://watchbase.com/breitling/chrono-matic/a1936003ba94441x,breitling,Chrono-Matic,No,Steel,Sapphire,Round,L,Basic,Black,Stick/Minimalist,Stick / Dot,9.061956366209925
https://watchbase.com/breitling/chrono-matic/a1436002-q556,breitling,Chrono-Matic,No,Steel,Sapphire,Round,XXL,Basic,Other,Stick/Minimalist,Stick / Dot,8.754791763700032
https://watchbase.com/breitling/chrono-matic/a1436002-g658,breitling,Chrono-Matic,No,Steel,Sapphire,Round,XXL,Basic,Silver/White,Stick/Minimalist,Stick / Dot,8.754791763700032
https://watchbase.com/breitling/chrono-matic/a1436002-b920,breitling,Chrono-Matic,No,Steel,Sapphire,Round,XXL,Basic,Black,Stick/Minimalist,Stick / Dot,8.714567550836485
https://watchbase.com/breitling/exospace/eb5510h21b1s1,breitling,Exospace,No,Titanium,Sapphire,Round,XL,Standard,Black,Stick/Minimalist,Arabic Numerals,8.826294231241318
https://watchbase.com/breitling/windrider/b7134012-g662,breitling,Windrider,No,Steel,Sapphire,Round,XS,Standard,Silver/White,Stick/Minimalist,Gem-Set Indexes,8.304247465078474
https://watchbase.com/breitling/windrider/b7134012-h544,breitling,Windrider,No,Steel,Sapphire,Round,XS,Standard,Other,Stick/Minimalist,Gem-Set Indexes,9.018089684104343
https://watchbase.com/breitling/windrider/b7134012-a662,breitling,Windrider,No,Synthetic,Sapphire,Round,XS,Standard,Silver/White,Stick/Minimalist,Gem-Set Indexes,8.754791763700032
https://watchbase.com/breitling/windrider/c7134012b926,breitling,Windrider,No,Steel,Sapphire,Round,XS,Standard,Black,Stick/Minimalist,Gem-Set Indexes,8.694669696546992
https://watchbase.com/breitling/windrider/c7134012-g663,breitling,Windrider,No,Steel,Sapphire,Round,XS,Standard,Silver/White,Stick/Minimalist,Gem-Set Indexes,8.694669696546992
https://watchbase.com/breitling/windrider/c7134012-c772,breitling,Windrider,No,Steel,Sapphire,Round,XS,Standard,Blue,Stick/Minimalist,Gem-Set Indexes,8.694669696546992
https://watchbase.com/breitling/windrider/a7134012-b924,breitling,Windrider,No,Steel,Sapphire,Round,XS,Standard,Black,Stick/Minimalist,Gem-Set Indexes,8.240385115516334
https://watchbase.com/breitling/windrider/a7134012-a679,breitling,Windrider,No,Steel,Sapphire,Round,XS,Standard,Silver/White,Stick/Minimalist,Gem-Set Indexes,8.922791623969637
https://watchbase.com/breitling/windrider/c7134012-h545,breitling,Windrider,No,Steel,Sapphire,Round,XS,Standard,Other,Stick/Minimalist,Gem-Set Indexes,9.093918908958932
https://watchbase.com/breitling/windrider/c7134012-a681,breitling,Windrider,No,Synthetic,Sapphire,Round,XS,Standard,Silver/White,Stick/Minimalist,Gem-Set Indexes,9.19023970026918
https://watchbase.com/breitling/windrider/a7134012-c770,breitling,Windrider,No,Steel,Sapphire,Round,XS,Standard,Blue,Stick/Minimalist,Gem-Set Indexes,8.240385115516334
https://watchbase.com/breitling/exospace/eb5510h1-be79-263s-e20dsa-4,breitling,Exospace,No,Titanium,Sapphire,Round,XL,Standard,Black,Stick/Minimalist,Arabic Numerals,8.823353485113792
https://watchbase.com/breitling/exospace/eb5510h11b1e1,breitling,Exospace,No,Titanium,Sapphire,Round,XL,Standard,Black,Stick/Minimalist,Arabic Numerals,8.89439598980643
https://watchbase.com/breitling/exospace/eb5510h21b1e1,breitling,Exospace,No,Titanium,Sapphire,Round,XL,Standard,Black,Stick/Minimalist,Arabic Numerals,8.89439598980643
https://watchbase.com/breitling/exospace/eb5512221b1s1,breitling,Exospace,No,Titanium,Sapphire,Round,XL,Standard,Black,Stick/Minimalist,Arabic Numerals,8.824824939175638
https://watchbase.com/breitling/exospace/eb5510h1-be79-245se20dsa-4,breitling,Exospace,No,Titanium,Sapphire,Round,XL,Standard,Black,Stick/Minimalist,Arabic Numerals,8.823353485113792
https://watchbase.com/breitling/exospace/vb5510h1-be45-263s-v20dsa-4,breitling,Exospace,No,Titanium,Sapphire,Round,XL,Standard,Black,Stick/Minimalist,Arabic Numerals,9.010791269515602
https://watchbase.com/breitling/exospace/vb5510h21b1s1,breitling,Exospace,No,Titanium,Sapphire,Round,XL,Standard,Black,Stick/Minimalist,Arabic Numerals,8.993551586299981
https://watchbase.com/breitling/exospace/eb5512221b1e1,breitling,Exospace,No,Titanium,Sapphire,Round,XL,Standard,Black,Stick/Minimalist,Arabic Numerals,8.895766604056085
https://watchbase.com/breitling/exospace/vb5510h11b1w1,breitling,Exospace,No,Titanium,Sapphire,Round,XL,Standard,Black,Stick/Minimalist,Arabic Numerals,8.865170419651774
https://watchbase.com/breitling/exospace/vb5510h1-be45-245s-v20dsa-4,breitling,Exospace,No,Titanium,Sapphire,Round,XL,Standard,Black,Stick/Minimalist,Arabic Numerals,8.989818381366925
https://watchbase.com/breitling/airwolf/a7836438-f539-748p,breitling,Airwolf,No,Steel,Sapphire,Round,XL,Basic,Grey/Brown,Stick/Minimalist,Mixed,8.301769763117166
https://watchbase.com/breitling/chronoliner/y2431033-q621-443a,breitling,Chronoliner,No,Steel,Sapphire,Round,XL,Standard,Grey/Brown,Stick/Minimalist,Stick / Dot,8.952993499320474
https://watchbase.com/breitling/chronoliner/y2431033-q621-152a,breitling,Chronoliner,No,Steel,Sapphire,Round,XL,Standard,Grey/Brown,Stick/Minimalist,Stick / Dot,8.849513965486398
https://watchbase.com/breitling/chronoliner/y2431012-be10-760p,breitling,Chronoliner,No,Steel,Sapphire,Round,XL,Standard,Black,Stick/Minimalist,Stick / Dot,8.833608482690892
https://watchbase.com/breitling/chronoliner/y2431016-c970-101x,breitling,Chronoliner,No,Steel,Sapphire,Round,XL,Standard,Blue,Stick/Minimalist,Stick / Dot,8.773539383558166
https://watchbase.com/breitling/chronoliner/y2431016-c970-443a,breitling,Chronoliner,No,Steel,Sapphire,Round,XL,Standard,Blue,Stick/Minimalist,Stick / Dot,8.952993499320474
https://watchbase.com/breitling/chronoliner/r2431212-be83-256s,breitling,Chronoliner,Yes,Steel,Sapphire,Round,XL,Standard,Black,Stick/Minimalist,Stick / Dot,10.266775581745106
https://watchbase.com/breitling/chronoliner/y2431033-q621-443x,breitling,Chronoliner,No,Steel,Sapphire,Round,XL,Standard,Grey/Brown,Stick/Minimalist,Stick / Dot,8.773539383558166
https://watchbase.com/breitling/chronoliner/y2431012-be10-152a,breitling,Chronoliner,No,Steel,Sapphire,Round,XL,Standard,Black,Stick/Minimalist,Stick / Dot,8.849513965486398
https://watchbase.com/breitling/chronoliner/m2431013-bf02-267s,breitling,Chronoliner,No,Steel,Sapphire,Round,XL,Standard,Black,Stick/Minimalist,Stick / Dot,8.884748726451182
https://watchbase.com/breitling/chronoliner/m24310an-bf02-267s,breitling,Chronoliner,No,Steel,Sapphire,Round,XL,Standard,Black,Stick/Minimalist,Stick / Dot,9.249657234353133
https://watchbase.com/breitling/chronoliner/y2431012-be10-443a,breitling,Chronoliner,No,Steel,Sapphire,Round,XL,Standard,Black,Stick/Minimalist,Stick / Dot,8.952993499320474
https://watchbase.com/breitling/chronoliner/y2431033-q621-439x,breitling,Chronoliner,No,Steel,Sapphire,Round,XL,Standard,Grey/Brown,Stick/Minimalist,Stick / Dot,8.773539383558166
https://watchbase.com/breitling/chronoliner/y2431016-c970-746p,breitling,Chronoliner,No,Steel,Sapphire,Round,XL,Standard,Blue,Stick/Minimalist,Stick / Dot,8.833608482690892
https://watchbase.com/breitling/chronoliner/m2431013-bf02-159m,breitling,Chronoliner,No,Steel,Sapphire,Round,XL,Standard,Black,Stick/Minimalist,Stick / Dot,8.999742789830492
https://watchbase.com/breitling/chronoliner/y2431016-c970-277s,breitling,Chronoliner,No,Steel,Sapphire,Round,XL,Standard,Blue,Stick/Minimalist,Stick / Dot,8.764209507142004
https://watchbase.com/breitling/chronoliner/y2431033-q621-756p,breitling,Chronoliner,No,Steel,Sapphire,Round,XL,Standard,Grey/Brown,Stick/Minimalist,Stick / Dot,8.833608482690892
https://watchbase.com/breitling/chronoliner/y2431016-c970-152a,breitling,Chronoliner,No,Steel,Sapphire,Round,XL,Standard,Blue,Stick/Minimalist,Stick / Dot,8.849513965486398
https://watchbase.com/breitling/airwolf/a7836434-g653-737p,breitling,Airwolf,No,Steel,Sapphire,Round,XL,Basic,Silver/White,Stick/Minimalist,Mixed,8.301769763117166
https://watchbase.com/breitling/airwolf/a7836423-b911-435x,breitling,Airwolf,No,Steel,Sapphire,Round,XL,Basic,Black,Stick/Minimalist,Mixed,8.224431573221159
https://watchbase.com/breitling/airwolf/a7836334-b911,breitling,Airwolf,No,Steel,Sapphire,Round,XL,Basic,Black,Stick/Minimalist,Mixed,8.019941687677365
https://watchbase.com/breitling/airwolf/a7836434-g653-200s,breitling,Airwolf,No,Steel,Sapphire,Round,XL,Basic,Silver/White,Stick/Minimalist,Mixed,8.213652703029998
https://watchbase.com/breitling/airwolf/a7836423-b911-211s,breitling,Airwolf,No,Steel,Sapphire,Round,XL,Basic,Black,Stick/Minimalist,Mixed,8.213652703029998
https://watchbase.com/breitling/airwolf/a7836438-f539-435x,breitling,Airwolf,No,Steel,Sapphire,Round,XL,Basic,Grey/Brown,Stick/Minimalist,Mixed,8.224431573221159
https://watchbase.com/breitling/airwolf/a7836438-f539-200s,breitling,Airwolf,No,Steel,Sapphire,Round,XL,Basic,Grey/Brown,Stick/Minimalist,Mixed,8.213652703029998
https://watchbase.com/breitling/airwolf/a7836434-g653-435x,breitling,Airwolf,No,Steel,Sapphire,Round,XL,Basic,Silver/White,Stick/Minimalist,Mixed,8.224431573221159
https://watchbase.com/breitling/airwolf/a7836423-b911-748p,breitling,Airwolf,No,Steel,Sapphire,Round,XL,Basic,Black,Stick/Minimalist,Mixed,8.301769763117166
https://watchbase.com/breitling/airwolf/a7836438-f539-140a,breitling,Airwolf,No,Steel,Sapphire,Round,XL,Basic,Grey/Brown,Stick/Minimalist,Mixed,8.30671904320269
https://watchbase.com/breitling/airwolf/a7836334-f539,breitling,Airwolf,No,Steel,Sapphire,Round,XL,Basic,Grey/Brown,Stick/Minimalist,Mixed,8.11701408773731
https://watchbase.com/breitling/airwolf/a7836334-c761,breitling,Airwolf,No,Steel,Sapphire,Round,XL,Basic,Blue,Stick/Minimalist,Mixed,8.11701408773731
https://watchbase.com/breitling/airwolf/a7836334-g653,breitling,Airwolf,No,Steel,Sapphire,Round,XL,Basic,Silver/White,Stick/Minimalist,Mixed,8.11701408773731
https://watchbase.com/breitling/airwolf/a7836423-b911-140a,breitling,Airwolf,No,Steel,Sapphire,Round,XL,Basic,Black,Stick/Minimalist,Mixed,8.309184527686298
https://watchbase.com/breitling/chronomat-32/a77310101a2a1,breitling,Chronomat 32,No,Steel,Sapphire,Round,S,Standard,Silver/White,Stick/Minimalist,Stick / Dot,8.188966863648876
https://watchbase.com/breitling/skyracer/a2736423b823737p,breitling,Skyracer,No,Steel,Sapphire,Round,XL,Professional,Black,Stick/Minimalist,Stick / Dot,8.58876938990546
https://watchbase.com/breitling/skyracer/a2736303b823737p,breitling,Skyracer,No,Steel,Sapphire,Round,XL,Professional,Black,Stick/Minimalist,Stick / Dot,8.58876938990546
https://watchbase.com/breitling/skyracer/a27363a2b823,breitling,Skyracer,No,Steel,Sapphire,Round,XL,Professional,Black,Stick/Minimalist,Stick / Dot,8.592486175451668
https://watchbase.com/breitling/skyracer/a2736423c804731p,breitling,Skyracer,No,Steel,Sapphire,Round,XL,Professional,Blue,Stick/Minimalist,Stick / Dot,8.58876938990546
https://watchbase.com/breitling/skyracer/a2736423c804435x,breitling,Skyracer,No,Steel,Sapphire,Round,XL,Professional,Blue,Stick/Minimalist,Stick / Dot,8.531293315795018
https://watchbase.com/breitling/skyracer/a27363a2b823200s,breitling,Skyracer,No,Steel,Sapphire,Round,XL,Professional,Black,Stick/Minimalist,Stick / Dot,8.523374050491318
https://watchbase.com/breitling/skyracer/a27363a2b823435x,breitling,Skyracer,No,Steel,Sapphire,Round,XL,Professional,Black,Stick/Minimalist,Stick / Dot,8.531293315795018
https://watchbase.com/breitling/skyracer/a2736303b823,breitling,Skyracer,No,Steel,Sapphire,Round,XL,Professional,Black,Stick/Minimalist,Stick / Dot,8.592486175451668
https://watchbase.com/breitling/skyracer/a2736423b823211s,breitling,Skyracer,No,Steel,Sapphire,Round,XL,Professional,Black,Stick/Minimalist,Stick / Dot,8.523374050491318
https://watchbase.com/breitling/skyracer/a27363a2b823737p,breitling,Skyracer,No,Steel,Sapphire,Round,XL,Professional,Black,Stick/Minimalist,Stick / Dot,8.58876938990546
https://watchbase.com/breitling/skyracer/a27363a3b823748p,breitling,Skyracer,No,Steel,Sapphire,Round,XL,Professional,Black,Stick/Minimalist,Stick / Dot,8.58876938990546
https://watchbase.com/breitling/skyracer/a27363a3b823435x,breitling,Skyracer,No,Steel,Sapphire,Round,XL,Professional,Black,Stick/Minimalist,Stick / Dot,8.531293315795018
https://watchbase.com/breitling/skyracer/a27363a3b823,breitling,Skyracer,No,Steel,Sapphire,Round,XL,Professional,Black,Stick/Minimalist,Stick / Dot,8.592486175451668
https://watchbase.com/breitling/skyracer/a2736303b823435x,breitling,Skyracer,No,Steel,Sapphire,Round,XL,Professional,Black,Stick/Minimalist,Stick / Dot,8.531293315795018
https://watchbase.com/breitling/skyracer/a2736423c804,breitling,Skyracer,No,Steel,Sapphire,Round,XL,Professional,Blue,Stick/Minimalist,Stick / Dot,8.621733370690162
https://watchbase.com/breitling/skyracer/a2736423c804211s,breitling,Skyracer,No,Steel,Sapphire,Round,XL,Professional,Blue,Stick/Minimalist,Stick / Dot,8.523374050491318
https://watchbase.com/breitling/skyracer/a2736423f532,breitling,Skyracer,No,Steel,Sapphire,Round,XL,Professional,Grey/Brown,Stick/Minimalist,Stick / Dot,8.621733370690162
https://watchbase.com/breitling/skyracer/a7836434g653140a,breitling,Skyracer,No,Steel,Sapphire,Round,XL,Basic,Silver/White,Stick/Minimalist,Stick / Dot,8.30671904320269
https://watchbase.com/breitling/skyracer/a2736303b823211s,breitling,Skyracer,No,Steel,Sapphire,Round,XL,Professional,Black,Stick/Minimalist,Stick / Dot,8.523374050491318
https://watchbase.com/breitling/skyracer/a27363a3b823131s,breitling,Skyracer,No,Steel,Sapphire,Round,XL,Professional,Black,Stick/Minimalist,Stick / Dot,8.523374050491318
https://watchbase.com/breitling/skyracer/a2736423b823435x,breitling,Skyracer,No,Steel,Sapphire,Round,XL,Professional,Black,Stick/Minimalist,Stick / Dot,8.57376254290413
https://watchbase.com/breitling/skyracer/a2736223-b823,breitling,Skyracer,No,Steel,Sapphire,Round,XL,Professional,Black,Stick/Minimalist,Stick / Dot,8.35490952835879
https://watchbase.com/breitling/skyracer/a2736223-g615,breitling,Skyracer,No,Steel,Sapphire,Round,XL,Professional,Silver/White,Stick/Minimalist,Stick / Dot,8.407601514786142
https://watchbase.com/breitling/skyracer/a2736223-c712,breitling,Skyracer,No,Steel,Sapphire,Round,XL,Professional,Blue,Stick/Minimalist,Stick / Dot,8.416488487294606
https://watchbase.com/breitling/skyracer/a2736223-f532,breitling,Skyracer,No,Steel,Sapphire,Round,XL,Professional,Grey/Brown,Stick/Minimalist,Stick / Dot,8.416488487294606
https://watchbase.com/breitling/skyracer/a2736423b823,breitling,Skyracer,No,Steel,Sapphire,Round,XL,Professional,Black,Stick/Minimalist,Stick / Dot,8.621733370690162
https://watchbase.com/breitling/chronomat-32/a77310101a3a1,breitling,Chronomat 32,No,Steel,Sapphire,Round,S,Standard,Silver/White,Stick/Minimalist,Gem-Set Indexes,8.33110454805304
https://watchbase.com/breitling/chronomat-32/a77310591a1a1,breitling,Chronomat 32,No,Steel,Sapphire,Round,S,Standard,Silver/White,Stick/Minimalist,Gem-Set Indexes,8.832149906002899
https://watchbase.com/breitling/chronomat-32/u77310591a1u1,breitling,Chronomat 32,No,Steel,Sapphire,Round,S,Standard,Silver/White,Stick/Minimalist,Stick / Dot,9.143238568435446
https://watchbase.com/breitling/chronomat-32/u77310101a1u1,breitling,Chronomat 32,No,Steel,Sapphire,Round,S,Standard,Silver/White,Stick/Minimalist,Stick / Dot,8.764209507142004
https://watchbase.com/breitling/chronomat-32/u77310591a2u1,breitling,Chronomat 32,No,Synthetic,Sapphire,Round,S,Standard,Silver/White,Stick/Minimalist,Stick / Dot,9.143238568435446
https://watchbase.com/breitling/chronomat-32/r77310101a1r1,breitling,Chronomat 32,No,Gold Variants,Sapphire,Round,S,Standard,Silver/White,Stick/Minimalist,Stick / Dot,9.875653761606692
https://watchbase.com/breitling/chronomat-32/a773109a1c1a1,breitling,Chronomat 32,Yes,Steel,Sapphire,Round,S,Standard,Blue,Stick/Minimalist,Stick / Dot,8.497194544909547
https://watchbase.com/breitling/chronomat-32/a77310101c1a1,breitling,Chronomat 32,No,Steel,Sapphire,Round,S,Standard,Blue,Stick/Minimalist,Stick / Dot,8.188966863648876
https://watchbase.com/breitling/chronomat-32/a773105a1a1a1,breitling,Chronomat 32,Yes,Steel,Sapphire,Round,S,Standard,Silver/White,Stick/Minimalist,Stick / Dot,8.497194544909547
https://watchbase.com/breitling/chronomat-32/a773101b1c1a1,breitling,Chronomat 32,Yes,Steel,Sapphire,Round,S,Standard,Blue,Stick/Minimalist,Stick / Dot,8.497194544909547
https://watchbase.com/breitling/chronomat-32/a773106a1c1a1,breitling,Chronomat 32,Yes,Steel,Sapphire,Round,S,Standard,Blue,Stick/Minimalist,Stick / Dot,8.497194544909547
https://watchbase.com/breitling/chronomat-32/a773108a1k1a1,breitling,Chronomat 32,Yes,Steel,Sapphire,Round,S,Standard,Colorful,Stick/Minimalist,Stick / Dot,8.497194544909547
https://watchbase.com/breitling/chronomat-32/a773107a1l1a1,breitling,Chronomat 32,Yes,Steel,Sapphire,Round,S,Standard,Colorful,Stick/Minimalist,Stick / Dot,8.497194544909547
https://watchbase.com/breitling/chronomat-36/u10380591a1u1,breitling,Chronomat 36,No,Steel,Sapphire,Round,M,Standard,Silver/White,Stick/Minimalist,Gem-Set Indexes,9.328212292571072
https://watchbase.com/breitling/chronomat-evolution/b1335611-b918,breitling,Chronomat Evolution,No,Steel,Sapphire,Round,XL,Professional,Black,Stick/Minimalist,Roman Numerals,8.560444233410552
https://watchbase.com/breitling/chronomat-evolution/b1335611-a675,breitling,Chronomat Evolution,No,Steel,Sapphire,Round,XL,Professional,Silver/White,Stick/Minimalist,Roman Numerals,8.74687531957003
https://watchbase.com/breitling/chronomat-evolution/c1335611-a647,breitling,Chronomat Evolution,No,Synthetic,Sapphire,Round,XL,Professional,Silver/White,Stick/Minimalist,Gem-Set Indexes,9.474318717728728
https://watchbase.com/breitling/chronomat-evolution/a1335611-a570,breitling,Chronomat Evolution,No,Steel,Sapphire,Round,XL,Professional,Silver/White,Stick/Minimalist,Gem-Set Indexes,9.334414687078109
https://watchbase.com/breitling/chronomat-evolution/c1335611-b821,breitling,Chronomat Evolution,No,Steel,Sapphire,Round,XL,Professional,Black,Stick/Minimalist,Roman Numerals,8.74209519574531
https://watchbase.com/breitling/chronomat-evolution/b1335611-a574,breitling,Chronomat Evolution,No,Steel,Sapphire,Round,XL,Professional,Silver/White,Stick/Minimalist,Arabic Numerals,8.560444233410552
https://watchbase.com/breitling/chronomat-evolution/c1335611-a619,breitling,Chronomat Evolution,No,Steel,Sapphire,Round,XL,Professional,Silver/White,Stick/Minimalist,Roman Numerals,9.10063710688422
https://watchbase.com/breitling/chronomat-evolution/b1335611-c646,breitling,Chronomat Evolution,No,Steel,Sapphire,Round,XL,Professional,Blue,Stick/Minimalist,Stick / Dot,8.97727273946428
https://watchbase.com/breitling/chronomat-evolution/k1335611-g570,breitling,Chronomat Evolution,No,Gold Variants,Sapphire,Round,XL,Professional,Silver/White,Stick/Minimalist,Stick / Dot,9.766005509214866
https://watchbase.com/breitling/chronomat-evolution/a1335611-a573,breitling,Chronomat Evolution,No,Steel,Sapphire,Round,XL,Professional,Silver/White,Stick/Minimalist,Arabic Numerals,8.382747094863314
https://watchbase.com/breitling/chronomat-evolution/b1335611-k521,breitling,Chronomat Evolution,No,Steel,Sapphire,Round,XL,Professional,Other,Stick/Minimalist,Roman Numerals,8.97727273946428
https://watchbase.com/breitling/chronomat-evolution/a1335611-c749,breitling,Chronomat Evolution,No,Steel,Sapphire,Round,XL,Professional,Blue,Stick/Minimalist,Roman Numerals,8.601718146485926
https://watchbase.com/breitling/chronomat-evolution/k1335611-b723,breitling,Chronomat Evolution,No,Gold Variants,Sapphire,Round,XL,Professional,Black,Stick/Minimalist,Arabic Numerals,10.473930231870588
https://watchbase.com/breitling/chronomat-evolution/a1335611-b898,breitling,Chronomat Evolution,No,Steel,Sapphire,Round,XL,Professional,Black,Stick/Minimalist,Roman Numerals,8.449128460502108
https://watchbase.com/breitling/chronomat-evolution/b1335611-a571,breitling,Chronomat Evolution,No,Synthetic,Sapphire,Round,XL,Professional,Silver/White,Stick/Minimalist,Stick / Dot,8.653645314551737
https://watchbase.com/breitling/chronomat-evolution/b1335611-k505,breitling,Chronomat Evolution,No,Steel,Sapphire,Round,XL,Professional,Other,Stick/Minimalist,Stick / Dot,8.616314282284044
https://watchbase.com/breitling/chronomat-evolution/b1335611-g570,breitling,Chronomat Evolution,No,Steel,Sapphire,Round,XL,Professional,Silver/White,Stick/Minimalist,Stick / Dot,8.97727273946428
https://watchbase.com/breitling/chronomat-evolution/c1335611-k515,breitling,Chronomat Evolution,No,Steel,Sapphire,Round,XL,Professional,Other,Stick/Minimalist,Roman Numerals,8.788898309344878
https://watchbase.com/breitling/chronomat-evolution/a1335611-e519,breitling,Chronomat Evolution,No,Steel,Sapphire,Round,XL,Professional,Grey/Brown,Stick/Minimalist,Stick / Dot,8.601718146485926
https://watchbase.com/breitling/chronomat-evolution/b1335611-c648,breitling,Chronomat Evolution,No,Steel,Sapphire,Round,XL,Professional,Blue,Stick/Minimalist,Arabic Numerals,8.97727273946428
https://watchbase.com/breitling/chronomat-evolution/a1335611-b721,breitling,Chronomat Evolution,No,Steel,Sapphire,Round,XL,Professional,Black,Stick/Minimalist,Arabic Numerals,8.601718146485926
https://watchbase.com/breitling/chronomat-evolution/a1335611-m512,breitling,Chronomat Evolution,No,Steel,Sapphire,Round,XL,Professional,Grey/Brown,Stick/Minimalist,Stick / Dot,8.601718146485926
https://watchbase.com/breitling/chronomat-evolution/a1335611-a653,breitling,Chronomat Evolution,No,Steel,Sapphire,Round,XL,Professional,Silver/White,Stick/Minimalist,Roman Numerals,8.382747094863314
https://watchbase.com/breitling/chronomat-evolution/c1335611-c710,breitling,Chronomat Evolution,No,Steel,Sapphire,Round,XL,Professional,Blue,Stick/Minimalist,Roman Numerals,9.10063710688422
https://watchbase.com/breitling/chronomat-evolution/a1335611-c645,breitling,Chronomat Evolution,No,Steel,Sapphire,Round,XL,Professional,Blue,Stick/Minimalist,Stick / Dot,8.601718146485926
https://watchbase.com/breitling/chronomat-evolution/a1335611-b719,breitling,Chronomat Evolution,No,Steel,Sapphire,Round,XL,Professional,Black,Stick/Minimalist,Stick / Dot,8.431853144249223
https://watchbase.com/breitling/chronomat-evolution/b1335611-b720,breitling,Chronomat Evolution,No,Steel,Sapphire,Round,XL,Professional,Black,Stick/Minimalist,Stick / Dot,8.560444233410552
https://watchbase.com/breitling/chronomat-evolution/a1335611-f517,breitling,Chronomat Evolution,No,Steel,Sapphire,Round,XL,Professional,Grey/Brown,Stick/Minimalist,Stick / Dot,8.382747094863314
https://watchbase.com/breitling/chronomat-36/g10380591c1s1,breitling,Chronomat 36,No,Steel,Sapphire,Round,M,Standard,Blue,Stick/Minimalist,Gem-Set Indexes,9.179984251961283
https://watchbase.com/breitling/chronomat-36/u10380101a2,breitling,Chronomat 36,No,Synthetic,Sapphire,Round,M,Standard,Silver/White,Stick/Minimalist,Stick / Dot,9.116139576577355
https://watchbase.com/breitling/chronomat-36/u10380611l1p1,breitling,Chronomat 36,No,Steel,Sapphire,Round,M,Standard,Colorful,Stick/Minimalist,Stick / Dot,9.220389707829185
https://watchbase.com/breitling/chronomat-36/u10380591k1u1,breitling,Chronomat 36,No,Steel,Sapphire,Round,M,Standard,Colorful,Stick/Minimalist,Gem-Set Indexes,9.328212292571072
https://watchbase.com/breitling/chronomat-36/a10380591l1a1,breitling,Chronomat 36,No,Steel,Sapphire,Round,M,Standard,Colorful,Stick/Minimalist,Gem-Set Indexes,9.018089684104343
https://watchbase.com/breitling/chronomat-36/u10380611l1u1,breitling,Chronomat 36,No,Steel,Sapphire,Round,M,Standard,Colorful,Stick/Minimalist,Stick / Dot,9.401043372798053
https://watchbase.com/breitling/chronomat-36/a10380591a1a1,breitling,Chronomat 36,No,Steel,Sapphire,Round,M,Standard,Silver/White,Stick/Minimalist,Gem-Set Indexes,9.018089684104343
https://watchbase.com/breitling/chronomat-36/g10380611c1p1,breitling,Chronomat 36,No,Steel,Sapphire,Round,M,Standard,Blue,Stick/Minimalist,Gem-Set Indexes,9.259225769705994
https://watchbase.com/breitling/chronomat-36/u10380101a1u1,breitling,Chronomat 36,No,Steel,Sapphire,Round,M,Standard,Silver/White,Stick/Minimalist,Stick / Dot,8.968396191198256
https://watchbase.com/breitling/chronomat-36/r10380101a1r1,breitling,Chronomat 36,No,Gold Variants,Sapphire,Round,M,Standard,Silver/White,Stick/Minimalist,Stick / Dot,10.100328195429285
https://watchbase.com/breitling/chronomat-36/a10380611c1p1,breitling,Chronomat 36,No,Steel,Sapphire,Round,M,Standard,Blue,Stick/Minimalist,Gem-Set Indexes,8.999742789830492
https://watchbase.com/breitling/chronomat-36/a10380101a2a1,breitling,Chronomat 36,No,Steel,Sapphire,Round,M,Standard,Silver/White,Stick/Minimalist,Gem-Set Indexes,8.507344855361422
https://watchbase.com/breitling/chronomat-36/g10380bb1k1g1,breitling,Chronomat 36,No,Synthetic,Sapphire,Round,M,Standard,Silver/White,Stick/Minimalist,Gem-Set Indexes,9.433563920090563
https://watchbase.com/breitling/chronomat-36/g10380611c1g1,breitling,Chronomat 36,No,Steel,Sapphire,Round,M,Standard,Blue,Stick/Minimalist,Gem-Set Indexes,9.433563920090563
https://watchbase.com/breitling/chronomat-36/g10380591c1g1,breitling,Chronomat 36,No,Steel,Sapphire,Round,M,Standard,Blue,Stick/Minimalist,Gem-Set Indexes,9.468928284223587
https://watchbase.com/breitling/chronomat-36/u10380591a2u1,breitling,Chronomat 36,No,Synthetic,Sapphire,Round,M,Standard,Silver/White,Stick/Minimalist,Gem-Set Indexes,9.328212292571072
https://watchbase.com/breitling/chronomat-36/a10380611l1p1,breitling,Chronomat 36,No,Steel,Sapphire,Round,M,Standard,Colorful,Stick/Minimalist,Gem-Set Indexes,8.999742789830492
https://watchbase.com/breitling/chronomat-36/a10380611a1p1,breitling,Chronomat 36,No,Steel,Sapphire,Round,M,Standard,Grey/Brown,Stick/Minimalist,Gem-Set Indexes,8.999742789830492
https://watchbase.com/breitling/chronomat-36/a10380101l1a1,breitling,Chronomat 36,No,Steel,Sapphire,Round,M,Standard,Colorful,Stick/Minimalist,Stick / Dot,8.38958706681109
https://watchbase.com/breitling/chronomat-36/g10380bb1k1p1,breitling,Chronomat 36,No,Synthetic,Sapphire,Round,M,Standard,Silver/White,Stick/Minimalist,Gem-Set Indexes,9.259225769705994
https://watchbase.com/breitling/chronomat-36/a10380101a3a1,breitling,Chronomat 36,No,Steel,Sapphire,Round,M,Standard,Silver/White,Stick/Minimalist,Stick / Dot,8.38958706681109
https://watchbase.com/breitling/chronomat-36/a10380101c1a1,breitling,Chronomat 36,No,Steel,Sapphire,Round,M,Standard,Blue,Stick/Minimalist,Stick / Dot,8.38958706681109
https://watchbase.com/breitling/superocean-heritage-57/u10370121b1a1,breitling,Superocean Heritage '57,No,Steel,Sapphire,Round,L,Standard,Black,Sword-style,Stick / Dot,8.594339400592892
https://watchbase.com/breitling/cockpit-b50/vb501019-c932-261s-v20dsa-4,breitling,Cockpit B50,No,Titanium,Sapphire,Round,XL,Standard,Blue,Stick/Minimalist,Arabic Numerals,9.010791269515602
https://watchbase.com/breitling/cockpit-b50/vb5010a4-bd41-176v,breitling,Cockpit B50,No,Titanium,Sapphire,Round,XL,Standard,Black,Stick/Minimalist,Arabic Numerals,9.06773940337716
https://watchbase.com/breitling/cockpit-b50/vb5010a4-bd41-100w-m20basa-1,breitling,Cockpit B50,No,Titanium,Sapphire,Round,XL,Standard,Black,Stick/Minimalist,Arabic Numerals,8.826294231241318
https://watchbase.com/breitling/cockpit-b50/eb501019-c904-100w-a20basa-1,breitling,Cockpit B50,No,Titanium,Sapphire,Round,XL,Standard,Blue,Stick/Minimalist,Arabic Numerals,8.601718146485926
https://watchbase.com/breitling/cockpit-b50/eb5010221b1w1,breitling,Cockpit B50,No,Titanium,Sapphire,Round,XL,Standard,Black,Stick/Minimalist,Arabic Numerals,8.601718146485926
https://watchbase.com/breitling/cockpit-b50/vb5010221b1w1,breitling,Cockpit B50,No,Titanium,Sapphire,Round,XL,Standard,Black,Stick/Minimalist,Arabic Numerals,8.759511722116489
https://watchbase.com/breitling/cockpit-b50/eb501019-c904-160s-e20dsa-4,breitling,Cockpit B50,No,Titanium,Sapphire,Round,XL,Standard,Blue,Stick/Minimalist,Arabic Numerals,8.660600654710967
https://watchbase.com/breitling/cockpit-b50/eb5010b1-m532-155s-e20dsa-4,breitling,Cockpit B50,No,Titanium,Sapphire,Round,XL,Standard,Grey/Brown,Stick/Minimalist,Arabic Numerals,8.660600654710967
https://watchbase.com/breitling/cockpit-b50/vb5010a4-bd41-242s-v20dsa-4,breitling,Cockpit B50,No,Titanium,Sapphire,Round,XL,Standard,Black,Stick/Minimalist,Arabic Numerals,8.955577146281511
https://watchbase.com/breitling/cockpit-b50/eb5010b1-m532-100w-a20basa-1,breitling,Cockpit B50,No,Titanium,Sapphire,Round,XL,Standard,Grey/Brown,Stick/Minimalist,Arabic Numerals,8.601718146485926
https://watchbase.com/breitling/cockpit-b50/vb5010a5-bd41-176v,breitling,Cockpit B50,No,Titanium,Sapphire,Round,XL,Standard,Black,Stick/Minimalist,Arabic Numerals,9.06773940337716
https://watchbase.com/breitling/cockpit-b50/vb5010ax-l530-292s-v20dsa-4,breitling,Cockpit B50,Yes,Titanium,Sapphire,Round,XL,Standard,Colorful,Stick/Minimalist,Arabic Numerals,9.947073723199049
https://watchbase.com/breitling/cockpit-b50/vb501019-c932-176v,breitling,Cockpit B50,No,Titanium,Sapphire,Round,XL,Standard,Blue,Stick/Minimalist,Arabic Numerals,9.117237753713859
https://watchbase.com/breitling/cockpit-b50/vb5010a5-bd41-241s-v20dsa-2,breitling,Cockpit B50,No,Titanium,Sapphire,Round,XL,Standard,Black,Stick/Minimalist,Arabic Numerals,8.955577146281511
https://watchbase.com/breitling/cockpit-b50/eb5010b1-m532-176e,breitling,Cockpit B50,No,Titanium,Sapphire,Round,XL,Standard,Grey/Brown,Stick/Minimalist,Arabic Numerals,8.775085935057266
https://watchbase.com/breitling/cockpit-b50/vb5010d3-l530-176v,breitling,Cockpit B50,No,Titanium,Sapphire,Round,XL,Standard,Colorful,Stick/Minimalist,Arabic Numerals,9.164401140034737
https://watchbase.com/breitling/cockpit-b50/vb5010d3-l530-292s-v20dsa-4,breitling,Cockpit B50,No,Titanium,Sapphire,Round,XL,Standard,Colorful,Stick/Minimalist,Arabic Numerals,9.063115652219658
https://watchbase.com/breitling/cockpit-b50/eb5010221b1s1,breitling,Cockpit B50,No,Titanium,Sapphire,Round,XL,Standard,Black,Stick/Minimalist,Arabic Numerals,8.66406026722579
https://watchbase.com/breitling/cockpit-b50/vb5010aw-bd41-155s-v20dsa-4,breitling,Cockpit B50,Yes,Titanium,Sapphire,Round,XL,Standard,Black,Stick/Minimalist,Arabic Numerals,9.853824507517027
https://watchbase.com/breitling/cockpit-b50/eb501019-c904-176e,breitling,Cockpit B50,No,Titanium,Sapphire,Round,XL,Standard,Blue,Stick/Minimalist,Arabic Numerals,8.775085935057266
https://watchbase.com/breitling/cockpit-b50/eb5010221b1e1,breitling,Cockpit B50,No,Titanium,Sapphire,Round,XL,Standard,Black,Stick/Minimalist,Arabic Numerals,8.776630098427717
https://watchbase.com/breitling/cockpit-b50/vb5010ay-a805-291s-v20dsa-4,breitling,Cockpit B50,Yes,Titanium,Sapphire,Round,XL,Standard,Silver/White,Stick/Minimalist,Arabic Numerals,9.888932134526929
https://watchbase.com/breitling/cockpit-b50/vb5010221b1s1,breitling,Cockpit B50,No,Titanium,Sapphire,Round,XL,Standard,Black,Stick/Minimalist,Arabic Numerals,8.860924729719041
https://watchbase.com/breitling/cockpit-b50/vb5010au-i525-155s-v20dsa-4,breitling,Cockpit B50,Yes,Titanium,Sapphire,Round,XL,Standard,Colorful,Stick/Minimalist,Arabic Numerals,9.853824507517027
https://watchbase.com/breitling/cockpit-b50/vb501022-bd41-176v,breitling,Cockpit B50,No,Titanium,Sapphire,Round,XL,Standard,Black,Stick/Minimalist,Arabic Numerals,9.018089684104343
https://watchbase.com/breitling/superocean-heritage-57/a10370121b1x2,breitling,Superocean Heritage '57,No,Steel,Sapphire,Round,L,Standard,Black,Sword-style,Stick / Dot,8.37816098272068
https://watchbase.com/breitling/superocean-heritage-57/a10370161c1x1,breitling,Superocean Heritage '57,No,Steel,Sapphire,Round,L,Standard,Blue,Sword-style,Stick / Dot,8.323851131338817
https://watchbase.com/breitling/superocean-heritage-57/u10370121b1x1,breitling,Superocean Heritage '57,No,Steel,Sapphire,Round,L,Standard,Black,Sword-style,Stick / Dot,8.507344855361422
https://watchbase.com/breitling/superocean-heritage-57/u10370121b1x2,breitling,Superocean Heritage '57,No,Steel,Sapphire,Round,L,Standard,Black,Sword-style,Stick / Dot,8.552753366814787
https://watchbase.com/breitling/superocean-heritage-57/a103701a1b1x2,breitling,Superocean Heritage '57,Yes,Steel,Sapphire,Round,L,Standard,Black,Sword-style,Stick / Dot,8.418697944667139
https://watchbase.com/breitling/superocean-heritage-57/a103701a1b1a1,breitling,Superocean Heritage '57,Yes,Steel,Sapphire,Round,L,Standard,Black,Sword-style,Stick / Dot,8.46611040118692
https://watchbase.com/breitling/superocean-heritage-57/a10340a41a1x1,breitling,Superocean Heritage '57,No,Steel,Sapphire,Round,M,Standard,Other,Sword-style,Stick / Dot,8.37816098272068
https://watchbase.com/breitling/superocean-heritage-57/a103702a1c1x2,breitling,Superocean Heritage '57,Yes,Steel,Sapphire,Round,L,Standard,Blue,Sword-style,Stick / Dot,8.418697944667139
https://watchbase.com/breitling/superocean-heritage-57/a103702a1c1x1,breitling,Superocean Heritage '57,Yes,Steel,Sapphire,Round,L,Standard,Blue,Sword-style,Stick / Dot,8.366602832783736
https://watchbase.com/breitling/superocean-heritage-57/a10370161c1a1,breitling,Superocean Heritage '57,No,Steel,Sapphire,Round,L,Standard,Blue,Sword-style,Stick / Dot,8.427487278331744
https://watchbase.com/breitling/superocean-heritage-57/a103703a1q1w1,breitling,Superocean Heritage '57,No,Steel,Sapphire,Round,L,Standard,Grey/Brown,Sword-style,Stick / Dot,8.323851131338817
https://watchbase.com/breitling/superocean-heritage-57/a103702a1c1a1,breitling,Superocean Heritage '57,Yes,Steel,Sapphire,Round,L,Standard,Blue,Sword-style,Stick / Dot,8.46611040118692
https://watchbase.com/breitling/superocean-heritage-57/a10340a71a1x1,breitling,Superocean Heritage '57,No,Steel,Sapphire,Round,M,Standard,Silver/White,Sword-style,Stick / Dot,8.37816098272068
https://watchbase.com/breitling/superocean-heritage-57/a10340a11a1x1,breitling,Superocean Heritage '57,No,Steel,Sapphire,Round,M,Standard,Silver/White,Sword-style,Stick / Dot,8.418697944667139
https://watchbase.com/breitling/superocean-heritage-57/u10340e31a1a1,breitling,Superocean Heritage '57,No,Steel,Sapphire,Round,L,Standard,Grey/Brown,Sword-style,Stick / Dot,8.732465848349879
https://watchbase.com/breitling/superocean-heritage-57/u10340281i1a1,breitling,Superocean Heritage '57,No,Steel,Sapphire,Round,L,Standard,Colorful,Sword-style,Stick / Dot,8.732465848349879
https://watchbase.com/breitling/superocean-heritage-57/u103701a1q1w1,breitling,Superocean Heritage '57,Yes,Steel,Sapphire,Round,L,Standard,Grey/Brown,Sword-style,Stick / Dot,8.507344855361422
https://watchbase.com/breitling/superocean-heritage-57/a10340161c1x1,breitling,Superocean Heritage '57,No,Steel,Sapphire,Round,M,Standard,Blue,Sword-style,Stick / Dot,8.37816098272068
https://watchbase.com/breitling/superocean-heritage-57/a10370161c1p2,breitling,Superocean Heritage '57,No,Steel,Sapphire,Round,L,Standard,Blue,Sword-style,Stick / Dot,8.412054873292933
https://watchbase.com/breitling/superocean-heritage-57/a10370121b1x1,breitling,Superocean Heritage '57,No,Steel,Sapphire,Round,L,Standard,Black,Sword-style,Stick / Dot,8.323851131338817
https://watchbase.com/breitling/superocean-heritage-57/a10340361l1x1,breitling,Superocean Heritage '57,No,Steel,Sapphire,Round,M,Standard,Colorful,Sword-style,Stick / Dot,8.37816098272068
https://watchbase.com/breitling/superocean-heritage-57/u10340361l1a1,breitling,Superocean Heritage '57,No,Steel,Sapphire,Round,L,Standard,Colorful,Sword-style,Stick / Dot,8.732465848349879
https://watchbase.com/breitling/superocean-heritage-57/u10340161c1a1,breitling,Superocean Heritage '57,No,Steel,Sapphire,Round,L,Standard,Blue,Sword-style,Stick / Dot,8.732465848349879
https://watchbase.com/breitling/superocean-heritage-57/a103701a1b1x1,breitling,Superocean Heritage '57,Yes,Steel,Sapphire,Round,L,Standard,Black,Sword-style,Stick / Dot,8.366602832783736
https://watchbase.com/breitling/superocean-heritage-57/a10370121b1a1,breitling,Superocean Heritage '57,No,Steel,Sapphire,Round,L,Standard,Black,Sword-style,Stick / Dot,8.427487278331744
https://watchbase.com/breitling/cockpit/b4935011h539,breitling,Cockpit,No,Steel,Sapphire,Round,L,Professional,Other,Stick/Minimalist,Roman Numerals,8.646641258603124
https://watchbase.com/breitling/chronomat-40-gmt/a32398101a1a1,breitling,Chronomat 40 GMT,No,Steel,Sapphire,Round,L,Standard,Silver/White,Stick/Minimalist,Stick / Dot,8.621733370690162
https://watchbase.com/breitling/chronomat-40-gmt/a323989b1c1a1,breitling,Chronomat 40 GMT,Yes,Steel,Sapphire,Round,L,Standard,Blue,Stick/Minimalist,Stick / Dot,8.691314551644853
https://watchbase.com/breitling/chronomat-40-gmt/a32398101m1a1,breitling,Chronomat 40 GMT,No,Steel,Sapphire,Round,L,Standard,Grey/Brown,Stick/Minimalist,Stick / Dot,8.621733370690162
https://watchbase.com/breitling/chronomat-40-gmt/a323981c1c1a1,breitling,Chronomat 40 GMT,Yes,Steel,Sapphire,Round,L,Standard,Blue,Stick/Minimalist,Stick / Dot,8.691314551644853
https://watchbase.com/breitling/chronomat-40-gmt/a323987b1l1a1,breitling,Chronomat 40 GMT,Yes,Steel,Sapphire,Round,L,Standard,Colorful,Stick/Minimalist,Stick / Dot,8.691314551644853
https://watchbase.com/breitling/chronomat-40-gmt/a323985b1a1a1,breitling,Chronomat 40 GMT,Yes,Steel,Sapphire,Round,L,Standard,Silver/White,Stick/Minimalist,Stick / Dot,8.691314551644853
https://watchbase.com/breitling/chronomat-40-gmt/a32398101b1a1,breitling,Chronomat 40 GMT,No,Steel,Sapphire,Round,L,Standard,Black,Stick/Minimalist,Stick / Dot,8.621733370690162
https://watchbase.com/breitling/chronomat-40-gmt/a32398101c1a1,breitling,Chronomat 40 GMT,No,Steel,Sapphire,Round,L,Standard,Blue,Stick/Minimalist,Stick / Dot,8.621733370690162
https://watchbase.com/breitling/chronomat-40-gmt/p32398101c1s1,breitling,Chronomat 40 GMT,Yes,Steel,Sapphire,Round,L,Standard,Blue,Stick/Minimalist,Stick / Dot,8.922791623969637
https://watchbase.com/breitling/chronomat-40-gmt/a32398101l1,breitling,Chronomat 40 GMT,No,Steel,Sapphire,Round,L,Standard,Colorful,Stick/Minimalist,Stick / Dot,8.621733370690162
https://watchbase.com/breitling/chronomat-40-gmt/a32398a11l1a1,breitling,Chronomat 40 GMT,No,Steel,Sapphire,Round,L,Standard,Colorful,Stick/Minimalist,Stick / Dot,8.691314551644853
https://watchbase.com/breitling/chronomat-40-gmt/p32398101c1s2,breitling,Chronomat 40 GMT,Yes,Steel,Sapphire,Round,L,Standard,Blue,Stick/Minimalist,Stick / Dot,8.929435283803425
https://watchbase.com/breitling/chronomat-40-gmt/a323988b1k1a1,breitling,Chronomat 40 GMT,Yes,Steel,Sapphire,Round,L,Standard,Colorful,Stick/Minimalist,Stick / Dot,8.691314551644853
https://watchbase.com/breitling/chronomat-40-gmt/a323986b1c1a1,breitling,Chronomat 40 GMT,Yes,Steel,Sapphire,Round,L,Standard,Blue,Stick/Minimalist,Stick / Dot,8.691314551644853
https://watchbase.com/breitling/chronomat-40-gmt/a323986a1c1a1,breitling,Chronomat 40 GMT,Yes,Steel,Sapphire,Round,L,Standard,Blue,Stick/Minimalist,Stick / Dot,8.682877107057168
https://watchbase.com/breitling/cockpit/b7135612-a662,breitling,Cockpit,No,Synthetic,Sapphire,Round,S,Standard,Silver/White,Stick/Minimalist,Roman Numerals,8.045908742270779
https://watchbase.com/breitling/cockpit/a7135612-a663,breitling,Cockpit,No,Steel,Sapphire,Round,S,Standard,Silver/White,Stick/Minimalist,Gem-Set Indexes,8.711278615130434
https://watchbase.com/breitling/cockpit/b4935011a669,breitling,Cockpit,No,Steel,Sapphire,Round,L,Professional,Silver/White,Stick/Minimalist,Roman Numerals,8.119993827725105
https://watchbase.com/breitling/cockpit/c7135612-c754,breitling,Cockpit,No,Steel,Sapphire,Round,S,Standard,Blue,Stick/Minimalist,Roman Numerals,8.045908742270779
https://watchbase.com/breitling/cockpit/c7135612-k519,breitling,Cockpit,No,Steel,Sapphire,Round,S,Standard,Other,Stick/Minimalist,Roman Numerals,8.592486175451668
https://watchbase.com/breitling/cockpit/c4935011a672,breitling,Cockpit,No,Steel,Sapphire,Round,L,Professional,Silver/White,Stick/Minimalist,Gem-Set Indexes,9.14216859187285
https://watchbase.com/breitling/cockpit/b4935011c763,breitling,Cockpit,No,Steel,Sapphire,Round,L,Professional,Blue,Stick/Minimalist,Roman Numerals,8.368925174747135
https://watchbase.com/breitling/cockpit/c4935011a671,breitling,Cockpit,No,Steel,Sapphire,Round,L,Professional,Silver/White,Stick/Minimalist,Roman Numerals,8.321421586897879
https://watchbase.com/breitling/cockpit/b7135612-c760,breitling,Cockpit,No,Steel,Sapphire,Round,S,Standard,Blue,Stick/Minimalist,Roman Numerals,7.848153086199526
https://watchbase.com/breitling/cockpit/a7135612-b903,breitling,Cockpit,No,Steel,Sapphire,Round,S,Standard,Black,Stick/Minimalist,Roman Numerals,7.741099090035366
https://watchbase.com/breitling/cockpit/a7135612-k518,breitling,Cockpit,No,Steel,Sapphire,Round,S,Standard,Other,Stick/Minimalist,Roman Numerals,8.071218539969863
https://watchbase.com/breitling/cockpit/c1335812b899,breitling,Cockpit,No,Steel,Sapphire,Round,M,Standard,Black,Stick/Minimalist,Roman Numerals,8.480736654405622
https://watchbase.com/breitling/cockpit/a1335812a596,breitling,Cockpit,No,Steel,Sapphire,Round,M,Standard,Silver/White,Stick/Minimalist,Roman Numerals,8.163656176168432
https://watchbase.com/breitling/cockpit/b1335812b787,breitling,Cockpit,No,Steel,Sapphire,Round,M,Standard,Black,Stick/Minimalist,Roman Numerals,8.281723990411392
https://watchbase.com/breitling/cockpit/b1335812a598,breitling,Cockpit,No,Steel,Sapphire,Round,M,Standard,Silver/White,Stick/Minimalist,Roman Numerals,8.299285906897275
https://watchbase.com/breitling/cockpit/c1335812a654,breitling,Cockpit,No,Synthetic,Sapphire,Round,M,Standard,Silver/White,Stick/Minimalist,Gem-Set Indexes,9.193295937366925
https://watchbase.com/breitling/cockpit/b7135612-g652,breitling,Cockpit,No,Steel,Sapphire,Round,S,Standard,Silver/White,Stick/Minimalist,Roman Numerals,8.753213480544126
https://watchbase.com/breitling/cockpit/c7135612-b904,breitling,Cockpit,No,Steel,Sapphire,Round,S,Standard,Black,Stick/Minimalist,Roman Numerals,8.045908742270779
https://watchbase.com/breitling/cockpit/b1335812c679,breitling,Cockpit,No,Steel,Sapphire,Round,M,Standard,Blue,Stick/Minimalist,Roman Numerals,8.499232866039245
https://watchbase.com/breitling/cockpit/b4935011b913,breitling,Cockpit,No,Steel,Sapphire,Round,L,Professional,Black,Stick/Minimalist,Roman Numerals,8.188966863648876
https://watchbase.com/breitling/cockpit/c7135612-a658,breitling,Cockpit,No,Synthetic,Sapphire,Round,S,Standard,Silver/White,Stick/Minimalist,Roman Numerals,9.084890521258767
https://watchbase.com/breitling/cockpit/c7135612-g650,breitling,Cockpit,No,Steel,Sapphire,Round,S,Standard,Silver/White,Stick/Minimalist,Roman Numerals,8.026496938945412
https://watchbase.com/breitling/cockpit/a1335812b786,breitling,Cockpit,No,Steel,Sapphire,Round,M,Standard,Black,Stick/Minimalist,Roman Numerals,8.092851027538384
https://watchbase.com/breitling/cockpit/c4935011c764,breitling,Cockpit,No,Steel,Sapphire,Round,L,Professional,Blue,Stick/Minimalist,Roman Numerals,8.321421586897879
https://watchbase.com/breitling/cockpit/a4935011b912,breitling,Cockpit,No,Steel,Sapphire,Round,L,Professional,Black,Stick/Minimalist,Roman Numerals,8.006700845440367
https://watchbase.com/breitling/cockpit/a1335812l510,breitling,Cockpit,No,Steel,Sapphire,Round,M,Standard,Blue,Stick/Minimalist,Roman Numerals,8.347827345782498
https://watchbase.com/breitling/cockpit/a1335812q520,breitling,Cockpit,No,Steel,Sapphire,Round,M,Standard,Grey/Brown,Stick/Minimalist,Roman Numerals,8.347827345782498
https://watchbase.com/breitling/cockpit/c1335812c750,breitling,Cockpit,No,Steel,Sapphire,Round,M,Standard,Blue,Stick/Minimalist,Roman Numerals,8.875007486048396
https://watchbase.com/breitling/cockpit/c4935011h540,breitling,Cockpit,No,Steel,Sapphire,Round,L,Professional,Other,Stick/Minimalist,Roman Numerals,8.77043908654689
https://watchbase.com/breitling/cockpit/a4935011f540,breitling,Cockpit,No,Steel,Sapphire,Round,L,Professional,Grey/Brown,Stick/Minimalist,Roman Numerals,8.281723990411392
https://watchbase.com/breitling/cockpit/a1335812a578,breitling,Cockpit,No,Steel,Sapphire,Round,M,Standard,Silver/White,Stick/Minimalist,Gem-Set Indexes,9.04793908261736
https://watchbase.com/breitling/emergency/v7632530-l527-286s-v20dsa-4,breitling,Emergency,No,Titanium,Sapphire,Round,XXL,Basic,Colorful,Stick/Minimalist,Arabic Numerals,9.841133310789152
https://watchbase.com/breitling/emergency/v76325au-i528-156s-v20dsa-4,breitling,Emergency,No,Titanium,Sapphire,Round,XXL,Basic,Colorful,Stick/Minimalist,Arabic Numerals,10.257343526911063
https://watchbase.com/breitling/emergency/e76325a5-o508-156s-e20dsa-4,breitling,Emergency,No,Titanium,Sapphire,Round,XXL,Basic,Colorful,Stick/Minimalist,Arabic Numerals,9.549024446393997
https://watchbase.com/breitling/emergency/e7632522-bc02-156s-e20dsa-4,breitling,Emergency,No,Titanium,Sapphire,Round,XXL,Basic,Black,Stick/Minimalist,Arabic Numerals,9.549024446393997
https://watchbase.com/breitling/emergency/v76325a4-bc46-246s-v20dsa-4,breitling,Emergency,No,Titanium,Sapphire,Round,XXL,Basic,Black,Stick/Minimalist,Arabic Numerals,9.766005509214866
https://watchbase.com/breitling/emergency/e7632110b576,breitling,Emergency,No,Titanium,Sapphire,Round,L,Basic,Black,Stick/Minimalist,Arabic Numerals,8.634264863002075
https://watchbase.com/breitling/emergency/e76325a4-i520-156s-e20dsa-4,breitling,Emergency,No,Titanium,Sapphire,Round,XXL,Basic,Colorful,Stick/Minimalist,Arabic Numerals,9.549024446393997
https://watchbase.com/breitling/emergency/v7632530-l527-159v,breitling,Emergency,No,Titanium,Sapphire,Round,XXL,Basic,Colorful,Stick/Minimalist,Arabic Numerals,9.89802264710506
https://watchbase.com/breitling/emergency/v76325a5-bc46-234s-v20dsa-4,breitling,Emergency,No,Titanium,Sapphire,Round,XXL,Basic,Black,Stick/Minimalist,Arabic Numerals,9.766005509214866
https://watchbase.com/breitling/emergency/e76325a5-o508-e8017510-b999-165e,breitling,Emergency,No,Titanium,Sapphire,Round,XXL,Basic,Colorful,Stick/Minimalist,Arabic Numerals,9.72978871303306
https://watchbase.com/breitling/emergency/v76325ay-a789-259s-v20dsa-4,breitling,Emergency,No,Titanium,Sapphire,Round,XXL,Basic,Silver/White,Stick/Minimalist,Arabic Numerals,10.286400256173781
https://watchbase.com/breitling/emergency/e7632110o500,breitling,Emergency,No,Titanium,Sapphire,Round,L,Basic,Colorful,Stick/Minimalist,Arabic Numerals,8.493105395887147
https://watchbase.com/breitling/emergency/e7632110c549,breitling,Emergency,No,Titanium,Sapphire,Round,L,Basic,Blue,Stick/Minimalist,Arabic Numerals,8.634264863002075
https://watchbase.com/breitling/emergency/v76325a4-bc46-159v,breitling,Emergency,No,Titanium,Sapphire,Round,XXL,Basic,Black,Stick/Minimalist,Arabic Numerals,9.817439347910675
https://watchbase.com/breitling/emergency/v7632522-bc46-159v,breitling,Emergency,No,Titanium,Sapphire,Round,XXL,Basic,Black,Stick/Minimalist,Arabic Numerals,9.793170328225258
https://watchbase.com/breitling/emergency/e76325a5-o508-159e,breitling,Emergency,No,Titanium,Sapphire,Round,XXL,Basic,Colorful,Stick/Minimalist,Arabic Numerals,9.601097851212073
https://watchbase.com/breitling/emergency/e76325a4-i520-159e,breitling,Emergency,No,Titanium,Sapphire,Round,XXL,Basic,Colorful,Stick/Minimalist,Arabic Numerals,9.601097851212073
https://watchbase.com/breitling/emergency/v7632519-c931-159v,breitling,Emergency,No,Titanium,Sapphire,Round,XXL,Basic,Blue,Stick/Minimalist,Arabic Numerals,9.840600999480937
https://watchbase.com/breitling/emergency/v7632519-c931-260s-v20dsa-4,breitling,Emergency,No,Titanium,Sapphire,Round,XXL,Basic,Blue,Stick/Minimalist,Arabic Numerals,9.790374843904484
https://watchbase.com/breitling/emergency/e76325a4-i520-e8017510-b999-165e,breitling,Emergency,No,Titanium,Sapphire,Round,XXL,Basic,Colorful,Stick/Minimalist,Arabic Numerals,9.72978871303306
https://watchbase.com/breitling/emergency/v7632522-bc46-156s-v20dsa-4,breitling,Emergency,No,Titanium,Sapphire,Round,XXL,Basic,Black,Stick/Minimalist,Arabic Numerals,9.735128070758227
https://watchbase.com/breitling/emergency/e7632110i500,breitling,Emergency,No,Titanium,Sapphire,Round,L,Basic,Colorful,Stick/Minimalist,Arabic Numerals,8.634264863002075
https://watchbase.com/breitling/emergency/e76325221b1e1,breitling,Emergency,No,Titanium,Sapphire,Round,XXL,Basic,Black,Stick/Minimalist,Arabic Numerals,9.62185381861855
https://watchbase.com/breitling/emergency/v76325a5-bc46-159v,breitling,Emergency,No,Titanium,Sapphire,Round,XXL,Basic,Black,Stick/Minimalist,Arabic Numerals,9.817439347910675
https://watchbase.com/breitling/emergency/v76325aw-bc46-156s-v20dsa-4,breitling,Emergency,No,Titanium,Sapphire,Round,XXL,Basic,Black,Stick/Minimalist,Arabic Numerals,10.257343526911063
https://watchbase.com/breitling/emergency/v76325ax-l527-286s-v20dsa-4,breitling,Emergency,No,Titanium,Sapphire,Round,XXL,Basic,Colorful,Stick/Minimalist,Arabic Numerals,10.326170250261358
https://watchbase.com/breitling/emergency/e7632522-bc02-e8017510-b999-165e,breitling,Emergency,No,Titanium,Sapphire,Round,XXL,Basic,Black,Stick/Minimalist,Arabic Numerals,9.72978871303306
https://watchbase.com/breitling/super-chronomat/r17356531g1s1,breitling,Super Chronomat,No,Steel,Sapphire,Round,M,Standard,Silver/White,Stick/Minimalist,Stick / Dot,9.873079890114703
https://watchbase.com/breitling/chronospace/a7836534g705441x,breitling,Chronospace,No,Steel,Sapphire,Round,XXL,Basic,Silver/White,Stick/Minimalist,Mixed,8.261268150577648
https://watchbase.com/breitling/chronospace/a7836534c823441x,breitling,Chronospace,No,Steel,Sapphire,Round,XXL,Basic,Black,Stick/Minimalist,Mixed,8.261268150577648
https://watchbase.com/breitling/chronospace/a7836534c823139s,breitling,Chronospace,No,Steel,Sapphire,Round,XXL,Basic,Black,Stick/Minimalist,Mixed,8.25088114470065
https://watchbase.com/breitling/chronospace/a2336035g718441x,breitling,Chronospace,No,Steel,Sapphire,Round,XL,Professional,Silver/White,Stick/Minimalist,Mixed,8.585038738311304
https://watchbase.com/breitling/chronospace/a2336035ba68167a,breitling,Chronospace,No,Steel,Sapphire,Round,XL,Professional,Black,Stick/Minimalist,Mixed,8.737292112544221
https://watchbase.com/breitling/chronospace/a2336035g718150a,breitling,Chronospace,No,Steel,Sapphire,Round,XL,Professional,Silver/White,Stick/Minimalist,Mixed,8.67265729404031
https://watchbase.com/breitling/chronospace/a2336035f555752p,breitling,Chronospace,No,Steel,Sapphire,Round,XL,Professional,Grey/Brown,Stick/Minimalist,Mixed,8.64135583403666
https://watchbase.com/breitling/chronospace/a2336035f555441x,breitling,Chronospace,No,Steel,Sapphire,Round,XL,Professional,Grey/Brown,Stick/Minimalist,Mixed,8.585038738311304
https://watchbase.com/breitling/chronospace/a2336035f555139s,breitling,Chronospace,No,Steel,Sapphire,Round,XL,Professional,Grey/Brown,Stick/Minimalist,Mixed,8.577535420422398
https://watchbase.com/breitling/chronospace/a2336035c833754p,breitling,Chronospace,No,Steel,Sapphire,Round,XL,Professional,Blue,Stick/Minimalist,Mixed,8.64135583403666
https://watchbase.com/breitling/chronospace/a2336035c833441x,breitling,Chronospace,No,Steel,Sapphire,Round,XL,Professional,Blue,Stick/Minimalist,Mixed,8.585038738311304
https://watchbase.com/breitling/chronospace/a2336035c833150a,breitling,Chronospace,No,Steel,Sapphire,Round,XL,Professional,Blue,Stick/Minimalist,Mixed,8.67265729404031
https://watchbase.com/breitling/chronospace/a2336035ba68760p,breitling,Chronospace,No,Steel,Sapphire,Round,XL,Professional,Black,Stick/Minimalist,Mixed,8.64135583403666
https://watchbase.com/breitling/chronospace/a2336035ba68439x,breitling,Chronospace,No,Steel,Sapphire,Round,XL,Professional,Black,Stick/Minimalist,Mixed,8.585038738311304
https://watchbase.com/breitling/chronospace/a2336035ba68135sa20ss1,breitling,Chronospace,No,Steel,Sapphire,Round,XL,Professional,Black,Stick/Minimalist,Mixed,8.577535420422398
https://watchbase.com/breitling/chronospace/a2336035g718139s,breitling,Chronospace,No,Steel,Sapphire,Round,XL,Professional,Silver/White,Stick/Minimalist,Mixed,8.577535420422398
https://watchbase.com/breitling/chronospace/eb601010-c945-158s,breitling,Chronospace,No,Titanium,Sapphire,Round,L,Standard,Blue,Stick/Minimalist,Arabic Numerals,8.210939733379021
https://watchbase.com/breitling/chronospace/eb601010-c945-109w,breitling,Chronospace,No,Titanium,Sapphire,Round,L,Standard,Blue,Stick/Minimalist,Arabic Numerals,8.229777750081887
https://watchbase.com/breitling/chronospace/eb601010-bf49-433x,breitling,Chronospace,No,Titanium,Sapphire,Round,L,Standard,Black,Stick/Minimalist,Arabic Numerals,8.227108234348146
https://watchbase.com/breitling/chronospace/a2336035g718167a,breitling,Chronospace,No,Steel,Sapphire,Round,XL,Professional,Silver/White,Stick/Minimalist,Mixed,8.737292112544221
https://watchbase.com/breitling/chronospace/a2336035bb97167a,breitling,Chronospace,No,Steel,Sapphire,Round,XL,Professional,Black,Stick/Minimalist,Mixed,8.737292112544221
https://watchbase.com/breitling/chronospace/a7836534g705,breitling,Chronospace,No,Steel,Sapphire,Round,XXL,Basic,Silver/White,Stick/Minimalist,Mixed,8.38958706681109
https://watchbase.com/breitling/chronospace/a2336035c833167a,breitling,Chronospace,No,Steel,Sapphire,Round,XL,Professional,Blue,Stick/Minimalist,Mixed,8.737292112544221
https://watchbase.com/breitling/chronospace/a2336035c833139s,breitling,Chronospace,No,Steel,Sapphire,Round,XL,Professional,Blue,Stick/Minimalist,Mixed,8.577535420422398
https://watchbase.com/breitling/chronospace/eb601010-c945-105x,breitling,Chronospace,No,Titanium,Sapphire,Round,L,Standard,Blue,Stick/Minimalist,Arabic Numerals,8.227108234348146
https://watchbase.com/breitling/chronospace/eb601010-bf49-109w,breitling,Chronospace,No,Titanium,Sapphire,Round,L,Standard,Black,Stick/Minimalist,Arabic Numerals,8.229777750081887
https://watchbase.com/breitling/chronospace/eb601010-bf49-152s,breitling,Chronospace,No,Titanium,Sapphire,Round,L,Standard,Black,Stick/Minimalist,Arabic Numerals,8.210939733379021
https://watchbase.com/breitling/chronospace/eb601010-bf49-435x,breitling,Chronospace,No,Titanium,Sapphire,Round,L,Standard,Black,Stick/Minimalist,Arabic Numerals,8.227108234348146
https://watchbase.com/breitling/chronospace/a2336035g718750p,breitling,Chronospace,No,Steel,Sapphire,Round,XL,Professional,Silver/White,Stick/Minimalist,Mixed,8.64135583403666
https://watchbase.com/breitling/chronospace/a7836534g705746p,breitling,Chronospace,No,Steel,Sapphire,Round,XXL,Basic,Silver/White,Stick/Minimalist,Mixed,8.335911094196945
https://watchbase.com/breitling/chronospace/a7836534ba26752p,breitling,Chronospace,No,Steel,Sapphire,Round,XXL,Basic,Black,Stick/Minimalist,Mixed,8.335911094196945
https://watchbase.com/breitling/chronospace/a7836534g705206s,breitling,Chronospace,No,Steel,Sapphire,Round,XXL,Basic,Silver/White,Stick/Minimalist,Mixed,8.25088114470065
https://watchbase.com/breitling/chronospace/a2336035f555167a,breitling,Chronospace,No,Steel,Sapphire,Round,XL,Professional,Grey/Brown,Stick/Minimalist,Mixed,8.737292112544221
https://watchbase.com/breitling/chronospace/a7836534c823746p,breitling,Chronospace,No,Steel,Sapphire,Round,XXL,Basic,Black,Stick/Minimalist,Mixed,8.335911094196945
https://watchbase.com/breitling/chronospace/a7836534c823,breitling,Chronospace,No,Steel,Sapphire,Round,XXL,Basic,Blue,Stick/Minimalist,Mixed,8.38958706681109
https://watchbase.com/breitling/chronospace/a2336035ba68,breitling,Chronospace,No,Steel,Sapphire,Round,XL,Standard,Black,Stick/Minimalist,Mixed,8.643120748014027
https://watchbase.com/breitling/chronospace/a2336035f555150a,breitling,Chronospace,No,Steel,Sapphire,Round,XL,Professional,Grey/Brown,Stick/Minimalist,Mixed,8.67265729404031
https://watchbase.com/breitling/chronospace/a7836534f551,breitling,Chronospace,No,Steel,Sapphire,Round,XXL,Basic,Grey/Brown,Stick/Minimalist,Mixed,8.38958706681109
https://watchbase.com/breitling/chronospace/eb601010-c945-437x,breitling,Chronospace,No,Titanium,Sapphire,Round,L,Standard,Blue,Stick/Minimalist,Arabic Numerals,8.227108234348146
https://watchbase.com/breitling/chronospace/eb601010-bf49-152e,breitling,Chronospace,No,Titanium,Sapphire,Round,L,Standard,Black,Stick/Minimalist,Arabic Numerals,8.427487278331744
https://watchbase.com/breitling/chronospace/eb601010-c945-152e,breitling,Chronospace,No,Titanium,Sapphire,Round,L,Standard,Blue,Stick/Minimalist,Arabic Numerals,8.427487278331744
https://watchbase.com/breitling/chronospace/m7836622-bd39-100w,breitling,Chronospace,No,Steel,Sapphire,Round,XL,Basic,Black,Stick/Minimalist,Mixed,8.57376254290413
https://watchbase.com/breitling/chronospace/m7836622-bd39-267s,breitling,Chronospace,No,Steel,Sapphire,Round,XL,Basic,Black,Stick/Minimalist,Mixed,8.566173813637858
https://watchbase.com/breitling/chronospace/m78367101b1w1,breitling,Chronospace,No,Steel,Sapphire,Round,XL,Basic,Black,Stick/Minimalist,Mixed,8.612685172875459
https://watchbase.com/breitling/chronospace/m78367101b1s1,breitling,Chronospace,No,Steel,Sapphire,Round,XL,Basic,Black,Stick/Minimalist,Mixed,8.694669696546992
https://watchbase.com/breitling/chronospace/v7333010-c939-152s,breitling,Chronospace,No,Titanium,Sapphire,Round,L,Standard,Blue,Stick/Minimalist,Arabic Numerals,8.361941906144946
https://watchbase.com/breitling/chronospace/a7836534ba26,breitling,Chronospace,No,Steel,Sapphire,Round,XXL,Basic,Black,Stick/Minimalist,Mixed,8.38958706681109
https://watchbase.com/breitling/chronospace/v7333010-c939-158s,breitling,Chronospace,No,Titanium,Sapphire,Round,L,Standard,Blue,Stick/Minimalist,Arabic Numerals,8.361941906144946
https://watchbase.com/breitling/chronospace/m7836622-bd39-105w,breitling,Chronospace,No,Steel,Sapphire,Round,XL,Basic,Black,Stick/Minimalist,Mixed,8.57376254290413
https://watchbase.com/breitling/chronospace/m7836622-bd39-159m,breitling,Chronospace,No,Steel,Sapphire,Round,XL,Basic,Black,Stick/Minimalist,Mixed,8.721113147762688
https://watchbase.com/breitling/super-chronomat/u17356531l1s1,breitling,Super Chronomat,No,Steel,Sapphire,Round,M,Standard,Colorful,Stick/Minimalist,Stick / Dot,9.350189267092581
https://watchbase.com/breitling/super-chronomat/r17356531g1p1,breitling,Super Chronomat,No,Steel,Sapphire,Round,M,Standard,Silver/White,Stick/Minimalist,Stick / Dot,9.898525260706313
https://watchbase.com/breitling/super-chronomat/ub0136251b1s1,breitling,Super Chronomat,No,Steel,Sapphire,Round,XL,Professional,Black,Stick/Minimalist,Stick / Dot,9.525224101853109
https://watchbase.com/breitling/super-chronomat/ub0136251b1u1,breitling,Super Chronomat,No,Steel,Sapphire,Round,XL,Professional,Black,Stick/Minimalist,Stick / Dot,9.525224101853109
https://watchbase.com/breitling/super-chronomat/a17356531c1p1,breitling,Super Chronomat,No,Steel,Sapphire,Round,M,Standard,Blue,Stick/Minimalist,Stick / Dot,9.18512512283512
https://watchbase.com/breitling/super-chronomat/u17356531l1u1,breitling,Super Chronomat,No,Steel,Sapphire,Round,M,Standard,Colorful,Stick/Minimalist,Stick / Dot,9.517898598432753
https://watchbase.com/breitling/super-chronomat/rb01362a1c1s1,breitling,Super Chronomat,No,Steel,Sapphire,Round,XL,Professional,Blue,Stick/Minimalist,Stick / Dot,10.12667110305036
https://watchbase.com/breitling/super-chronomat/ab0136161c1a1,breitling,Super Chronomat,No,Steel,Sapphire,Round,XL,Professional,Blue,Stick/Minimalist,Stick / Dot,9.04793908261736
https://watchbase.com/breitling/super-chronomat/rb01362a1c1r1,breitling,Super Chronomat,No,Steel,Sapphire,Round,XL,Professional,Blue,Stick/Minimalist,Stick / Dot,10.657282884047461
https://watchbase.com/breitling/super-chronomat/ab0136161c1s1,breitling,Super Chronomat,No,Steel,Sapphire,Round,XL,Professional,Blue,Stick/Minimalist,Stick / Dot,9.005895898094458
https://watchbase.com/breitling/super-chronomat/ab0136251b1s1,breitling,Super Chronomat,No,Steel,Sapphire,Round,XL,Professional,Black,Stick/Minimalist,Stick / Dot,9.005895898094458
https://watchbase.com/breitling/super-chronomat/a17356531c1s1,breitling,Super Chronomat,No,Steel,Sapphire,Round,M,Standard,Blue,Stick/Minimalist,Stick / Dot,9.153875834995056
https://watchbase.com/breitling/super-chronomat/u17356531l1p1,breitling,Super Chronomat,No,Steel,Sapphire,Round,M,Standard,Colorful,Stick/Minimalist,Stick / Dot,9.38437770918244
https://watchbase.com/breitling/super-chronomat/ab0136251l1s1,breitling,Super Chronomat,No,Steel,Sapphire,Round,XL,Professional,Colorful,Stick/Minimalist,Stick / Dot,9.005895898094458
https://watchbase.com/breitling/super-chronomat/i19320251b1a1,breitling,Super Chronomat,No,Steel,Sapphire,Round,XL,Professional,Black,Stick/Minimalist,Stick / Dot,9.588845298501564
https://watchbase.com/breitling/super-chronomat/ub0136251l1u1,breitling,Super Chronomat,No,Steel,Sapphire,Round,XL,Professional,Colorful,Stick/Minimalist,Stick / Dot,9.525224101853109
https://watchbase.com/breitling/super-chronomat/ub0136251l1s1,breitling,Super Chronomat,No,Steel,Sapphire,Round,XL,Professional,Colorful,Stick/Minimalist,Stick / Dot,9.278092474027002
https://watchbase.com/breitling/super-chronomat/rb0136e31q1r1,breitling,Super Chronomat,No,Steel,Sapphire,Round,XL,Professional,Grey/Brown,Stick/Minimalist,Stick / Dot,10.576457535657255
https://watchbase.com/breitling/super-chronomat/rb0136e31q1s1,breitling,Super Chronomat,No,Steel,Sapphire,Round,XL,Professional,Grey/Brown,Stick/Minimalist,Stick / Dot,10.016860879703811
https://watchbase.com/breitling/super-chronomat/eb0136251m1e1,breitling,Super Chronomat,No,Steel,Sapphire,Round,XL,Professional,Grey/Brown,Stick/Minimalist,Stick / Dot,9.465060106725137
https://watchbase.com/breitling/super-chronomat/ab0136251b1a1,breitling,Super Chronomat,No,Steel,Sapphire,Round,XL,Professional,Black,Stick/Minimalist,Stick / Dot,9.04793908261736
https://watchbase.com/breitling/super-chronomat/rb01361a1l1s1,breitling,Super Chronomat,No,Steel,Sapphire,Round,XL,Professional,Colorful,Stick/Minimalist,Stick / Dot,10.016860879703811
https://watchbase.com/breitling/super-chronomat/eb0136251m1s1,breitling,Super Chronomat,No,Steel,Sapphire,Round,XL,Professional,Grey/Brown,Stick/Minimalist,Stick / Dot,9.259225769705994
https://watchbase.com/breitling/super-chronomat/a17356531c1a1,breitling,Super Chronomat,No,Steel,Sapphire,Round,M,Standard,Blue,Stick/Minimalist,Stick / Dot,9.225327501784431
https://watchbase.com/breitling/super-chronomat/rb19301a1g1s1,breitling,Super Chronomat,Yes,Steel,Sapphire,Round,XL,Professional,Skeleton,Stick/Minimalist,Stick / Dot,10.915106645867503
https://watchbase.com/breitling/super-chronomat/i19320251b1s1,breitling,Super Chronomat,No,Steel,Sapphire,Round,XL,Professional,Black,Stick/Minimalist,Stick / Dot,9.546884034617925
https://watchbase.com/breitling/super-chronomat/u19320161c1u1,breitling,Super Chronomat,No,Steel,Sapphire,Round,XL,Professional,Blue,Stick/Minimalist,Stick / Dot,9.717218213494077
https://watchbase.com/breitling/super-chronomat/ab0136251b1a2,breitling,Super Chronomat,No,Steel,Sapphire,Round,XL,Professional,Black,Stick/Minimalist,Stick / Dot,9.179984251961283
https://watchbase.com/breitling/chronomat-b01-41/ab0140aag711378a,breitling,Chronomat B01 41,No,Steel,Sapphire,Round,L,Professional,Silver/White,Stick/Minimalist,Stick / Dot,9.369990189505721
https://watchbase.com/breitling/chronomat-b01-41/ab0140aag711428x,breitling,Chronomat B01 41,No,Steel,Sapphire,Round,L,Professional,Silver/White,Stick/Minimalist,Stick / Dot,9.264923249746474
https://watchbase.com/breitling/chronomat-b01-41/ab0140aag711728p,breitling,Chronomat B01 41,No,Steel,Sapphire,Round,L,Professional,Silver/White,Stick/Minimalist,Stick / Dot,9.36913738372318
https://watchbase.com/breitling/chronomat-b01-41/ab0140aag712378a,breitling,Chronomat B01 41,No,Steel,Sapphire,Round,L,Professional,Black,Stick/Minimalist,Stick / Dot,9.43276366396591
https://watchbase.com/breitling/chronomat-b01-41/ab0140aaq583378a,breitling,Chronomat B01 41,No,Steel,Sapphire,Round,L,Professional,Grey/Brown,Stick/Minimalist,Stick / Dot,9.369990189505721
https://watchbase.com/breitling/chronomat-b01-41/ab0140aaq583425x,breitling,Chronomat B01 41,No,Steel,Sapphire,Round,L,Professional,Grey/Brown,Stick/Minimalist,Stick / Dot,9.264923249746474
https://watchbase.com/breitling/chronomat-b01-41/ab0140aaq583722p,breitling,Chronomat B01 41,No,Steel,Sapphire,Round,L,Professional,Black,Stick/Minimalist,Stick / Dot,9.302098797215724
https://watchbase.com/breitling/chronomat-b01-41/ab014012g712378a,breitling,Chronomat B01 41,No,Steel,Sapphire,Round,L,Professional,Silver/White,Stick/Minimalist,Stick / Dot,9.121618441915379
https://watchbase.com/breitling/chronomat-b01-41/cb014012a722431x,breitling,Chronomat B01 41,No,Steel,Sapphire,Round,L,Professional,Black,Stick/Minimalist,Stick / Dot,9.056139690898883
https://watchbase.com/breitling/chronomat-b01-41/cb014012a722722p,breitling,Chronomat B01 41,No,Steel,Sapphire,Round,L,Professional,Black,Stick/Minimalist,Stick / Dot,9.090542808520587
https://watchbase.com/breitling/chronomat-b01-41/ab014012g712113x,breitling,Chronomat B01 41,No,Steel,Sapphire,Round,L,Professional,Silver/White,Stick/Minimalist,Stick / Dot,8.984818995876008
https://watchbase.com/breitling/chronomat-b01-41/cb014012a723724p,breitling,Chronomat B01 41,No,Steel,Sapphire,Round,L,Professional,Black,Stick/Minimalist,Stick / Dot,9.242904362849446
https://watchbase.com/breitling/chronomat-b01-41/ab014012g711722p,breitling,Chronomat B01 41,No,Steel,Sapphire,Round,L,Professional,Silver/White,Stick/Minimalist,Stick / Dot,8.938662873666118
https://watchbase.com/breitling/chronomat-b01-41/ab014012g711428x,breitling,Chronomat B01 41,No,Steel,Sapphire,Round,L,Professional,Silver/White,Stick/Minimalist,Stick / Dot,8.884748726451182
https://watchbase.com/breitling/chronomat-b01-41/cb014012ba53728p,breitling,Chronomat B01 41,No,Steel,Sapphire,Round,L,Professional,Black,Stick/Minimalist,Stick / Dot,9.0455836463617
https://watchbase.com/breitling/chronomat-b01-41/cb014012g713428x,breitling,Chronomat B01 41,No,Steel,Sapphire,Round,L,Professional,Silver/White,Stick/Minimalist,Stick / Dot,9.009569671513699
https://watchbase.com/breitling/chronomat-b01-41/cb014012g713728p,breitling,Chronomat B01 41,No,Steel,Sapphire,Round,L,Professional,Silver/White,Stick/Minimalist,Stick / Dot,9.0455836463617
https://watchbase.com/breitling/chronomat-b01-41/ab0140aaba52378a,breitling,Chronomat B01 41,No,Steel,Sapphire,Round,L,Professional,Black,Stick/Minimalist,Stick / Dot,9.369990189505721
https://watchbase.com/breitling/chronomat-b01-41/ab014012ba52728p,breitling,Chronomat B01 41,No,Steel,Sapphire,Round,L,Professional,Black,Stick/Minimalist,Stick / Dot,8.814479000010714
https://watchbase.com/breitling/chronomat-b01-41/ab014012c830113x,breitling,Chronomat B01 41,No,Steel,Sapphire,Round,L,Professional,Blue,Stick/Minimalist,Stick / Dot,8.768885326134864
https://watchbase.com/breitling/chronomat-b01-41/cb0140aag713378c,breitling,Chronomat B01 41,No,Steel,Sapphire,Round,L,Professional,Silver/White,Stick/Minimalist,Gem-Set Indexes,9.658928824466434
https://watchbase.com/breitling/chronomat-b01-41/ab0140aac830113x,breitling,Chronomat B01 41,No,Steel,Sapphire,Round,L,Professional,Blue,Stick/Minimalist,Stick / Dot,9.17895289873455
https://watchbase.com/breitling/chronomat-b01-41/ab0140aac830718p,breitling,Chronomat B01 41,No,Steel,Sapphire,Round,L,Professional,Blue,Stick/Minimalist,Stick / Dot,9.302098797215724
https://watchbase.com/breitling/chronomat-b01-41/cb0140aag713428x,breitling,Chronomat B01 41,No,Steel,Sapphire,Round,L,Professional,Silver/White,Stick/Minimalist,Stick / Dot,9.446281681520253
https://watchbase.com/breitling/chronomat-b01-41/cb0140aaba53728p,breitling,Chronomat B01 41,No,Steel,Sapphire,Round,L,Professional,Black,Stick/Minimalist,Stick / Dot,9.47738596957752
https://watchbase.com/breitling/chronomat-b01-41/ab0140aag712728p,breitling,Chronomat B01 41,No,Steel,Sapphire,Round,L,Professional,Black,Stick/Minimalist,Stick / Dot,9.36913738372318
https://watchbase.com/breitling/chronomat-b01-41/cb014012a723431x,breitling,Chronomat B01 41,No,Steel,Sapphire,Round,L,Professional,Black,Stick/Minimalist,Gem-Set Indexes,9.088285725968877
https://watchbase.com/breitling/chronomat-b01-41/ab014012q583378a,breitling,Chronomat B01 41,No,Steel,Sapphire,Round,L,Professional,Grey/Brown,Stick/Minimalist,Stick / Dot,9.03491498187007
https://watchbase.com/breitling/chronomat-b01-41/ab014012c830718p,breitling,Chronomat B01 41,No,Steel,Sapphire,Round,L,Professional,Blue,Stick/Minimalist,Stick / Dot,8.938662873666118
https://watchbase.com/breitling/chronomat-b01-41/ab014012f554378a,breitling,Chronomat B01 41,No,Steel,Sapphire,Round,L,Professional,Grey/Brown,Stick/Minimalist,Stick / Dot,9.03491498187007
https://watchbase.com/breitling/chronomat-b01-41/ab014012q583722p,breitling,Chronomat B01 41,No,Steel,Sapphire,Round,L,Professional,Grey/Brown,Stick/Minimalist,Stick / Dot,8.938662873666118
https://watchbase.com/breitling/chronomat-b01-41/ab0140aac830378a,breitling,Chronomat B01 41,No,Steel,Sapphire,Round,L,Professional,Blue,Stick/Minimalist,Stick / Dot,9.302098797215724
https://watchbase.com/breitling/chronomat-b01-41/ab0140aaf554728p,breitling,Chronomat B01 41,No,Steel,Sapphire,Round,L,Professional,Grey/Brown,Stick/Minimalist,Stick / Dot,9.302098797215724
https://watchbase.com/breitling/chronomat-b01-41/ab0140aag712428x,breitling,Chronomat B01 41,No,Steel,Sapphire,Round,L,Professional,Black,Stick/Minimalist,Stick / Dot,9.334414687078109
https://watchbase.com/breitling/chronomat-b01-41/cb014012a723378c,breitling,Chronomat B01 41,No,Steel,Sapphire,Round,L,Professional,Black,Stick/Minimalist,Gem-Set Indexes,9.35452729228868
https://watchbase.com/breitling/chronomat-b01-41/cb014012ba53378c,breitling,Chronomat B01 41,No,Steel,Sapphire,Round,L,Professional,Black,Stick/Minimalist,Stick / Dot,9.407632639699958
https://watchbase.com/breitling/chronomat-b01-41/ab014012ba52428x,breitling,Chronomat B01 41,No,Steel,Sapphire,Round,L,Professional,Black,Stick/Minimalist,Stick / Dot,8.768885326134864
https://watchbase.com/breitling/chronomat-b01-41/ab014012ba52378a,breitling,Chronomat B01 41,No,Steel,Sapphire,Round,L,Professional,Black,Stick/Minimalist,Stick / Dot,8.922791623969637
https://watchbase.com/breitling/chronomat-b01-41/ab014012f554428x,breitling,Chronomat B01 41,No,Steel,Sapphire,Round,L,Professional,Grey/Brown,Stick/Minimalist,Stick / Dot,8.914760527397261
https://watchbase.com/breitling/chronomat-b01-41/ab014012f554728p,breitling,Chronomat B01 41,No,Steel,Sapphire,Round,L,Professional,Grey/Brown,Stick/Minimalist,Stick / Dot,8.938662873666118
https://watchbase.com/breitling/chronomat-b01-41/ab014012g711378a,breitling,Chronomat B01 41,No,Steel,Sapphire,Round,L,Professional,Silver/White,Stick/Minimalist,Stick / Dot,9.03491498187007
https://watchbase.com/breitling/chronomat-b01-41/cb014012ba53428x,breitling,Chronomat B01 41,No,Steel,Sapphire,Round,L,Professional,Black,Stick/Minimalist,Gem-Set Indexes,9.009569671513699
https://watchbase.com/breitling/chronomat-b01-41/ab014012c830378a,breitling,Chronomat B01 41,No,Steel,Sapphire,Round,L,Professional,Black,Stick/Minimalist,Stick / Dot,9.03491498187007
https://watchbase.com/breitling/chronomat-b01-41/ab014012g712718p,breitling,Chronomat B01 41,No,Steel,Sapphire,Round,L,Professional,Silver/White,Stick/Minimalist,Stick / Dot,9.033722518098907
https://watchbase.com/breitling/chronomat-b01-41/ab0140aaba52428x,breitling,Chronomat B01 41,No,Steel,Sapphire,Round,L,Professional,Black,Stick/Minimalist,Stick / Dot,9.264923249746474
https://watchbase.com/breitling/chronomat-b01-41/cb014012a722378c,breitling,Chronomat B01 41,No,Steel,Sapphire,Round,L,Professional,Black,Stick/Minimalist,Stick / Dot,9.329988334242078
https://watchbase.com/breitling/chronomat-b01-41/ab01442j-bd26-102w,breitling,Chronomat B01 41,No,Steel,Sapphire,Round,L,Professional,Black,Stick/Minimalist,Stick / Dot,8.852378886511985
https://watchbase.com/breitling/chronomat-b01-41/ab01442j-g787-378a,breitling,Chronomat B01 41,No,Steel,Sapphire,Round,L,Professional,Silver/White,Stick/Minimalist,Stick / Dot,8.97853441008332
https://watchbase.com/breitling/chronomat-b01-41/cb014012g713378c,breitling,Chronomat B01 41,No,Steel,Sapphire,Round,L,Professional,Silver/White,Stick/Minimalist,Stick / Dot,9.407632639699958
https://watchbase.com/breitling/endurance-pro/x82310281b1s1,breitling,Endurance Pro,No,Steel,Sapphire,Round,XL,Standard,Black,Sword-style,Arabic Numerals,8.03947991910045
https://watchbase.com/breitling/endurance-pro/x82310a51b1s1,breitling,Endurance Pro,No,Steel,Sapphire,Round,XL,Standard,Black,Sword-style,Arabic Numerals,8.03947991910045
https://watchbase.com/breitling/endurance-pro/x823105c1m1s1,breitling,Endurance Pro,Yes,Steel,Sapphire,Round,XL,Standard,Grey/Brown,Sword-style,Arabic Numerals,8.174984532943087
https://watchbase.com/breitling/endurance-pro/x823109a1k1s1,breitling,Endurance Pro,No,Steel,Sapphire,Round,XL,Standard,Colorful,Sword-style,Arabic Numerals,8.101980731853192
https://watchbase.com/breitling/endurance-pro/x82310d91b1s1,breitling,Endurance Pro,No,Steel,Sapphire,Round,XL,Standard,Black,Sword-style,Arabic Numerals,8.03947991910045
https://watchbase.com/breitling/endurance-pro/x82310d51b1s1,breitling,Endurance Pro,No,Steel,Sapphire,Round,XL,Standard,Black,Sword-style,Arabic Numerals,8.03947991910045
https://watchbase.com/breitling/endurance-pro/x82310a71b1s1,breitling,Endurance Pro,No,Steel,Sapphire,Round,XL,Standard,Black,Sword-style,Arabic Numerals,8.03947991910045
https://watchbase.com/breitling/endurance-pro/x82310a41b1s1,breitling,Endurance Pro,No,Steel,Sapphire,Round,XL,Standard,Black,Sword-style,Arabic Numerals,8.03947991910045
https://watchbase.com/breitling/endurance-pro/x82310e51b1s1,breitling,Endurance Pro,No,Steel,Sapphire,Round,XL,Standard,Black,Sword-style,Arabic Numerals,8.101980731853192
https://watchbase.com/breitling/endurance-pro/e823103a1m1s1,breitling,Endurance Pro,Yes,Titanium,Sapphire,Round,XL,Standard,Grey/Brown,Sword-style,Arabic Numerals,8.281723990411392
https://watchbase.com/breitling/endurance-pro/x823101g1c1s1,breitling,Endurance Pro,Yes,Steel,Sapphire,Round,XL,Standard,Blue,Sword-style,Arabic Numerals,8.11701408773731
https://watchbase.com/breitling/aerospace/e7936210c787131s,breitling,Aerospace,No,Steel,Sapphire,Round,L,Standard,Black,Stick/Minimalist,Mixed,7.901377353792616
https://watchbase.com/breitling/breitling-for-bentley/j1636212-h533,breitling,Breitling for Bentley,No,Steel,Sapphire,Rectangular,M,Standard,Colorful,Stick/Minimalist,Stick / Dot,9.93212359907246
https://watchbase.com/breitling/breitling-for-bentley/a2836212-a633,breitling,Breitling for Bentley,No,Steel,Sapphire,Rectangular,M,Standard,Silver/White,Stick/Minimalist,Stick / Dot,9.414994033976548
https://watchbase.com/breitling/breitling-for-bentley/a2536212-g552,breitling,Breitling for Bentley,No,Steel,Sapphire,Round,XXL,Standard,Silver/White,Stick/Minimalist,Stick / Dot,8.812992231969966
https://watchbase.com/breitling/breitling-for-bentley/a2536212-q522,breitling,Breitling for Bentley,No,Steel,Sapphire,Round,XXL,Standard,Colorful,Stick/Minimalist,Stick / Dot,8.939974177289633
https://watchbase.com/breitling/breitling-for-bentley/a1336212-c649,breitling,Breitling for Bentley,No,Steel,Sapphire,Round,XL,Standard,Blue,Stick/Minimalist,Stick / Dot,8.853808274977197
https://watchbase.com/breitling/breitling-for-bentley/a1636212-b881,breitling,Breitling for Bentley,No,Steel,Sapphire,Rectangular,M,Standard,Black,Stick/Minimalist,Stick / Dot,9.065430200180375
https://watchbase.com/breitling/breitling-for-bentley/e2736536-ba37-220s,breitling,Breitling for Bentley,No,Titanium,Sapphire,Round,XXL,Standard,Black,Stick/Minimalist,Stick / Dot,9.06773940337716
https://watchbase.com/breitling/breitling-for-bentley/a4436212b728,breitling,Breitling for Bentley,No,Steel,Sapphire,Round,XXL,Standard,Black,Stick/Minimalist,Stick / Dot,9.061956366209925
https://watchbase.com/breitling/breitling-for-bentley/a4436212q504,breitling,Breitling for Bentley,No,Steel,Sapphire,Round,XXL,Standard,Other,Stick/Minimalist,Stick / Dot,9.061956366209925
https://watchbase.com/breitling/breitling-for-bentley/a2536513-c781,breitling,Breitling for Bentley,No,Steel,Sapphire,Round,XXL,Standard,Blue,Stick/Minimalist,Stick / Dot,9.061956366209925
https://watchbase.com/breitling/breitling-for-bentley/p2636212-q529,breitling,Breitling for Bentley,No,Steel,Sapphire,Round,L,Standard,Grey/Brown,Stick/Minimalist,Stick / Dot,9.246768728589734
https://watchbase.com/breitling/breitling-for-bentley/p2636212-c707,breitling,Breitling for Bentley,No,Steel,Sapphire,Round,L,Standard,Blue,Stick/Minimalist,Stick / Dot,9.145375093123823
https://watchbase.com/breitling/breitling-for-bentley/r4736212-g665,breitling,Breitling for Bentley,No,Gold Variants,Sapphire,Round,XXL,Standard,Silver/White,Stick/Minimalist,Stick / Dot,10.85110251765231
https://watchbase.com/breitling/breitling-for-bentley/ab0521u4b-c654-78x-a20b-a1,breitling,Breitling for Bentley,No,Steel,Sapphire,Round,XXL,Standard,Black,Stick/Minimalist,Stick / Dot,9.444700778495557
https://watchbase.com/breitling/breitling-for-bentley/a2836212-a635,breitling,Breitling for Bentley,No,Steel,Sapphire,Rectangular,M,Standard,Grey/Brown,Stick/Minimalist,Gem-Set Indexes,9.414994033976548
https://watchbase.com/breitling/breitling-for-bentley/j2836212-h521,breitling,Breitling for Bentley,No,Steel,Sapphire,Rectangular,M,Standard,Silver/White,Stick/Minimalist,Stick / Dot,10.093735942146068
https://watchbase.com/breitling/breitling-for-bentley/a1336212k506,breitling,Breitling for Bentley,No,Steel,Sapphire,Round,XL,Standard,Colorful,Stick/Minimalist,Stick / Dot,8.853808274977197
https://watchbase.com/breitling/breitling-for-bentley/a4736212-c768,breitling,Breitling for Bentley,No,Steel,Sapphire,Round,XXL,Standard,Blue,Stick/Minimalist,Stick / Dot,9.153875834995056
https://watchbase.com/breitling/breitling-for-bentley/r4436512-h532,breitling,Breitling for Bentley,No,Gold Variants,Sapphire,Rectangular,M,Standard,Colorful,Stick/Minimalist,Stick / Dot,10.706183963825353
https://watchbase.com/breitling/breitling-for-bentley/rb043112-g775-757p-r20-d1,breitling,Breitling for Bentley,No,Gold Variants,Sapphire,Round,XXL,Standard,Silver/White,Stick/Minimalist,Stick / Dot,10.459697547336718
https://watchbase.com/breitling/breitling-for-bentley/a2536212-l505,breitling,Breitling for Bentley,No,Steel,Sapphire,Round,XXL,Standard,Colorful,Stick/Minimalist,Stick / Dot,8.811503250158239
https://watchbase.com/breitling/breitling-for-bentley/a1336212-b724,breitling,Breitling for Bentley,No,Steel,Sapphire,Round,XL,Standard,Black,Stick/Minimalist,Stick / Dot,8.691314551644853
https://watchbase.com/breitling/breitling-for-bentley/m4436413-bd27-220s-m20dsa-2,breitling,Breitling for Bentley,No,Steel,Sapphire,Round,XXL,Standard,Black,Stick/Minimalist,Stick / Dot,9.192278229157774
https://watchbase.com/breitling/breitling-for-bentley/a4436212g573,breitling,Breitling for Bentley,No,Steel,Sapphire,Round,XXL,Standard,Silver/White,Stick/Minimalist,Stick / Dot,8.942591637231851
https://watchbase.com/breitling/breitling-for-bentley/a4736212-b919,breitling,Breitling for Bentley,No,Steel,Sapphire,Round,XXL,Standard,Black,Stick/Minimalist,Stick / Dot,9.153875834995056
https://watchbase.com/breitling/breitling-for-bentley/p1936212-q540,breitling,Breitling for Bentley,No,Steel,Sapphire,Round,L,Standard,Grey/Brown,Stick/Minimalist,Stick / Dot,9.461176908307142
https://watchbase.com/breitling/breitling-for-bentley/a1636212-q551,breitling,Breitling for Bentley,No,Steel,Sapphire,Rectangular,M,Standard,Other,Stick/Minimalist,Stick / Dot,9.199380531739841
https://watchbase.com/breitling/breitling-for-bentley/a1636212-g638,breitling,Breitling for Bentley,No,Steel,Sapphire,Rectangular,M,Standard,Silver/White,Stick/Minimalist,Stick / Dot,9.09279480812114
https://watchbase.com/breitling/breitling-for-bentley/a4436512-c736,breitling,Breitling for Bentley,No,Steel,Sapphire,Rectangular,M,Standard,Blue,Stick/Minimalist,Stick / Dot,9.472781556562168
https://watchbase.com/breitling/breitling-for-bentley/r4736212b934,breitling,Breitling for Bentley,No,Gold Variants,Sapphire,Round,XXL,Standard,Black,Stick/Minimalist,Stick / Dot,10.49601297178542
https://watchbase.com/breitling/breitling-for-bentley/p1936212-g629,breitling,Breitling for Bentley,No,Steel,Sapphire,Round,L,Standard,Silver/White,Stick/Minimalist,Stick / Dot,9.359708203627006
https://watchbase.com/breitling/breitling-for-bentley/p1936212-c730,breitling,Breitling for Bentley,No,Steel,Sapphire,Round,L,Standard,Blue,Stick/Minimalist,Stick / Dot,9.461176908307142
https://watchbase.com/breitling/breitling-for-bentley/a1636212-h534,breitling,Breitling for Bentley,No,Steel,Sapphire,Rectangular,M,Standard,Grey/Brown,Stick/Minimalist,Stick / Dot,9.09279480812114
https://watchbase.com/breitling/breitling-for-bentley/e2736529-ba622-20s,breitling,Breitling for Bentley,No,Titanium,Sapphire,Round,XXL,Standard,Black,Stick/Minimalist,Stick / Dot,9.06773940337716
https://watchbase.com/breitling/breitling-for-bentley/a1336212-a575,breitling,Breitling for Bentley,No,Steel,Sapphire,Round,XL,Standard,Silver/White,Stick/Minimalist,Stick / Dot,8.704668113450987
https://watchbase.com/breitling/breitling-for-bentley/k1336212a576,breitling,Breitling for Bentley,No,Gold Variants,Sapphire,Round,XXL,Standard,Silver/White,Stick/Minimalist,Stick / Dot,10.439425213116973
https://watchbase.com/breitling/breitling-for-bentley/a4436512-b873,breitling,Breitling for Bentley,No,Steel,Sapphire,Rectangular,M,Standard,Black,Stick/Minimalist,Stick / Dot,9.549024446393997
https://watchbase.com/breitling/breitling-for-bentley/a1336313-c649,breitling,Breitling for Bentley,No,Steel,Sapphire,Round,XL,Standard,Blue,Stick/Minimalist,Stick / Dot,8.862341963516347
https://watchbase.com/breitling/breitling-for-bentley/a4139021-g754-483x-a18b-a1,breitling,Breitling for Bentley,No,Steel,Sapphire,Round,L,Standard,Silver/White,Stick/Minimalist,Stick / Dot,8.753213480544126
https://watchbase.com/breitling/breitling-for-bentley/ab0521u0-a755-479x-a20b-a1,breitling,Breitling for Bentley,No,Steel,Sapphire,Round,XXL,Standard,Silver/White,Stick/Minimalist,Stick / Dot,9.444700778495557
https://watchbase.com/breitling/breitling-for-bentley/a4436212c652,breitling,Breitling for Bentley,No,Steel,Sapphire,Round,XXL,Standard,Blue,Stick/Minimalist,Stick / Dot,9.061956366209925
https://watchbase.com/breitling/breitling-for-bentley/e2736522-bc63-220s,breitling,Breitling for Bentley,No,Titanium,Sapphire,Round,XXL,Standard,Black,Stick/Minimalist,Stick / Dot,9.06773940337716
https://watchbase.com/breitling/breitling-for-bentley/a2536212-c618,breitling,Breitling for Bentley,No,Steel,Sapphire,Round,XXL,Standard,Blue,Stick/Minimalist,Stick / Dot,8.939974177289633
https://watchbase.com/breitling/breitling-for-bentley/mb0521v4be46265sm20dsa2,breitling,Breitling for Bentley,Yes,Steel,Sapphire,Round,XXL,Standard,Black,Stick/Minimalist,Stick / Dot,9.444700778495557
https://watchbase.com/breitling/breitling-for-bentley/a2536212-q502,breitling,Breitling for Bentley,No,Steel,Sapphire,Round,XXL,Standard,Grey/Brown,Stick/Minimalist,Stick / Dot,8.775085935057266
https://watchbase.com/breitling/breitling-for-bentley/a1336212-l503,breitling,Breitling for Bentley,No,Steel,Sapphire,Round,XL,Standard,Colorful,Stick/Minimalist,Stick / Dot,8.853808274977197
https://watchbase.com/breitling/breitling-for-bentley/a2536313-b686,breitling,Breitling for Bentley,No,Steel,Sapphire,Round,XXL,Standard,Black,Stick/Minimalist,Stick / Dot,9.03013657115323
https://watchbase.com/breitling/aerospace/e7936210c787435x,breitling,Aerospace,No,Steel,Sapphire,Round,L,Standard,Blue,Stick/Minimalist,Mixed,7.916078096302786
https://watchbase.com/breitling/aerospace/r7936211q571134s,breitling,Aerospace,No,Steel,Sapphire,Round,L,Standard,Other,Stick/Minimalist,Mixed,9.972593750934676
https://watchbase.com/breitling/aerospace/e7936310-c869-105x-a20basa-1,breitling,Aerospace,No,Titanium,Sapphire,Round,L,Standard,Blue,Stick/Minimalist,Stick / Dot,8.071218539969863
https://watchbase.com/breitling/aerospace/e7936210g682435x,breitling,Aerospace,No,Steel,Sapphire,Round,L,Standard,Silver/White,Stick/Minimalist,Mixed,7.916078096302786
https://watchbase.com/breitling/aerospace/r7936211g681435x,breitling,Aerospace,No,Steel,Sapphire,Round,L,Standard,Silver/White,Stick/Minimalist,Mixed,9.703877405604631
https://watchbase.com/breitling/aerospace/r7936211q571737p,breitling,Aerospace,No,Steel,Sapphire,Round,L,Standard,Grey/Brown,Stick/Minimalist,Mixed,9.722025626154055
https://watchbase.com/breitling/aerospace/e7936210q572131s,breitling,Aerospace,No,Steel,Sapphire,Round,L,Standard,Other,Stick/Minimalist,Mixed,7.901377353792616
https://watchbase.com/breitling/aerospace/e7936210q572130e,breitling,Aerospace,No,Steel,Sapphire,Round,L,Standard,Other,Stick/Minimalist,Mixed,8.177796683277778
https://watchbase.com/breitling/aerospace/e7936310-f562-433x-a20basa-1,breitling,Aerospace,No,Titanium,Sapphire,Round,L,Standard,Grey/Brown,Stick/Minimalist,Stick / Dot,8.071218539969863
https://watchbase.com/breitling/aerospace/e7936210g682737p,breitling,Aerospace,No,Steel,Sapphire,Round,L,Standard,Silver/White,Stick/Minimalist,Mixed,8.019941687677365
https://watchbase.com/breitling/aerospace/r7936211g681134s,breitling,Aerospace,No,Steel,Sapphire,Round,L,Standard,Silver/White,Stick/Minimalist,Mixed,9.972593750934676
https://watchbase.com/breitling/aerospace/e7936210g682200s,breitling,Aerospace,No,Steel,Sapphire,Round,L,Standard,Silver/White,Stick/Minimalist,Mixed,7.901377353792616
https://watchbase.com/breitling/aerospace/e7936210c787731p,breitling,Aerospace,No,Steel,Sapphire,Round,L,Standard,Blue,Stick/Minimalist,Mixed,8.019941687677365
https://watchbase.com/breitling/aerospace/e7936210b962735p,breitling,Aerospace,No,Steel,Sapphire,Round,L,Standard,Black,Stick/Minimalist,Mixed,8.019941687677365
https://watchbase.com/breitling/aerospace/e7936210q572435x,breitling,Aerospace,No,Steel,Sapphire,Round,L,Standard,Other,Stick/Minimalist,Mixed,7.916078096302786
https://watchbase.com/breitling/aerospace/r7936211g681737p,breitling,Aerospace,No,Steel,Sapphire,Round,L,Standard,Silver/White,Stick/Minimalist,Mixed,9.722025626154055
https://watchbase.com/breitling/aerospace/r7936211b961737p,breitling,Aerospace,No,Steel,Sapphire,Round,L,Standard,Black,Stick/Minimalist,Mixed,9.722025626154055
https://watchbase.com/breitling/aerospace/e7936210q572735p,breitling,Aerospace,No,Steel,Sapphire,Round,L,Standard,Other,Stick/Minimalist,Mixed,8.019941687677365
https://watchbase.com/breitling/aerospace/e79363101c3e1,breitling,Aerospace,No,Titanium,Sapphire,Round,L,Standard,Blue,Stick/Minimalist,Stick / Dot,8.35490952835879
https://watchbase.com/breitling/aerospace/r7936211-b961-435x,breitling,Aerospace,No,Gold Variants,Sapphire,Round,L,Standard,Other,Stick/Minimalist,Stick / Dot,9.703877405604631
https://watchbase.com/breitling/aerospace/r7936211q571435x,breitling,Aerospace,No,Steel,Sapphire,Round,L,Standard,Other,Stick/Minimalist,Mixed,9.703877405604631
https://watchbase.com/breitling/aerospace/r7936211b961134s,breitling,Aerospace,No,Steel,Sapphire,Round,L,Standard,Black,Stick/Minimalist,Mixed,9.972593750934676
https://watchbase.com/breitling/aerospace/e79363101c1e1,breitling,Aerospace,No,Titanium,Sapphire,Round,L,Standard,Blue,Stick/Minimalist,Stick / Dot,8.304247465078474
https://watchbase.com/breitling/aerospace/e7936210b962211s,breitling,Aerospace,No,Steel,Sapphire,Round,L,Standard,Black,Stick/Minimalist,Mixed,7.901377353792616
https://watchbase.com/breitling/aerospace/e7936310-c869-158s-a20ss-1,breitling,Aerospace,No,Titanium,Sapphire,Round,L,Standard,Blue,Stick/Minimalist,Stick / Dot,8.052296499538647
https://watchbase.com/breitling/aerospace/e7936310-f562-152s-a20ss-1,breitling,Aerospace,No,Titanium,Sapphire,Round,L,Standard,Grey/Brown,Stick/Minimalist,Stick / Dot,8.052296499538647
https://watchbase.com/breitling/aerospace/v7936310-bd60-109wm20dsa-1,breitling,Aerospace,No,Titanium,Sapphire,Round,L,Standard,Black,Stick/Minimalist,Arabic Numerals,8.416488487294606
https://watchbase.com/breitling/aerospace/e7936210g682130e,breitling,Aerospace,No,Steel,Sapphire,Round,L,Standard,Silver/White,Stick/Minimalist,Mixed,8.177796683277778
https://watchbase.com/breitling/aerospace/eb70101a1o1s1,breitling,Aerospace,No,Titanium,Sapphire,Round,L,Standard,Colorful,Stick/Minimalist,Arabic Numerals,8.434028950155469
https://watchbase.com/breitling/aerospace/e7936210-g606,breitling,Aerospace,No,Titanium,Sapphire,Round,L,Standard,Silver/White,Stick/Minimalist,Arabic Numerals,8.14351740579748
https://watchbase.com/breitling/aerospace/e7936310-bc27-152s-a20ss-1,breitling,Aerospace,No,Titanium,Sapphire,Round,L,Standard,Black,Stick/Minimalist,Stick / Dot,8.052296499538647
https://watchbase.com/breitling/aerospace/e7936310-c869-152s-a20ss-1,breitling,Aerospace,No,Titanium,Sapphire,Round,L,Standard,Blue,Stick/Minimalist,Stick / Dot,8.134760782418645
https://watchbase.com/breitling/aerospace/e7936210c787130e,breitling,Aerospace,No,Steel,Sapphire,Round,L,Standard,Blue,Stick/Minimalist,Mixed,8.177796683277778
https://watchbase.com/breitling/aerospace/e7936210b962130e,breitling,Aerospace,No,Steel,Sapphire,Round,L,Standard,Black,Stick/Minimalist,Mixed,8.177796683277778
https://watchbase.com/breitling/aerospace/v7936310-bd60-152s-m20ss-1,breitling,Aerospace,No,Titanium,Sapphire,Round,L,Standard,Black,Stick/Minimalist,Arabic Numerals,8.31164394850298
https://watchbase.com/breitling/aerospace/e79363101f1e1,breitling,Aerospace,No,Titanium,Sapphire,Round,L,Standard,Grey/Brown,Stick/Minimalist,Stick / Dot,8.304247465078474
https://watchbase.com/breitling/aerospace/eb70101a1o1e1,breitling,Aerospace,No,Titanium,Sapphire,Round,L,Standard,Colorful,Stick/Minimalist,Arabic Numerals,8.476579508530941
https://watchbase.com/breitling/aerospace/v7936310-bd60-108w-m20dsa-1,breitling,Aerospace,No,Titanium,Sapphire,Round,L,Standard,Black,Stick/Minimalist,Arabic Numerals,8.416488487294606
https://watchbase.com/breitling/aerospace/e7936310-f562-109w-a20basa-1,breitling,Aerospace,No,Titanium,Sapphire,Round,L,Standard,Grey/Brown,Stick/Minimalist,Stick / Dot,8.074337694089515
https://watchbase.com/breitling/aerospace/v79363101b1w1,breitling,Aerospace,No,Titanium,Sapphire,Round,L,Standard,Black,Stick/Minimalist,Arabic Numerals,8.333510708982942
https://watchbase.com/breitling/aerospace/v79363101b1s1,breitling,Aerospace,No,Titanium,Sapphire,Round,L,Standard,Black,Stick/Minimalist,Arabic Numerals,8.474494436883122
https://watchbase.com/breitling/aerospace/e79363101b1e1,breitling,Aerospace,No,Titanium,Sapphire,Round,L,Standard,Black,Stick/Minimalist,Stick / Dot,8.304247465078474
https://watchbase.com/breitling/aerospace/v793637s-i522-108w-m20dsa-1,breitling,Aerospace,Yes,Titanium,Sapphire,Round,L,Standard,Colorful,Stick/Minimalist,Arabic Numerals,8.552753366814787
https://watchbase.com/breitling/aerospace/e7936210-m513,breitling,Aerospace,No,Titanium,Sapphire,Round,L,Standard,Grey/Brown,Stick/Minimalist,Arabic Numerals,8.14351740579748
https://watchbase.com/breitling/aerospace/e79363101b1w1,breitling,Aerospace,No,Titanium,Sapphire,Round,L,Standard,Black,Stick/Minimalist,Stick / Dot,8.074337694089515
https://watchbase.com/breitling/aerospace/e7936210-b781,breitling,Aerospace,No,Titanium,Sapphire,Round,L,Standard,Black,Stick/Minimalist,Arabic Numerals,8.14351740579748
https://watchbase.com/breitling/top-time/ab01761a1k1a1,breitling,Top Time,No,Steel,Sapphire,Round,L,Standard,Colorful,Stick/Minimalist,Stick / Dot,8.981052985901483
https://watchbase.com/breitling/top-time/ab01761a1k1x1,breitling,Top Time,No,Steel,Sapphire,Round,L,Standard,Colorful,Stick/Minimalist,Stick / Dot,8.929435283803425
https://watchbase.com/breitling/top-time/ab01762a1l1a1,breitling,Top Time,No,Steel,Sapphire,Round,L,Standard,Colorful,Stick/Minimalist,Stick / Dot,8.981052985901483
https://watchbase.com/breitling/top-time/ab01763a1c1x1,breitling,Top Time,No,Steel,Sapphire,Round,L,Standard,Blue,Stick/Minimalist,Stick / Dot,8.929435283803425
https://watchbase.com/breitling/top-time/ab01766a1a1a1,breitling,Top Time,No,Steel,Sapphire,Round,L,Standard,Silver/White,Stick/Minimalist,Stick / Dot,8.981052985901483
https://watchbase.com/breitling/top-time/a23311121c1x1,breitling,Top Time,No,Steel,Sapphire,Round,L,Standard,Blue,Stick/Minimalist,Stick / Dot,8.57376254290413
https://watchbase.com/breitling/top-time/ab01765a1b1x1,breitling,Top Time,No,Steel,Sapphire,Round,L,Standard,Black,Stick/Minimalist,Stick / Dot,8.929435283803425
https://watchbase.com/breitling/top-time/ab01763a1c1a1,breitling,Top Time,No,Steel,Sapphire,Round,L,Standard,Blue,Stick/Minimalist,Stick / Dot,8.981052985901483
https://watchbase.com/breitling/top-time/ab01766a1a1x1,breitling,Top Time,No,Steel,Sapphire,Round,L,Standard,Silver/White,Stick/Minimalist,Stick / Dot,8.929435283803425
https://watchbase.com/breitling/top-time/ab01764a1c1x1,breitling,Top Time,No,Steel,Sapphire,Round,L,Standard,Blue,Stick/Minimalist,Stick / Dot,8.929435283803425
https://watchbase.com/breitling/top-time/sb21251a1c1x1,breitling,Top Time,No,Steel,Sapphire,Round,L,Standard,Blue,Stick/Minimalist,Stick / Dot,10.714439990727769
https://watchbase.com/breitling/top-time/sb21252a1q1x1,breitling,Top Time,No,Other,Sapphire,Round,L,Standard,Grey/Brown,Stick/Minimalist,Stick / Dot,10.714439990727769
https://watchbase.com/breitling/top-time/ab01762a1l1x1,breitling,Top Time,No,Steel,Sapphire,Round,L,Standard,Colorful,Stick/Minimalist,Stick / Dot,8.929435283803425
https://watchbase.com/breitling/top-time/ab01765a1b1a1,breitling,Top Time,No,Steel,Sapphire,Round,L,Standard,Black,Stick/Minimalist,Stick / Dot,8.981052985901483
https://watchbase.com/breitling/top-time/nb21251a1l1x1,breitling,Top Time,No,Steel,Sapphire,Round,L,Standard,Colorful,Stick/Minimalist,Stick / Dot,10.714439990727769
https://watchbase.com/breitling/top-time/rb01761a1q1x1,breitling,Top Time,No,Gold Variants,Sapphire,Round,L,Standard,Grey/Brown,Stick/Minimalist,Stick / Dot,9.862717639992917
https://watchbase.com/breitling/top-time/a41315a71c1x2,breitling,Top Time,No,Steel,Sapphire,Round,L,Standard,Blue,Stick/Minimalist,Stick / Dot,8.57376254290413
https://watchbase.com/breitling/top-time/ab01764a1c1a1,breitling,Top Time,No,Steel,Sapphire,Round,L,Standard,Blue,Stick/Minimalist,Stick / Dot,8.981052985901483
https://watchbase.com/breitling/top-time/a25310241k1x1,breitling,Top Time,No,Steel,Sapphire,Round,L,Standard,Colorful,Stick/Minimalist,Stick / Dot,8.57376254290413
https://watchbase.com/breitling/top-time/a23310121g1x1,breitling,Top Time,Yes,Steel,Sapphire,Round,L,Standard,Silver/White,Stick/Minimalist,Stick / Dot,8.486940148245216
https://watchbase.com/breitling/top-time/a233101a1a1x1,breitling,Top Time,Yes,Steel,Sapphire,Round,L,Standard,Grey/Brown,Stick/Minimalist,Stick / Dot,8.486940148245216
https://watchbase.com/breitling/top-time/a253101a1l1x1,breitling,Top Time,No,Steel,Sapphire,Round,L,Standard,Colorful,Stick/Minimalist,Stick / Dot,8.57376254290413
https://watchbase.com/breitling/top-time/ab01767a1c1a1,breitling,Top Time,Yes,Steel,Sapphire,Round,L,Standard,Blue,Stick/Minimalist,Stick / Dot,8.942591637231851
https://watchbase.com/breitling/top-time/ab3113171l1x1,breitling,Top Time,No,Steel,Sapphire,Round,M,Standard,Colorful,Stick/Minimalist,Stick / Dot,8.612685172875459
https://watchbase.com/breitling/top-time/ab01771a1b1x1,breitling,Top Time,Yes,Steel,Sapphire,Round,M,Standard,Black,Stick/Minimalist,Stick / Dot,8.888894669371593
https://watchbase.com/breitling/top-time/ab01767a1c1x1,breitling,Top Time,Yes,Steel,Sapphire,Round,L,Standard,Blue,Stick/Minimalist,Stick / Dot,8.888894669371593
https://watchbase.com/breitling/top-time/ab01771a1l1x1,breitling,Top Time,Yes,Steel,Sapphire,Round,M,Standard,Colorful,Stick/Minimalist,Stick / Dot,8.888894669371593
https://watchbase.com/breitling/top-time/ab3113a71c1x1,breitling,Top Time,No,Steel,Sapphire,Round,M,Standard,Blue,Stick/Minimalist,Stick / Dot,8.612685172875459
https://watchbase.com/breitling/top-time/ab3113281a1a1,breitling,Top Time,No,Steel,Sapphire,Round,M,Standard,Silver/White,Stick/Minimalist,Stick / Dot,8.665785595466064
https://watchbase.com/breitling/top-time/ab3113a71c1a1,breitling,Top Time,No,Steel,Sapphire,Round,M,Standard,Blue,Stick/Minimalist,Stick / Dot,8.665785595466064
https://watchbase.com/breitling/top-time/ab01768a1a1x1,breitling,Top Time,Yes,Steel,Sapphire,Round,L,Standard,Silver/White,Stick/Minimalist,Stick / Dot,8.888894669371593
https://watchbase.com/breitling/top-time/ab01772a1g1x1,breitling,Top Time,Yes,Steel,Sapphire,Round,M,Standard,Black,Stick/Minimalist,Stick / Dot,8.888894669371593
https://watchbase.com/breitling/top-time/ab01768a1a1a1,breitling,Top Time,Yes,Steel,Sapphire,Round,L,Standard,Silver/White,Stick/Minimalist,Stick / Dot,8.942591637231851
https://watchbase.com/breitling/top-time/ab3113281a1x1,breitling,Top Time,No,Steel,Sapphire,Round,M,Standard,Silver/White,Stick/Minimalist,Stick / Dot,8.612685172875459
https://watchbase.com/breitling/top-time/ab3113171l1a1,breitling,Top Time,No,Steel,Sapphire,Round,M,Standard,Colorful,Stick/Minimalist,Stick / Dot,8.665785595466064
https://watchbase.com/breitling/montbrillant/ab013012-g735-448a,breitling,Montbrillant,No,Steel,Sapphire,Round,L,Basic,Silver/White,Stick/Minimalist,Arabic Numerals,8.984818995876008
https://watchbase.com/breitling/avi/a45330101b1a1,breitling,AVI,No,Steel,Sapphire,Round,L,Standard,Black,Traditional/Special,Arabic Numerals,8.30671904320269
https://watchbase.com/breitling/avi/ab3521u01g1p1,breitling,AVI,No,Steel,Sapphire,Round,L,Standard,Silver/White,Traditional/Special,Arabic Numerals,8.909370405197466
https://watchbase.com/breitling/avi/a233803a1b1a1,breitling,AVI,No,Steel,Sapphire,Round,L,Standard,Black,Traditional/Special,Arabic Numerals,8.716207971151853
https://watchbase.com/breitling/avi/a233802a1l1x1,breitling,AVI,No,Steel,Sapphire,Round,L,Standard,Colorful,Traditional/Special,Arabic Numerals,8.665785595466064
https://watchbase.com/breitling/avi/yb04451a1b1a1,breitling,AVI,No,Steel,Sapphire,Round,XL,Standard,Black,Traditional/Special,Arabic Numerals,9.239996256883693
https://watchbase.com/breitling/avi/a17315101b1a1,breitling,AVI,No,Steel,Sapphire,Round,L,Standard,Black,Traditional/Special,Arabic Numerals,8.268988209506656
https://watchbase.com/breitling/avi/rb0119131q1p2,breitling,AVI,No,Gold Variants,Sapphire,Round,L,Standard,Grey/Brown,Traditional/Special,Arabic Numerals,10.132255258600559
https://watchbase.com/breitling/avi/ab01171a1g1x1,breitling,AVI,Yes,Steel,Sapphire,Round,L,Standard,Black,Traditional/Special,Arabic Numerals,8.837971491357209
https://watchbase.com/breitling/avi/rb0117131q1p1,breitling,AVI,No,Gold Variants,Sapphire,Round,L,Standard,Grey/Brown,Traditional/Special,Arabic Numerals,9.856972298794659
https://watchbase.com/breitling/avi/ab0117131c1p1,breitling,AVI,No,Steel,Sapphire,Round,L,Standard,Blue,Traditional/Special,Arabic Numerals,8.853808274977197
https://watchbase.com/breitling/avi/a233801a1c1a1,breitling,AVI,No,Steel,Sapphire,Round,L,Standard,Blue,Traditional/Special,Arabic Numerals,8.716207971151853
https://watchbase.com/breitling/avi/lb0920131c1x1,breitling,AVI,Yes,Platinum,Plexi,Round,L,Basic,Blue,Traditional/Special,Arabic Numerals,10.584081267024454
https://watchbase.com/breitling/avi/ab0119131c1p2,breitling,AVI,No,Steel,Sapphire,Round,L,Standard,Blue,Traditional/Special,Arabic Numerals,8.853808274977197
https://watchbase.com/breitling/avi/ab0119131b1p2,breitling,AVI,No,Steel,Sapphire,Round,L,Standard,Grey/Brown,Traditional/Special,Arabic Numerals,8.886132618174951
https://watchbase.com/breitling/avi/ab3521u41b1p2,breitling,AVI,No,Steel,Sapphire,Round,L,Standard,Black,Traditional/Special,Arabic Numerals,8.939974177289633
https://watchbase.com/breitling/avi/ab01171a1g1p1,breitling,AVI,Yes,Steel,Sapphire,Round,L,Standard,Silver/White,Traditional/Special,Arabic Numerals,8.895766604056085
https://watchbase.com/breitling/avi/ab3521u41b1p1,breitling,AVI,No,Steel,Sapphire,Round,L,Standard,Black,Traditional/Special,Arabic Numerals,8.909370405197466
https://watchbase.com/breitling/avi/a17314101c1a1,breitling,AVI,No,Steel,Sapphire,Round,L,Standard,Blue,Traditional/Special,Arabic Numerals,8.268988209506656
https://watchbase.com/breitling/avi/a17314101b1x1,breitling,AVI,No,Steel,Sapphire,Round,L,Standard,Black,Traditional/Special,Arabic Numerals,8.188966863648876
https://watchbase.com/breitling/avi/a13314101b1x1,breitling,AVI,No,Steel,Sapphire,Round,L,Standard,Black,Traditional/Special,Arabic Numerals,8.517393171418904
https://watchbase.com/breitling/avi/a13314101c1a1,breitling,AVI,No,Steel,Sapphire,Round,L,Standard,Blue,Traditional/Special,Arabic Numerals,8.575650760987806
https://watchbase.com/breitling/avi/ab0117131c1a1,breitling,AVI,No,Steel,Sapphire,Round,L,Standard,Blue,Traditional/Special,Arabic Numerals,8.895766604056085
https://watchbase.com/breitling/avi/a233803a1b1x1,breitling,AVI,No,Steel,Sapphire,Round,L,Standard,Black,Traditional/Special,Arabic Numerals,8.665785595466064
https://watchbase.com/breitling/avi/m13314101b1x1,breitling,AVI,No,Steel,Sapphire,Round,L,Standard,Black,Traditional/Special,Arabic Numerals,8.575650760987806
https://watchbase.com/breitling/avi/ab3521u41b1a1,breitling,AVI,No,Steel,Sapphire,Round,L,Standard,Black,Traditional/Special,Arabic Numerals,8.94910546953925
https://watchbase.com/breitling/avi/ab0117131b1a1,breitling,AVI,No,Steel,Sapphire,Round,L,Standard,Black,Traditional/Special,Arabic Numerals,8.895766604056085
https://watchbase.com/breitling/avi/ab0119131b1a1,breitling,AVI,No,Steel,Sapphire,Round,L,Standard,Grey/Brown,Traditional/Special,Arabic Numerals,8.895766604056085
https://watchbase.com/breitling/avi/a17314101c1x2,breitling,AVI,No,Steel,Sapphire,Round,L,Standard,Blue,Traditional/Special,Arabic Numerals,8.188966863648876
https://watchbase.com/breitling/avi/a233802a1l1a1,breitling,AVI,No,Steel,Sapphire,Round,L,Standard,Colorful,Traditional/Special,Arabic Numerals,8.716207971151853
https://watchbase.com/breitling/avi/ab09451a1b1x1,breitling,AVI,Yes,Steel,Plexi,Round,L,Basic,Black,Traditional/Special,Stick / Dot,9.024131268455035
https://watchbase.com/breitling/avi/sb04451a1b1x1,breitling,AVI,No,Steel,Sapphire,Round,XL,Standard,Black,Traditional/Special,Arabic Numerals,9.388570235866881
https://watchbase.com/breitling/avi/eb2040101l1x1,breitling,AVI,No,Titanium,Sapphire,Round,XL,Basic,Colorful,Traditional/Special,Arabic Numerals,8.566173813637858
https://watchbase.com/breitling/avi/ab2040101b1x1,breitling,AVI,No,Steel,Sapphire,Round,XL,Basic,Black,Stick/Minimalist,Arabic Numerals,8.444837529224097
https://watchbase.com/breitling/avi/a17314101b1a1,breitling,AVI,No,Steel,Sapphire,Round,L,Standard,Black,Traditional/Special,Arabic Numerals,8.268988209506656
https://watchbase.com/breitling/avi/ab0920131b1x1,breitling,AVI,Yes,Steel,Plexi,Round,L,Basic,Black,Traditional/Special,Arabic Numerals,8.962007209588313
https://watchbase.com/breitling/avi/m17314101b1x1,breitling,AVI,No,Steel,Sapphire,Round,L,Standard,Black,Traditional/Special,Arabic Numerals,8.268988209506656
https://watchbase.com/breitling/montbrillant/ab013012-g735-724p,breitling,Montbrillant,No,Steel,Sapphire,Round,L,Basic,Silver/White,Stick/Minimalist,Arabic Numerals,8.869398159883518
https://watchbase.com/breitling/montbrillant/rb013067-c896-718p,breitling,Montbrillant,No,Gold Variants,Sapphire,Round,L,Basic,Blue,Stick/Minimalist,Stick / Dot,9.920393832602487
https://watchbase.com/breitling/montbrillant/c2334021-q549,breitling,Montbrillant,No,Steel,Sapphire,Round,XL,Basic,Other,Stick/Minimalist,Stick / Dot,9.10286651367095
https://watchbase.com/breitling/montbrillant/c2334021g637,breitling,Montbrillant,No,Steel,Sapphire,Round,XL,Basic,Silver/White,Stick/Minimalist,Stick / Dot,9.10286651367095
https://watchbase.com/breitling/montbrillant/a2133012b993222a,breitling,Montbrillant,No,Steel,Sapphire,Round,L,Basic,Black,Stick/Minimalist,Stick / Dot,8.791941988456118
https://watchbase.com/breitling/montbrillant/a2133012b993435x,breitling,Montbrillant,No,Steel,Sapphire,Round,L,Basic,Silver/White,Stick/Minimalist,Stick / Dot,8.598035579260339
https://watchbase.com/breitling/montbrillant/a2133012g518222a,breitling,Montbrillant,No,Steel,Sapphire,Round,L,Basic,Silver/White,Stick/Minimalist,Stick / Dot,8.791941988456118
https://watchbase.com/breitling/montbrillant/a2133012g518748p,breitling,Montbrillant,No,Steel,Sapphire,Round,L,Basic,Silver/White,Stick/Minimalist,Stick / Dot,8.651898894268529
https://watchbase.com/breitling/montbrillant/a2133012q577435x,breitling,Montbrillant,No,Steel,Sapphire,Round,L,Basic,Other,Stick/Minimalist,Stick / Dot,8.598035579260339
https://watchbase.com/breitling/montbrillant/a2335121-ba93-445a,breitling,Montbrillant,Yes,Steel,Sapphire,Round,XL,Basic,Black,Stick/Minimalist,Stick / Dot,8.796490207333578
https://watchbase.com/breitling/montbrillant/r2133012b856737p,breitling,Montbrillant,No,Gold Variants,Sapphire,Round,L,Basic,Black,Stick/Minimalist,Stick / Dot,9.543306469268108
https://watchbase.com/breitling/montbrillant/r2133012b994435x,breitling,Montbrillant,No,Gold Variants,Sapphire,Round,L,Basic,Colorful,Stick/Minimalist,Stick / Dot,9.521568058002977
https://watchbase.com/breitling/montbrillant/r2133012b994441r,breitling,Montbrillant,No,Gold Variants,Sapphire,Round,L,Basic,Black,Stick/Minimalist,Stick / Dot,10.198058343191331
https://watchbase.com/breitling/montbrillant/a2133012q577748p,breitling,Montbrillant,No,Steel,Sapphire,Round,L,Basic,Other,Stick/Minimalist,Stick / Dot,8.651898894268529
https://watchbase.com/breitling/montbrillant/ab013012-g709-431x,breitling,Montbrillant,No,Steel,Sapphire,Round,L,Basic,Silver/White,Stick/Minimalist,Stick / Dot,8.811503250158239
https://watchbase.com/breitling/montbrillant/h4137012-g659,breitling,Montbrillant,No,Gold Variants,Sapphire,Round,M,Basic,Silver/White,Stick/Minimalist,Stick / Dot,9.350189267092581
https://watchbase.com/breitling/montbrillant/r2133012g624435x,breitling,Montbrillant,No,Gold Variants,Sapphire,Round,L,Basic,Silver/White,Stick/Minimalist,Stick / Dot,9.521568058002977
https://watchbase.com/breitling/montbrillant/r2133012q537435x,breitling,Montbrillant,No,Gold Variants,Sapphire,Round,L,Basic,Grey/Brown,Stick/Minimalist,Stick / Dot,9.521568058002977
https://watchbase.com/breitling/montbrillant/r2133012g624737pr20ba1,breitling,Montbrillant,No,Gold Variants,Sapphire,Round,L,Basic,Silver/White,Stick/Minimalist,Stick / Dot,9.543306469268108
https://watchbase.com/breitling/montbrillant/a2133012b571222a,breitling,Montbrillant,No,Steel,Sapphire,Round,L,Basic,Black,Stick/Minimalist,Stick / Dot,8.788898309344878
https://watchbase.com/breitling/montbrillant/a4137012-b875,breitling,Montbrillant,No,Steel,Sapphire,Round,M,Basic,Black,Stick/Minimalist,Stick / Dot,8.357259153499912
https://watchbase.com/breitling/montbrillant/r2133012q578731p,breitling,Montbrillant,No,Gold Variants,Sapphire,Round,L,Basic,Other,Stick/Minimalist,Stick / Dot,9.543306469268108
https://watchbase.com/breitling/montbrillant/r2133012q578435x,breitling,Montbrillant,No,Gold Variants,Sapphire,Round,L,Basic,Other,Stick/Minimalist,Stick / Dot,9.521568058002977
https://watchbase.com/breitling/montbrillant/a2334021-b871,breitling,Montbrillant,No,Steel,Sapphire,Round,XL,Basic,Black,Stick/Minimalist,Stick / Dot,8.692993531219926
https://watchbase.com/breitling/montbrillant/a2133012q509222a,breitling,Montbrillant,No,Steel,Sapphire,Round,L,Basic,Grey/Brown,Stick/Minimalist,Stick / Dot,8.791941988456118
https://watchbase.com/breitling/montbrillant/a2133012q509435x,breitling,Montbrillant,No,Steel,Sapphire,Round,L,Basic,Grey/Brown,Stick/Minimalist,Stick / Dot,8.598035579260339
https://watchbase.com/breitling/montbrillant/r2133012b856435x,breitling,Montbrillant,No,Gold Variants,Sapphire,Round,L,Basic,Black,Stick/Minimalist,Stick / Dot,9.521568058002977
https://watchbase.com/breitling/montbrillant/a1935012-c667,breitling,Montbrillant,No,Steel,Sapphire,Round,L,Basic,Blue,Stick/Minimalist,Arabic Numerals,8.842315546841863
https://watchbase.com/breitling/montbrillant/a2133012g518435x,breitling,Montbrillant,No,Steel,Sapphire,Round,L,Basic,Silver/White,Stick/Minimalist,Stick / Dot,8.598035579260339
https://watchbase.com/breitling/montbrillant/ab013012-g735-425x,breitling,Montbrillant,No,Steel,Sapphire,Round,L,Basic,Silver/White,Stick/Minimalist,Arabic Numerals,8.811503250158239
https://watchbase.com/breitling/montbrillant/rb0130al-c896-718p,breitling,Montbrillant,No,Gold Variants,Sapphire,Round,L,Basic,Blue,Stick/Minimalist,Stick / Dot,10.183427229849748
https://watchbase.com/breitling/montbrillant/a2133012q577222a,breitling,Montbrillant,No,Steel,Sapphire,Round,L,Basic,Other,Stick/Minimalist,Stick / Dot,8.791941988456118
https://watchbase.com/breitling/montbrillant/r2133012g624220r,breitling,Montbrillant,No,Gold Variants,Sapphire,Round,L,Basic,Black,Stick/Minimalist,Stick / Dot,10.198058343191331
https://watchbase.com/breitling/montbrillant/h4137012-q555,breitling,Montbrillant,No,Gold Variants,Sapphire,Round,M,Basic,Other,Stick/Minimalist,Stick / Dot,9.350189267092581
https://watchbase.com/breitling/montbrillant/a4137012-q546,breitling,Montbrillant,No,Steel,Sapphire,Round,M,Basic,Other,Stick/Minimalist,Stick / Dot,8.594339400592892
https://watchbase.com/breitling/montbrillant/ab013067-c894-718p,breitling,Montbrillant,No,Steel,Sapphire,Round,L,Basic,Blue,Stick/Minimalist,Stick / Dot,9.197356444417888
https://watchbase.com/breitling/montbrillant/a4137012-g634,breitling,Montbrillant,No,Steel,Sapphire,Round,M,Basic,Silver/White,Stick/Minimalist,Stick / Dot,8.357259153499912
https://watchbase.com/breitling/montbrillant/a1935012-b774,breitling,Montbrillant,No,Steel,Sapphire,Round,L,Basic,Black,Stick/Minimalist,Arabic Numerals,8.730851903519232
https://watchbase.com/breitling/montbrillant/a2133012-b571-435x,breitling,Montbrillant,No,Steel,Sapphire,Round,L,Basic,Black,Stick/Minimalist,Stick / Dot,8.598035579260339
https://watchbase.com/breitling/montbrillant/rb013012-c896-718p,breitling,Montbrillant,No,Gold Variants,Sapphire,Round,L,Basic,Blue,Stick/Minimalist,Stick / Dot,9.730383384791782
https://watchbase.com/breitling/montbrillant/a2133012-b571-737p,breitling,Montbrillant,No,Steel,Sapphire,Round,L,Basic,Black,Stick/Minimalist,Stick / Dot,8.651898894268529
https://watchbase.com/breitling/montbrillant/a2133012g518,breitling,Montbrillant,No,Steel,Sapphire,Round,L,Basic,Silver/White,Stick/Minimalist,Stick / Dot,8.788898309344878
https://watchbase.com/breitling/montbrillant/ab0130c5-c894-448a,breitling,Montbrillant,Yes,Steel,Sapphire,Round,L,Basic,Blue,Stick/Minimalist,Stick / Dot,9.038483865029992
https://watchbase.com/breitling/montbrillant/a2133012b571,breitling,Montbrillant,No,Steel,Sapphire,Round,L,Basic,Black,Stick/Minimalist,Stick / Dot,8.788898309344878
https://watchbase.com/breitling/montbrillant/a1935012-g592,breitling,Montbrillant,No,Steel,Sapphire,Round,L,Basic,Silver/White,Stick/Minimalist,Arabic Numerals,8.730851903519232
https://watchbase.com/breitling/premier/ab0145331k1p2,breitling,Premier,No,Steel,Sapphire,Round,L,Standard,Colorful,Traditional/Special,Arabic Numerals,9.059633754551479
https://watchbase.com/breitling/premier/rb0145371g1p1,breitling,Premier,No,Gold Variants,Sapphire,Round,L,Standard,Grey/Brown,Traditional/Special,Arabic Numerals,9.883335864325275
https://watchbase.com/breitling/premier/rb0145371g1r1,breitling,Premier,No,Gold Variants,Sapphire,Round,L,Standard,Grey/Brown,Traditional/Special,Arabic Numerals,10.55843949396453
https://watchbase.com/breitling/premier/ab0145371l1p1,breitling,Premier,No,Steel,Sapphire,Round,L,Standard,Colorful,Traditional/Special,Arabic Numerals,9.059633754551479
https://watchbase.com/breitling/premier/ab0145211g1p1,breitling,Premier,No,Steel,Sapphire,Round,L,Standard,Grey/Brown,Traditional/Special,Arabic Numerals,9.059633754551479
https://watchbase.com/breitling/premier/ab0118221l1p2,breitling,Premier,No,Steel,Sapphire,Round,L,Standard,Colorful,Stick/Minimalist,Stick / Dot,8.962007209588313
https://watchbase.com/breitling/premier/ab0118a71g1p2,breitling,Premier,Yes,Steel,Sapphire,Round,L,Standard,Silver/White,Stick/Minimalist,Stick / Dot,8.993551586299981
https://watchbase.com/breitling/premier/ab0118221c1a1,breitling,Premier,No,Steel,Sapphire,Round,L,Standard,Blue,Stick/Minimalist,Stick / Dot,8.993551586299981
https://watchbase.com/breitling/premier/ab0118221b1a1,breitling,Premier,No,Steel,Sapphire,Round,L,Standard,Grey/Brown,Stick/Minimalist,Stick / Dot,8.986071187374463
https://watchbase.com/breitling/premier/ab0118221g1p1,breitling,Premier,No,Steel,Sapphire,Round,L,Standard,Silver/White,Stick/Minimalist,Stick / Dot,8.968396191198256
https://watchbase.com/breitling/premier/ab0118a61c1p2,breitling,Premier,No,Steel,Sapphire,Round,L,Standard,Blue,Stick/Minimalist,Stick / Dot,8.936035096566041
https://watchbase.com/breitling/premier/a37340351c1x2,breitling,Premier,No,Steel,Sapphire,Round,L,Standard,Blue,Stick/Minimalist,Stick / Dot,8.24301946898925
https://watchbase.com/breitling/premier/a13315351b1x1,breitling,Premier,No,Steel,Sapphire,Round,L,Standard,Black,Stick/Minimalist,Stick / Dot,8.621733370690162
https://watchbase.com/breitling/premier/a37340351c1a1,breitling,Premier,No,Steel,Sapphire,Round,L,Standard,Blue,Stick/Minimalist,Stick / Dot,8.423102268016642
https://watchbase.com/breitling/premier/a1331535c1a1,breitling,Premier,No,Steel,Sapphire,Round,L,Standard,Blue,Stick/Minimalist,Stick / Dot,8.682877107057168
https://watchbase.com/breitling/premier/rb0145371g1p2,breitling,Premier,No,Gold Variants,Sapphire,Round,L,Standard,Grey/Brown,Traditional/Special,Arabic Numerals,9.883335864325275
https://watchbase.com/breitling/premier/ab0145211g1p2,breitling,Premier,No,Steel,Sapphire,Round,L,Standard,Grey/Brown,Traditional/Special,Arabic Numerals,9.059633754551479
https://watchbase.com/breitling/premier/r37340351g1p1,breitling,Premier,No,Gold Variants,Sapphire,Round,L,Standard,Silver/White,Stick/Minimalist,Stick / Dot,9.575747082838362
https://watchbase.com/breitling/premier/ab0118a21b1x1,breitling,Premier,No,Steel,Sapphire,Round,L,Standard,Black,Stick/Minimalist,Arabic Numerals,8.981052985901483
https://watchbase.com/breitling/premier/a37340351c1p2,breitling,Premier,No,Steel,Sapphire,Round,L,Standard,Blue,Stick/Minimalist,Stick / Dot,8.294299608857235
https://watchbase.com/breitling/premier/a13315351b1x2,breitling,Premier,No,Steel,Sapphire,Round,L,Standard,Black,Stick/Minimalist,Stick / Dot,8.579416534596369
https://watchbase.com/breitling/premier/a37340351g1a1,breitling,Premier,No,Steel,Sapphire,Round,L,Standard,Silver/White,Stick/Minimalist,Stick / Dot,8.423102268016642
https://watchbase.com/breitling/premier/rb1510251b1p1,breitling,Premier,No,Gold Variants,Sapphire,Round,L,Standard,Black,Traditional/Special,Arabic Numerals,9.862717639992917
https://watchbase.com/breitling/premier/rb0118a31b1x1,breitling,Premier,Yes,Gold Variants,Sapphire,Round,L,Standard,Grey/Brown,Stick/Minimalist,Stick / Dot,10.000205831412565
https://watchbase.com/breitling/premier/ab0118221g1p2,breitling,Premier,No,Steel,Sapphire,Round,L,Standard,Silver/White,Stick/Minimalist,Stick / Dot,8.936035096566041
https://watchbase.com/breitling/premier/a37340351b1a1,breitling,Premier,No,Steel,Sapphire,Round,L,Standard,Grey/Brown,Stick/Minimalist,Stick / Dot,8.423102268016642
https://watchbase.com/breitling/premier/ab0118221l1a1,breitling,Premier,No,Steel,Sapphire,Round,L,Standard,Colorful,Stick/Minimalist,Stick / Dot,9.012011377036412
https://watchbase.com/breitling/premier/ab0145171c1a1,breitling,Premier,No,Steel,Sapphire,Round,L,Standard,Blue,Traditional/Special,Arabic Numerals,9.099520536870939
https://watchbase.com/breitling/premier/ab1510171c1p1,breitling,Premier,No,Steel,Sapphire,Round,L,Standard,Blue,Traditional/Special,Arabic Numerals,9.143238568435446
https://watchbase.com/breitling/premier/ab0118a11l1x1,breitling,Premier,No,Steel,Sapphire,Round,L,Standard,Colorful,Stick/Minimalist,Stick / Dot,8.981052985901483
https://watchbase.com/breitling/premier/rb21201a1l1p1,breitling,Premier,Yes,Gold Variants,Sapphire,Round,L,Standard,Colorful,Traditional/Special,Arabic Numerals,10.799595985047786
https://watchbase.com/breitling/premier/ab01181a1q1x1,breitling,Premier,Yes,Steel,Sapphire,Round,L,Standard,Grey/Brown,Stick/Minimalist,Stick / Dot,9.205428327615163
https://watchbase.com/breitling/premier/ab0145171c1p2,breitling,Premier,No,Steel,Sapphire,Round,L,Standard,Blue,Traditional/Special,Arabic Numerals,9.059633754551479
https://watchbase.com/breitling/premier/rb01181a1q1x1,breitling,Premier,Yes,Gold Variants,Sapphire,Round,L,Standard,Grey/Brown,Stick/Minimalist,Stick / Dot,10.183427229849748
https://watchbase.com/breitling/premier/rb2510371g1p1,breitling,Premier,No,Gold Variants,Sapphire,Round,L,Standard,Silver/White,Traditional/Special,Arabic Numerals,10.007892611890918
https://watchbase.com/breitling/premier/ab0118a71g1p1,breitling,Premier,Yes,Steel,Sapphire,Round,L,Standard,Silver/White,Stick/Minimalist,Stick / Dot,9.018089684104343
https://watchbase.com/breitling/premier/ab0930371g1p1,breitling,Premier,No,Steel,Sapphire,Round,L,Standard,Silver/White,Traditional/Special,Arabic Numerals,9.024131268455035
https://watchbase.com/breitling/premier/rb19401a1b1p1,breitling,Premier,Yes,Gold Variants,Sapphire,Round,L,Standard,Black,Traditional/Special,Arabic Numerals,10.915106645867503
https://watchbase.com/breitling/premier/ab0930d41k1p1,breitling,Premier,Yes,Steel,Sapphire,Round,L,Standard,Colorful,Traditional/Special,Arabic Numerals,8.909370405197466
https://watchbase.com/breitling/premier/ab0930d31l1p1,breitling,Premier,No,Steel,Sapphire,Round,L,Standard,Colorful,Traditional/Special,Arabic Numerals,8.909370405197466
https://watchbase.com/breitling/premier/ab2510201k1p1,breitling,Premier,No,Steel,Sapphire,Round,L,Standard,Silver/White,Traditional/Special,Arabic Numerals,9.337061124755339
https://watchbase.com/breitling/chronomat-b01-42/rb0134101l1s1,breitling,Chronomat B01 42,No,Gold Variants,Sapphire,Round,L,Professional,Colorful,Stick/Minimalist,Stick / Dot,10.021315031649332
https://watchbase.com/breitling/chronomat-b01-42/ab0134a51c1a1,breitling,Chronomat B01 42,Yes,Steel,Sapphire,Round,L,Professional,Blue,Stick/Minimalist,Stick / Dot,9.082620630373812
https://watchbase.com/breitling/chronomat-b01-42/rb0134101b1s1,breitling,Chronomat B01 42,No,Gold Variants,Sapphire,Round,L,Professional,Grey/Brown,Stick/Minimalist,Stick / Dot,9.852246888342531
https://watchbase.com/breitling/chronomat-b01-42/ub0134101b1u1,breitling,Chronomat B01 42,No,Steel,Sapphire,Round,L,Professional,Grey/Brown,Stick/Minimalist,Stick / Dot,9.358846580275406
https://watchbase.com/breitling/chronomat-b01-42/ub0134131l1u1,breitling,Chronomat B01 42,No,Steel,Sapphire,Round,L,Professional,Colorful,Stick/Minimalist,Stick / Dot,9.433563920090563
https://watchbase.com/breitling/chronomat-b01-42/ab0134101l2a1,breitling,Chronomat B01 42,No,Steel,Sapphire,Round,L,Professional,Colorful,Stick/Minimalist,Stick / Dot,9.093918908958932
https://watchbase.com/breitling/chronomat-b01-42/ab0134a41c1a1,breitling,Chronomat B01 42,Yes,Steel,Sapphire,Round,L,Professional,Blue,Stick/Minimalist,Stick / Dot,9.082620630373812
https://watchbase.com/breitling/chronomat-b01-42/ab0134a91l1a1,breitling,Chronomat B01 42,Yes,Steel,Sapphire,Round,L,Professional,Colorful,Stick/Minimalist,Stick / Dot,9.082620630373812
https://watchbase.com/breitling/chronomat-b01-42/ub0134101c1u1,breitling,Chronomat B01 42,No,Steel,Sapphire,Round,L,Professional,Blue,Stick/Minimalist,Stick / Dot,9.358846580275406
https://watchbase.com/breitling/chronomat-b01-42/ab0134721b1s2,breitling,Chronomat B01 42,No,Steel,Sapphire,Round,L,Professional,Black,Stick/Minimalist,Stick / Dot,9.770013301136158
https://watchbase.com/breitling/chronomat-b01-42/ub0134101c1s1,breitling,Chronomat B01 42,No,Steel,Sapphire,Round,L,Professional,Blue,Stick/Minimalist,Stick / Dot,9.249657234353133
https://watchbase.com/breitling/chronomat-b01-42/ab0134101k1s1,breitling,Chronomat B01 42,No,Steel,Sapphire,Round,L,Professional,Colorful,Stick/Minimalist,Stick / Dot,9.04793908261736
https://watchbase.com/breitling/chronomat-b01-42/ab0134101c1s1,breitling,Chronomat B01 42,No,Steel,Sapphire,Round,L,Professional,Blue,Stick/Minimalist,Stick / Dot,9.04793908261736
https://watchbase.com/breitling/chronomat-b01-42/eb0134101m1s1,breitling,Chronomat B01 42,No,Titanium,Sapphire,Round,L,Professional,Grey/Brown,Stick/Minimalist,Stick / Dot,9.15915233520675
https://watchbase.com/breitling/chronomat-b01-42/ab01348a1b1a1,breitling,Chronomat B01 42,Yes,Steel,Sapphire,Round,L,Professional,Grey/Brown,Stick/Minimalist,Stick / Dot,8.974744612722734
https://watchbase.com/breitling/chronomat-b01-42/ab0134101g1a1,breitling,Chronomat B01 42,No,Steel,Sapphire,Round,L,Professional,Silver/White,Stick/Minimalist,Stick / Dot,8.974744612722734
https://watchbase.com/breitling/chronomat-b01-42/ab0134101c1a1,breitling,Chronomat B01 42,No,Steel,Sapphire,Round,L,Professional,Blue,Stick/Minimalist,Stick / Dot,8.974744612722734
https://watchbase.com/breitling/chronomat-b01-42/tb0134101m1x1,breitling,Chronomat B01 42,No,Steel,Sapphire,Round,L,Professional,Grey/Brown,Stick/Minimalist,Stick / Dot,9.259225769705994
https://watchbase.com/breitling/chronomat-b01-42/rb01344a1l1s1,breitling,Chronomat B01 42,Yes,Gold Variants,Sapphire,Round,L,Professional,Colorful,Stick/Minimalist,Stick / Dot,10.021315031649332
https://watchbase.com/breitling/chronomat-b01-42/ab0134101g1s2,breitling,Chronomat B01 42,No,Steel,Sapphire,Round,L,Professional,Silver/White,Stick/Minimalist,Stick / Dot,9.04793908261736
https://watchbase.com/breitling/chronomat-b01-42/ab0134101l2s1,breitling,Chronomat B01 42,No,Steel,Sapphire,Round,L,Professional,Colorful,Stick/Minimalist,Stick / Dot,9.04793908261736
https://watchbase.com/breitling/chronomat-b01-42/ub0134101b1s1,breitling,Chronomat B01 42,No,Steel,Sapphire,Round,L,Professional,Grey/Brown,Stick/Minimalist,Stick / Dot,9.249657234353133
https://watchbase.com/breitling/chronomat-b01-42/ub0134131l1s1,breitling,Chronomat B01 42,No,Steel,Sapphire,Round,L,Professional,Colorful,Stick/Minimalist,Stick / Dot,9.15915233520675
https://watchbase.com/breitling/chronomat-b01-42/eb0134101m1e1,breitling,Chronomat B01 42,No,Titanium,Sapphire,Round,L,Professional,Grey/Brown,Stick/Minimalist,Stick / Dot,9.38437770918244
https://watchbase.com/breitling/chronomat-b01-42/pb0134101c1s1,breitling,Chronomat B01 42,No,Steel,Sapphire,Round,L,Professional,Blue,Stick/Minimalist,Stick / Dot,9.076923258535832
https://watchbase.com/breitling/chronomat-b01-42/ab0134101b1a1,breitling,Chronomat B01 42,No,Steel,Sapphire,Round,L,Professional,Black,Stick/Minimalist,Stick / Dot,9.093918908958932
https://watchbase.com/breitling/transocean/a4531012-bb69-437x-a20ba-1,breitling,Transocean,No,Steel,Sapphire,Round,L,Standard,Black,Stick/Minimalist,Stick / Dot,8.472405008626103
https://watchbase.com/breitling/transocean/ab015412-g784-154a,breitling,Transocean,Yes,Steel,Sapphire,Round,L,Standard,Silver/White,Stick/Minimalist,Stick / Dot,8.999742789830492
https://watchbase.com/breitling/transocean/a1631012-a764-171a,breitling,Transocean,No,Steel,Sapphire,Round,M,Standard,Silver/White,Stick/Minimalist,Stick / Dot,8.756367559802975
https://watchbase.com/breitling/transocean/r4131012-bc07-223r,breitling,Transocean,No,Gold Variants,Sapphire,Round,M,Standard,Black,Stick/Minimalist,Stick / Dot,10.336600252573104
https://watchbase.com/breitling/transocean/a4131012-c862-171a,breitling,Transocean,No,Steel,Sapphire,Round,M,Standard,Blue,Stick/Minimalist,Stick / Dot,8.650149418664864
https://watchbase.com/breitling/transocean/rb0510u0-a733-441x,breitling,Transocean,No,Gold Variants,Sapphire,Round,XL,Standard,Silver/White,Stick/Minimalist,Stick / Dot,10.205109511721595
https://watchbase.com/breitling/transocean/r1036012ba92737p,breitling,Transocean,No,Gold Variants,Sapphire,Round,L,Standard,Black,Stick/Minimalist,Stick / Dot,9.495594499353297
https://watchbase.com/breitling/transocean/ab0510u0-a732-756p,breitling,Transocean,No,Steel,Sapphire,Round,XL,Standard,Silver/White,Stick/Minimalist,Stick / Dot,9.26964647787359
https://watchbase.com/breitling/transocean/ab015212-ba99-435x-a20ba-1,breitling,Transocean,No,Steel,Sapphire,Round,L,Standard,Black,Stick/Minimalist,Stick / Dot,8.855235623206967
https://watchbase.com/breitling/transocean/a1036012-ba91-435x-a20ba-1,breitling,Transocean,No,Steel,Sapphire,Round,L,Standard,Black,Stick/Minimalist,Stick / Dot,8.361941906144946
https://watchbase.com/breitling/transocean/ab015212-g724-731p-a20ba-1,breitling,Transocean,No,Steel,Sapphire,Round,L,Standard,Silver/White,Stick/Minimalist,Stick / Dot,8.912069097970134
https://watchbase.com/breitling/transocean/a1931012-g750-106w-a20ba-1,breitling,Transocean,No,Steel,Sapphire,Round,L,Standard,Silver/White,Stick/Minimalist,Stick / Dot,9.04085606398372
https://watchbase.com/breitling/transocean/rb0510v1-c880-746p,breitling,Transocean,No,Gold Variants,Sapphire,Round,XL,Standard,Blue,Stick/Minimalist,Stick / Dot,10.219793524324475
https://watchbase.com/breitling/transocean/rb0510u5-bc39-100w,breitling,Transocean,No,Gold Variants,Sapphire,Round,XL,Standard,Black,Stick/Minimalist,Stick / Dot,10.205479252168017
https://watchbase.com/breitling/transocean/ub015212-q594-433x,breitling,Transocean,No,Steel,Sapphire,Round,L,Standard,Grey/Brown,Stick/Minimalist,Stick / Dot,8.941283763647567
https://watchbase.com/breitling/transocean/ab015212-bf26-433x-a20ba-1,breitling,Transocean,No,Steel,Sapphire,Round,L,Standard,Black,Stick/Minimalist,Stick / Dot,8.855235623206967
https://watchbase.com/breitling/transocean/ab015212-bf26-106w-a20ba-1,breitling,Transocean,No,Steel,Sapphire,Round,L,Standard,Black,Stick/Minimalist,Stick / Dot,8.85666093701725
https://watchbase.com/breitling/transocean/a4531012-g751-437x-a20ba-1,breitling,Transocean,No,Steel,Sapphire,Round,L,Standard,Silver/White,Stick/Minimalist,Stick / Dot,8.472405008626103
https://watchbase.com/breitling/transocean/a1931012-g750-739p-a20ba-1,breitling,Transocean,No,Steel,Sapphire,Round,L,Standard,Silver/White,Stick/Minimalist,Stick / Dot,8.754002933494261
https://watchbase.com/breitling/transocean/rb0510u0-a733-756p,breitling,Transocean,No,Gold Variants,Sapphire,Round,XL,Standard,Silver/White,Stick/Minimalist,Stick / Dot,10.219793524324475
https://watchbase.com/breitling/transocean/ab0510u0-a732-441x,breitling,Transocean,No,Steel,Sapphire,Round,XL,Standard,Silver/White,Stick/Minimalist,Stick / Dot,9.231220849555537
https://watchbase.com/breitling/transocean/ab015212-g724-737p-a20ba-1,breitling,Transocean,No,Steel,Sapphire,Round,L,Standard,Silver/White,Stick/Minimalist,Stick / Dot,8.912069097970134
https://watchbase.com/breitling/transocean/ab015212-ba99-743p-a20ba-1,breitling,Transocean,No,Steel,Sapphire,Round,L,Standard,Black,Stick/Minimalist,Stick / Dot,8.910720661951359
https://watchbase.com/breitling/transocean/a1036012-ba91-154a,breitling,Transocean,No,Steel,Sapphire,Round,L,Standard,Black,Stick/Minimalist,Stick / Dot,8.470311205516108
https://watchbase.com/breitling/transocean/ab015212-g724-732p-a20d-1,breitling,Transocean,No,Steel,Sapphire,Round,L,Standard,Silver/White,Stick/Minimalist,Stick / Dot,8.942591637231851
https://watchbase.com/breitling/transocean/ab015212-ba99-112x-a20d-1,breitling,Transocean,No,Steel,Sapphire,Round,L,Standard,Black,Stick/Minimalist,Stick / Dot,8.88751459738882
https://watchbase.com/breitling/transocean/r1931012-bc20-435x,breitling,Transocean,Yes,Steel,Sapphire,Round,L,Standard,Black,Stick/Minimalist,Stick / Dot,10.193205052099978
https://watchbase.com/breitling/transocean/a1931012-bb68-433x-a20ba-1,breitling,Transocean,No,Steel,Sapphire,Round,L,Standard,Black,Stick/Minimalist,Stick / Dot,9.039670667922676
https://watchbase.com/breitling/transocean/a1931012-g750-154a,breitling,Transocean,No,Steel,Sapphire,Round,L,Standard,Silver/White,Stick/Minimalist,Stick / Dot,9.098402718735318
https://watchbase.com/breitling/transocean/ab015212-bf26-154a,breitling,Transocean,No,Steel,Sapphire,Round,L,Standard,Black,Stick/Minimalist,Stick / Dot,8.925454386826402
https://watchbase.com/breitling/transocean/ab0510u4-bb62-760p,breitling,Transocean,No,Steel,Sapphire,Round,XL,Standard,Black,Stick/Minimalist,Stick / Dot,9.26964647787359
https://watchbase.com/breitling/transocean/ab0510u4b-b62-152a,breitling,Transocean,No,Steel,Sapphire,Round,XL,Standard,Black,Stick/Minimalist,Stick / Dot,8.922124823918258
https://watchbase.com/breitling/transocean/a1036012-ba91-743p-a20ba-1,breitling,Transocean,No,Steel,Sapphire,Round,L,Standard,Black,Stick/Minimalist,Stick / Dot,8.431853144249223
https://watchbase.com/breitling/transocean/ab015212-g724-738p-a20d-1,breitling,Transocean,No,Steel,Sapphire,Round,L,Standard,Silver/White,Stick/Minimalist,Stick / Dot,8.942591637231851
https://watchbase.com/breitling/transocean/r4531012-g752-435x-r20ba-1,breitling,Transocean,No,Gold Variants,Sapphire,Round,L,Standard,Silver/White,Stick/Minimalist,Stick / Dot,9.658928824466434
https://watchbase.com/breitling/transocean/rb015212-c940-731p,breitling,Transocean,No,Gold Variants,Sapphire,Round,L,Standard,Blue,Stick/Minimalist,Stick / Dot,9.834726796965336
https://watchbase.com/breitling/transocean/a4131012-g757-171a,breitling,Transocean,No,Steel,Sapphire,Round,M,Standard,Silver/White,Stick/Minimalist,Stick / Dot,8.650149418664864
https://watchbase.com/breitling/transocean/a1631012-bd15-171a,breitling,Transocean,No,Steel,Sapphire,Round,M,Standard,Black,Stick/Minimalist,Stick / Dot,8.55468163582723
https://watchbase.com/breitling/transocean/ab045112-g772-739p,breitling,Transocean,Yes,Steel,Sapphire,Round,L,Standard,Silver/White,Stick/Minimalist,Stick / Dot,8.993551586299981
https://watchbase.com/breitling/transocean/ab0152121g1a1,breitling,Transocean,No,Steel,Sapphire,Round,L,Standard,Silver/White,Stick/Minimalist,Stick / Dot,8.925454386826402
https://watchbase.com/breitling/transocean/a1036012-g721-154a,breitling,Transocean,No,Steel,Sapphire,Round,L,Standard,Silver/White,Stick/Minimalist,Stick / Dot,8.470311205516108
https://watchbase.com/breitling/transocean/a45310121g1a1,breitling,Transocean,No,Steel,Sapphire,Round,L,Standard,Silver/White,Stick/Minimalist,Stick / Dot,8.57376254290413
https://watchbase.com/breitling/transocean/a4131012-bc06-171a,breitling,Transocean,No,Steel,Sapphire,Round,M,Standard,Black,Stick/Minimalist,Stick / Dot,8.650149418664864
https://watchbase.com/breitling/transocean/ab0152121b1s1,breitling,Transocean,No,Steel,Sapphire,Round,L,Standard,Black,Stick/Minimalist,Stick / Dot,8.884748726451182
https://watchbase.com/breitling/transocean/a453109t-c921-154a,breitling,Transocean,Yes,Steel,Sapphire,Round,L,Standard,Blue,Stick/Minimalist,Stick / Dot,8.601718146485926
https://watchbase.com/breitling/transocean/ab0510u0a732152a,breitling,Transocean,No,Steel,Sapphire,Round,XL,Standard,Silver/White,Stick/Minimalist,Stick / Dot,9.27995971385624
https://watchbase.com/breitling/transocean/ab0152121b1a1,breitling,Transocean,No,Steel,Sapphire,Round,L,Standard,Black,Stick/Minimalist,Stick / Dot,8.925454386826402
https://watchbase.com/breitling/transocean/ab015112-ba59-154a,breitling,Transocean,Yes,Steel,Sapphire,Round,L,Standard,Black,Stick/Minimalist,Stick / Dot,8.918784137975802
https://watchbase.com/breitling/transocean/ab0510u0-a790-152a,breitling,Transocean,No,Steel,Sapphire,Round,XL,Standard,Silver/White,Stick/Minimalist,Stick / Dot,9.27995971385624
https://watchbase.com/breitling/superocean/a17366d81a1a1,breitling,Superocean,No,Steel,Sapphire,Round,L,Extreme,Silver/White,Stick/Minimalist,Mixed,8.281723990411392
https://watchbase.com/breitling/superocean/v17369101c1s1,breitling,Superocean,No,Titanium,Sapphire,Round,XXL,Professional,Blue,Stick/Minimalist,Mixed,8.335911094196945
https://watchbase.com/breitling/superocean/y1739367-a807-297s,breitling,Superocean,No,Steel,Sapphire,Round,XL,Extreme,Black,Stick/Minimalist,Stick / Dot,9.113939597689829
https://watchbase.com/breitling/superocean/a1736402-ba30,breitling,Superocean,No,Steel,Sapphire,Round,L,Extreme,Black,Stick/Minimalist,Arabic Numerals,7.983098940710892
https://watchbase.com/breitling/superocean/a1736006-b909,breitling,Superocean,No,Steel,Sapphire,Round,L,Extreme,Black,Sword-style,Arabic Numerals,7.736743682453495
https://watchbase.com/breitling/superocean/a1736006-c759,breitling,Superocean,No,Steel,Sapphire,Round,L,Extreme,Blue,Sword-style,Arabic Numerals,7.736743682453495
https://watchbase.com/breitling/superocean/a1334011g549,breitling,Superocean,No,Steel,Sapphire,Round,L,Extreme,Silver/White,Stick/Minimalist,Stick / Dot,8.261268150577648
https://watchbase.com/breitling/superocean/a17375211b2s4,breitling,Superocean,No,Steel,Sapphire,Round,L,Professional,Black,Proprietary,Stick / Dot,8.537191877922927
https://watchbase.com/breitling/superocean/e10379351b1s1,breitling,Superocean,No,Steel,Sapphire,Round,XL,Professional,Black,Proprietary,Stick / Dot,8.732465848349879
https://watchbase.com/breitling/superocean/u17375211b1s1,breitling,Superocean,No,Steel,Sapphire,Round,L,Professional,Black,Proprietary,Stick / Dot,8.764209507142004
https://watchbase.com/breitling/superocean/a17375211b1s1,breitling,Superocean,No,Steel,Sapphire,Round,L,Professional,Black,Proprietary,Stick / Dot,8.38958706681109
https://watchbase.com/breitling/superocean/a17316d71o1a1,breitling,Superocean,No,Steel,Sapphire,Round,M,Professional,Colorful,Stick/Minimalist,Mixed,8.281723990411392
https://watchbase.com/breitling/superocean/a173643b-c868,breitling,Superocean,Yes,Steel,Sapphire,Round,L,Extreme,Blue,Stick/Minimalist,Arabic Numerals,8.03947991910045
https://watchbase.com/breitling/superocean/a1739010c666112x,breitling,Superocean,No,Steel,Sapphire,Round,XL,Extreme,Blue,Stick/Minimalist,Mixed,7.875119281040293
https://watchbase.com/breitling/superocean/a17375211b2s1,breitling,Superocean,No,Steel,Sapphire,Round,L,Professional,Black,Proprietary,Stick / Dot,8.537191877922927
https://watchbase.com/breitling/superocean/e10379d31l1e1,breitling,Superocean,No,Steel,Sapphire,Round,XL,Professional,Colorful,Proprietary,Stick / Dot,8.824824939175638
https://watchbase.com/breitling/superocean/a17366021b1a1,breitling,Superocean,No,Steel,Sapphire,Round,L,Extreme,Black,Stick/Minimalist,Mixed,8.281723990411392
https://watchbase.com/breitling/superocean/a13341c3c893162a,breitling,Superocean,No,Steel,Sapphire,Round,XL,Extreme,Blue,Stick/Minimalist,Arabic Numerals,8.521384396034705
https://watchbase.com/breitling/superocean/a1739010c666,breitling,Superocean,No,Steel,Sapphire,Round,XL,Extreme,Blue,Stick/Minimalist,Mixed,7.916078096302786
https://watchbase.com/breitling/superocean/a17375211b2s3,breitling,Superocean,No,Steel,Sapphire,Round,L,Professional,Black,Proprietary,Stick / Dot,8.537191877922927
https://watchbase.com/breitling/superocean/e10379351b1e1,breitling,Superocean,No,Steel,Sapphire,Round,XL,Professional,Black,Proprietary,Stick / Dot,8.824824939175638
https://watchbase.com/breitling/superocean/a17375211b1a1,breitling,Superocean,No,Steel,Sapphire,Round,L,Professional,Black,Proprietary,Stick / Dot,8.434028950155469
https://watchbase.com/breitling/superocean/y17393101b1a1,breitling,Superocean,No,Steel,Sapphire,Round,XL,Extreme,Black,Stick/Minimalist,Stick / Dot,8.347827345782498
https://watchbase.com/breitling/superocean/a173762a1b1s1,breitling,Superocean,Yes,Steel,Sapphire,Round,XL,Professional,Black,Proprietary,Stick / Dot,8.507344855361422
https://watchbase.com/breitling/superocean/a13341c3bd19162a,breitling,Superocean,No,Steel,Sapphire,Round,XL,Extreme,Black,Stick/Minimalist,Arabic Numerals,8.521384396034705
https://watchbase.com/breitling/superocean/a17376211l2s2,breitling,Superocean,No,Steel,Sapphire,Round,XL,Professional,Other,Proprietary,Stick / Dot,8.546946149565585
https://watchbase.com/breitling/superocean/a173761a1b1s1,breitling,Superocean,Yes,Steel,Sapphire,Round,XL,Professional,Black,Proprietary,Stick / Dot,8.507344855361422
https://watchbase.com/breitling/superocean/a1739010b772,breitling,Superocean,No,Steel,Sapphire,Round,XL,Extreme,Black,Stick/Minimalist,Mixed,7.916078096302786
https://watchbase.com/breitling/superocean/a1736006-i514,breitling,Superocean,No,Steel,Sapphire,Round,L,Extreme,Colorful,Sword-style,Arabic Numerals,7.591357046698551
https://watchbase.com/breitling/superocean/a173766a1a1s1,breitling,Superocean,Yes,Steel,Sapphire,Round,XL,Professional,Silver/White,Proprietary,Stick / Dot,8.594339400592892
https://watchbase.com/breitling/superocean/a1334011b683,breitling,Superocean,No,Steel,Sapphire,Round,L,Extreme,Black,Stick/Minimalist,Stick / Dot,8.261268150577648
https://watchbase.com/breitling/superocean/a1334011c616,breitling,Superocean,No,Steel,Sapphire,Round,L,Extreme,Blue,Stick/Minimalist,Stick / Dot,8.174984532943087
https://watchbase.com/breitling/superocean/a17375211i1a1,breitling,Superocean,No,Steel,Sapphire,Round,L,Professional,Colorful,Proprietary,Stick / Dot,8.46611040118692
https://watchbase.com/breitling/colt/a17388101c1x2,breitling,Colt,No,Steel,Sapphire,Round,XL,Professional,Blue,Stick/Minimalist,Stick / Dot,7.989899374942939
https://watchbase.com/breitling/colt/a1338811-c914-438x-a20d-1,breitling,Colt,No,Steel,Sapphire,Round,XL,Professional,Blue,Stick/Minimalist,Stick / Dot,8.449128460502108
https://watchbase.com/breitling/colt/a1338811-c914-435x-a20ba-1,breitling,Colt,No,Steel,Sapphire,Round,XL,Professional,Blue,Stick/Minimalist,Stick / Dot,8.398634855292102
https://watchbase.com/breitling/colt/a17388101c1a1,breitling,Colt,No,Steel,Sapphire,Round,XL,Professional,Blue,Stick/Minimalist,Stick / Dot,8.086717920303906
https://watchbase.com/breitling/colt/a7738853-bd46-408x-a14ba-1,breitling,Colt,No,Steel,Sapphire,Round,S,Professional,Black,Stick/Minimalist,Mixed,8.449128460502108
https://watchbase.com/breitling/colt/a74388111g1a1,breitling,Colt,No,Steel,Sapphire,Round,XL,Professional,Silver/White,Stick/Minimalist,Mixed,7.9483852851118995
https://watchbase.com/breitling/colt/a1738811-c906-433x,breitling,Colt,No,Steel,Sapphire,Round,XL,Professional,Blue,Stick/Minimalist,Stick / Dot,7.923348211930154
https://watchbase.com/breitling/colt/a1731311-g820-182a,breitling,Colt,No,Steel,Sapphire,Round,L,Professional,Black,Stick/Minimalist,Stick / Dot,8.058643712215618
https://watchbase.com/breitling/colt/a7338811-c905-145s-a20s-1,breitling,Colt,No,Steel,Sapphire,Round,XL,Professional,Blue,Stick/Minimalist,Stick / Dot,8.016647877057803
https://watchbase.com/breitling/colt/a13388111c1x1,breitling,Colt,No,Steel,Sapphire,Round,XL,Professional,Blue,Stick/Minimalist,Stick / Dot,8.398634855292102
https://watchbase.com/breitling/colt/a13388111c1a1,breitling,Colt,No,Steel,Sapphire,Round,XL,Professional,Blue,Stick/Minimalist,Stick / Dot,8.482808764554406
https://watchbase.com/breitling/colt/a1738811-g791-173a,breitling,Colt,No,Steel,Sapphire,Round,XL,Professional,Silver/White,Stick/Minimalist,Stick / Dot,8.055475141757274
https://watchbase.com/breitling/colt/a1738011c676,breitling,Colt,No,Steel,Sapphire,Round,L,Extreme,Blue,Stick/Minimalist,Stick / Dot,7.692113339595466
https://watchbase.com/breitling/colt/a1338811-c914-112x-a20d-1,breitling,Colt,No,Steel,Sapphire,Round,XL,Professional,Blue,Stick/Minimalist,Stick / Dot,8.449128460502108
https://watchbase.com/breitling/colt/a1738810-bg81-173a,breitling,Colt,No,Steel,Sapphire,Round,XL,Professional,Black,Stick/Minimalist,Stick / Dot,8.086717920303906
https://watchbase.com/breitling/colt/a1731311-be90-225s,breitling,Colt,No,Steel,Sapphire,Round,L,Professional,Black,Stick/Minimalist,Stick / Dot,7.901377353792616
https://watchbase.com/breitling/colt/a73388111c1x1,breitling,Colt,No,Steel,Sapphire,Round,XL,Professional,Blue,Stick/Minimalist,Stick / Dot,8.036249942132116
https://watchbase.com/breitling/colt/m1338810-bf01-227s,breitling,Colt,No,Steel,Sapphire,Round,XL,Professional,Black,Stick/Minimalist,Stick / Dot,8.46821300919452
https://watchbase.com/breitling/colt/a73388111c1a1,breitling,Colt,No,Steel,Sapphire,Round,XL,Professional,Blue,Stick/Minimalist,Stick / Dot,8.15507488781144
https://watchbase.com/breitling/colt/a1738811-c906-158s,breitling,Colt,No,Steel,Sapphire,Round,XL,Professional,Blue,Stick/Minimalist,Stick / Dot,7.901377353792616
https://watchbase.com/breitling/colt/a7338710c848157a,breitling,Colt,No,Steel,Sapphire,Round,XL,Professional,Blue,Stick/Minimalist,Arabic Numerals,8.074337694089515
https://watchbase.com/breitling/colt/a7738011-b785-813a,breitling,Colt,No,Steel,Sapphire,Round,S,Extreme,Black,Stick/Minimalist,Arabic Numerals,7.67368812926773
https://watchbase.com/breitling/colt/a7438010-c675-812a,breitling,Colt,No,Steel,Sapphire,Round,L,Extreme,Blue,Stick/Minimalist,Arabic Numerals,7.7057128238944275
https://watchbase.com/breitling/colt/a7338011-g597,breitling,Colt,No,Steel,Sapphire,Round,L,Professional,Silver/White,Stick/Minimalist,Stick / Dot,7.890208213109961
https://watchbase.com/breitling/colt/a17388101c1x3,breitling,Colt,No,Steel,Sapphire,Round,XL,Professional,Blue,Stick/Minimalist,Stick / Dot,8.064950891749143
https://watchbase.com/breitling/colt/a1338811-bd83-157s-a20d-2,breitling,Colt,No,Steel,Sapphire,Round,XL,Professional,Black,Stick/Minimalist,Stick / Dot,8.444837529224097
https://watchbase.com/breitling/colt/a13388111g1a1,breitling,Colt,No,Steel,Sapphire,Round,XL,Professional,Silver/White,Stick/Minimalist,Stick / Dot,8.482808764554406
https://watchbase.com/breitling/colt/a7338811-c905-158s-a20s-1,breitling,Colt,No,Steel,Sapphire,Round,XL,Professional,Blue,Stick/Minimalist,Stick / Dot,8.016647877057803
https://watchbase.com/breitling/colt/a7438010-c675-119s,breitling,Colt,No,Steel,Sapphire,Round,L,Extreme,Blue,Stick/Minimalist,Arabic Numerals,7.528869256642251
https://watchbase.com/breitling/colt/a1731310-g837-190a,breitling,Colt,No,Steel,Sapphire,Round,L,Professional,Grey/Brown,Stick/Minimalist,Stick / Dot,8.086717920303906
https://watchbase.com/breitling/colt/x74320b5-bg23-293s,breitling,Colt,No,Other,Sapphire,Round,XL,Standard,Black,Sword-style,Mixed,7.659642954564682
https://watchbase.com/breitling/colt/x74320e4-bf87-293s-x20s-1,breitling,Colt,No,Other,Sapphire,Round,XL,Standard,Black,Sword-style,Stick / Dot,7.596392304064196
https://watchbase.com/breitling/colt/a1738811-c906-173a,breitling,Colt,No,Steel,Sapphire,Round,XL,Professional,Blue,Stick/Minimalist,Stick / Dot,8.055475141757274
https://watchbase.com/breitling/colt/a1731311-be90-182a,breitling,Colt,No,Steel,Sapphire,Round,L,Professional,Black,Stick/Minimalist,Stick / Dot,8.058643712215618
https://watchbase.com/breitling/colt/a7338811-g790-105x-a20ba-1,breitling,Colt,No,Steel,Sapphire,Round,XL,Professional,Silver/White,Stick/Minimalist,Stick / Dot,8.036249942132116
https://watchbase.com/breitling/colt/a1338811-bd83-173a,breitling,Colt,No,Steel,Sapphire,Round,XL,Professional,Black,Stick/Minimalist,Stick / Dot,8.482808764554406
https://watchbase.com/breitling/colt/a7738011-c677-813a,breitling,Colt,No,Steel,Sapphire,Round,S,Extreme,Blue,Stick/Minimalist,Arabic Numerals,7.67368812926773
https://watchbase.com/breitling/colt/a1338811-c914-145s-a20s-1,breitling,Colt,No,Steel,Sapphire,Round,XL,Professional,Blue,Stick/Minimalist,Stick / Dot,8.385032287813898
https://watchbase.com/breitling/colt/a3235011g567,breitling,Colt,No,Steel,Sapphire,Round,L,Extreme,Silver/White,Stick/Minimalist,Arabic Numerals,7.771067086065406
https://watchbase.com/breitling/colt/a7338011-b782,breitling,Colt,No,Steel,Sapphire,Round,L,Professional,Black,Stick/Minimalist,Stick / Dot,7.745435610274381
https://watchbase.com/breitling/colt/a1738811-bd44-173a,breitling,Colt,No,Steel,Sapphire,Round,XL,Professional,Black,Stick/Minimalist,Stick / Dot,7.694392802629421
https://watchbase.com/breitling/colt/a17388101b1s1,breitling,Colt,No,Steel,Sapphire,Round,XL,Professional,Black,Stick/Minimalist,Stick / Dot,8.058643712215618
https://watchbase.com/breitling/colt/a17313101g1s1,breitling,Colt,No,Steel,Sapphire,Round,L,Professional,Silver/White,Stick/Minimalist,Stick / Dot,8.058643712215618
https://watchbase.com/breitling/colt/a7338011-c674,breitling,Colt,No,Steel,Sapphire,Round,L,Professional,Blue,Stick/Minimalist,Stick / Dot,7.890208213109961
https://watchbase.com/breitling/colt/a17313101f1a1,breitling,Colt,No,Steel,Sapphire,Round,L,Professional,Grey/Brown,Stick/Minimalist,Stick / Dot,8.086717920303906
https://watchbase.com/breitling/colt/a7438010-b783-812a,breitling,Colt,No,Steel,Sapphire,Round,L,Extreme,Black,Stick/Minimalist,Arabic Numerals,7.7057128238944275
https://watchbase.com/breitling/colt/a3235011b715,breitling,Colt,No,Steel,Sapphire,Round,L,Extreme,Black,Stick/Minimalist,Arabic Numerals,7.897668150726906
https://watchbase.com/breitling/colt/a3235011c642,breitling,Colt,No,Steel,Sapphire,Round,L,Extreme,Blue,Stick/Minimalist,Arabic Numerals,7.897668150726906
https://watchbase.com/breitling/superocean-heritage/ab202033-q618-152a,breitling,Superocean Heritage,No,Steel,Sapphire,Round,XL,Professional,Other,Sword-style,Stick / Dot,8.4252971767117
https://watchbase.com/breitling/superocean-heritage/ab2020121b1a1,breitling,Superocean Heritage,No,Steel,Sapphire,Round,XL,Professional,Black,Sword-style,Stick / Dot,8.486940148245216
https://watchbase.com/breitling/superocean-heritage/ab2020161c1s1,breitling,Superocean Heritage,No,Steel,Sapphire,Round,XL,Professional,Blue,Sword-style,Stick / Dot,8.423102268016642
https://watchbase.com/breitling/superocean-heritage/a1732124-ba61-154a,breitling,Superocean Heritage,No,Steel,Sapphire,Round,L,Professional,Black,Sword-style,Stick / Dot,8.279189777195004
https://watchbase.com/breitling/superocean-heritage/ab2010a11b1s1,breitling,Superocean Heritage,Yes,Steel,Sapphire,Round,L,Professional,Black,Sword-style,Stick / Dot,8.585038738311304
https://watchbase.com/breitling/superocean-heritage/ab2010121l1a1,breitling,Superocean Heritage,No,Steel,Sapphire,Round,L,Professional,Colorful,Sword-style,Stick / Dot,8.486940148245216
https://watchbase.com/breitling/superocean-heritage/absylt,breitling,Superocean Heritage,No,Steel,Sapphire,Round,L,Professional,Blue,Sword-style,Stick / Dot,8.423102268016642
https://watchbase.com/breitling/superocean-heritage/a133131a1g1w1,breitling,Superocean Heritage,Yes,Steel,Sapphire,Round,XL,Professional,Silver/White,Sword-style,Stick / Dot,8.665785595466064
https://watchbase.com/breitling/superocean-heritage/ab0162121g1a1,breitling,Superocean Heritage,No,Steel,Sapphire,Round,XL,Professional,Silver/White,Sword-style,Stick / Dot,8.941283763647567
https://watchbase.com/breitling/superocean-heritage/ab201016-g827-154a,breitling,Superocean Heritage,No,Steel,Sapphire,Round,L,Professional,Silver/White,Sword-style,Stick / Dot,8.45553053102413
https://watchbase.com/breitling/superocean-heritage/ab2010121b1a1,breitling,Superocean Heritage,No,Steel,Sapphire,Round,L,Professional,Black,Sword-style,Stick / Dot,8.486940148245216
https://watchbase.com/breitling/superocean-heritage/ab201012-g827-154a,breitling,Superocean Heritage,No,Steel,Sapphire,Round,L,Professional,Silver/White,Sword-style,Stick / Dot,8.45553053102413
https://watchbase.com/breitling/superocean-heritage/a1332024-g698-152a,breitling,Superocean Heritage,No,Steel,Sapphire,Round,XL,Professional,Silver/White,Sword-style,Stick / Dot,8.577535420422398
https://watchbase.com/breitling/superocean-heritage/ab2020121l1a1,breitling,Superocean Heritage,No,Steel,Sapphire,Round,XL,Professional,Colorful,Sword-style,Stick / Dot,8.527341522468053
https://watchbase.com/breitling/superocean-heritage/a13313121b1a1,breitling,Superocean Heritage,No,Steel,Sapphire,Round,XL,Professional,Black,Sword-style,Stick / Dot,8.670943791222156
https://watchbase.com/breitling/superocean-heritage/ab0162121g1s1,breitling,Superocean Heritage,No,Steel,Sapphire,Round,XL,Professional,Silver/White,Sword-style,Stick / Dot,8.902591637374087
https://watchbase.com/breitling/superocean-heritage/ab201033-g827-154a,breitling,Superocean Heritage,No,Steel,Sapphire,Round,L,Professional,Silver/White,Sword-style,Stick / Dot,8.39638057119949
https://watchbase.com/breitling/superocean-heritage/a2337024-g753-154a,breitling,Superocean Heritage,No,Steel,Sapphire,Round,XL,Professional,Silver/White,Sword-style,Stick / Dot,8.630700432209832
https://watchbase.com/breitling/superocean-heritage/ab2020121l1s1,breitling,Superocean Heritage,No,Steel,Sapphire,Round,XL,Professional,Colorful,Sword-style,Stick / Dot,8.46611040118692
https://watchbase.com/breitling/superocean-heritage/ub2010161c1a1,breitling,Superocean Heritage,No,Steel,Sapphire,Round,L,Professional,Blue,Sword-style,Stick / Dot,8.674367865788236
https://watchbase.com/breitling/superocean-heritage/ub2010121b1s1,breitling,Superocean Heritage,No,Steel,Sapphire,Round,L,Professional,Black,Sword-style,Stick / Dot,8.621733370690162
https://watchbase.com/breitling/superocean-heritage/sb0161e4-be91-256s,breitling,Superocean Heritage,Yes,Synthetic,Sapphire,Round,XL,Standard,Black,Sword-style,Stick / Dot,10.526775414924009
https://watchbase.com/breitling/superocean-heritage/ab2020161c1a1,breitling,Superocean Heritage,No,Steel,Sapphire,Round,XL,Professional,Blue,Sword-style,Stick / Dot,8.486940148245216
https://watchbase.com/breitling/superocean-heritage/ab201033-q617-294s,breitling,Superocean Heritage,No,Steel,Sapphire,Round,L,Professional,Other,Sword-style,Stick / Dot,8.352554369474591
https://watchbase.com/breitling/superocean-heritage/ab2030161c1a1,breitling,Superocean Heritage,No,Steel,Sapphire,Round,XL,Professional,Blue,Sword-style,Stick / Dot,8.486940148245216
https://watchbase.com/breitling/superocean-heritage/ab201012-g827-278s-a20s-1,breitling,Superocean Heritage,No,Steel,Sapphire,Round,L,Professional,Silver/White,Sword-style,Stick / Dot,8.25088114470065
https://watchbase.com/breitling/superocean-heritage/u2337012-bb81-154a,breitling,Superocean Heritage,No,Steel,Sapphire,Round,XL,Professional,Black,Sword-style,Stick / Dot,8.799510901368867
https://watchbase.com/breitling/superocean-heritage/ab201012-bf73-278s-a20s-1,breitling,Superocean Heritage,No,Steel,Sapphire,Round,L,Professional,Black,Sword-style,Stick / Dot,8.258681496264236
https://watchbase.com/breitling/superocean-heritage/ab201016-g827-211s-a20s-1,breitling,Superocean Heritage,No,Steel,Sapphire,Round,L,Professional,Silver/White,Sword-style,Stick / Dot,8.326274787396764
https://watchbase.com/breitling/superocean-heritage/a2337024-g753-200s,breitling,Superocean Heritage,No,Steel,Sapphire,Round,XL,Professional,Silver/White,Sword-style,Stick / Dot,8.575650760987806
https://watchbase.com/breitling/superocean-heritage/ab202033-q618-295s-a20d-2,breitling,Superocean Heritage,No,Steel,Sapphire,Round,XL,Professional,Other,Sword-style,Stick / Dot,8.382747094863314
https://watchbase.com/breitling/superocean-heritage/ab2030121b1a1,breitling,Superocean Heritage,No,Steel,Sapphire,Round,XL,Professional,Black,Sword-style,Stick / Dot,8.486940148245216
https://watchbase.com/breitling/superocean-heritage/ab2010161c1a1,breitling,Superocean Heritage,No,Steel,Sapphire,Round,L,Professional,Blue,Sword-style,Stick / Dot,8.486940148245216
https://watchbase.com/breitling/superocean-heritage/ab2030161c1s1,breitling,Superocean Heritage,No,Steel,Sapphire,Round,XL,Professional,Blue,Sword-style,Stick / Dot,8.423102268016642
https://watchbase.com/breitling/superocean-heritage/a1732024-b868-152a,breitling,Superocean Heritage,No,Steel,Sapphire,Round,XL,Professional,Black,Sword-style,Stick / Dot,8.279189777195004
https://watchbase.com/breitling/superocean-heritage/ab20303a1a1a1,breitling,Superocean Heritage,Yes,Steel,Sapphire,Round,XL,Professional,Silver/White,Sword-style,Stick / Dot,8.585038738311304
https://watchbase.com/breitling/superocean-heritage/absyltii,breitling,Superocean Heritage,Yes,Steel,Sapphire,Round,L,Professional,Blue,Sword-style,Stick / Dot,8.46611040118692
https://watchbase.com/breitling/superocean-heritage/ub20106a1b1s1,breitling,Superocean Heritage,Yes,Steel,Sapphire,Round,L,Professional,Colorful,Sword-style,Stick / Dot,8.846640813100485
https://watchbase.com/breitling/chronomat-b01-44/ab011012-a691-131s,breitling,Chronomat B01 44,No,Steel,Sapphire,Round,XL,Extreme,Silver/White,Stick/Minimalist,Roman Numerals,8.840869624091395
https://watchbase.com/breitling/chronomat-b01-44/ab011012-a690-145s,breitling,Chronomat B01 44,No,Steel,Sapphire,Round,XL,Extreme,Silver/White,Stick/Minimalist,Roman Numerals,8.808518618782816
https://watchbase.com/breitling/chronomat-b01-44/ab011011-f546-435x,breitling,Chronomat B01 44,No,Steel,Sapphire,Round,XL,Extreme,Grey/Brown,Stick/Minimalist,Stick / Dot,8.768885326134864
https://watchbase.com/breitling/chronomat-b01-44/ab011011-c788-375a,breitling,Chronomat B01 44,No,Steel,Sapphire,Round,XL,Extreme,Blue,Stick/Minimalist,Stick / Dot,8.922791623969637
https://watchbase.com/breitling/chronomat-b01-44/cb011012-a696-375c,breitling,Chronomat B01 44,No,Steel,Sapphire,Round,XL,Extreme,Silver/White,Stick/Minimalist,Stick / Dot,9.431161227920747
https://watchbase.com/breitling/chronomat-b01-44/ib011012-b968,breitling,Chronomat B01 44,No,Steel,Sapphire,Round,XL,Extreme,Black,Stick/Minimalist,Stick / Dot,8.95944014361693
https://watchbase.com/breitling/chronomat-b01-44/cb0110121c1c1,breitling,Chronomat B01 44,No,Steel,Sapphire,Round,XL,Extreme,Blue,Stick/Minimalist,Stick / Dot,9.443909388773974
https://watchbase.com/breitling/chronomat-b01-44/ab0110aa-c788-731p,breitling,Chronomat B01 44,No,Steel,Sapphire,Round,XL,Extreme,Blue,Stick/Minimalist,Stick / Dot,9.302098797215724
https://watchbase.com/breitling/chronomat-b01-44/ab01104d-bc62-153s,breitling,Chronomat B01 44,Yes,Steel,Sapphire,Round,XL,Extreme,Black,Stick/Minimalist,Stick / Dot,8.905308661189288
https://watchbase.com/breitling/chronomat-b01-44/hb011010-q588-377h,breitling,Chronomat B01 44,No,Gold Variants,Sapphire,Round,XL,Standard,Grey/Brown,Stick/Minimalist,Stick / Dot,10.775429243836092
https://watchbase.com/breitling/chronomat-b01-44/ab041012-ba69-383a,breitling,Chronomat B01 44,No,Steel,Sapphire,Round,XL,Extreme,Black,Stick/Minimalist,Stick / Dot,9.061956366209925
https://watchbase.com/breitling/chronomat-b01-44/cb011012-c784-375c,breitling,Chronomat B01 44,No,Steel,Sapphire,Round,XL,Extreme,Blue,Stick/Minimalist,Roman Numerals,9.318387276059317
https://watchbase.com/breitling/chronomat-b01-44/hb011012-b957-375h,breitling,Chronomat B01 44,No,Gold Variants,Sapphire,Round,XL,Standard,Black,Stick/Minimalist,Roman Numerals,10.588375721156378
https://watchbase.com/breitling/chronomat-b01-44/pb0136251c1s1,breitling,Chronomat B01 44,No,Steel,Sapphire,Round,XL,Professional,Blue,Stick/Minimalist,Stick / Dot,9.249657234353133
https://watchbase.com/breitling/chronomat-b01-44/ab0115101c1a1,breitling,Chronomat B01 44,No,Steel,Sapphire,Round,XL,Extreme,Blue,Stick/Minimalist,Stick / Dot,9.005895898094458
https://watchbase.com/breitling/chronomat-b01-44/hb0110ae-bc53-375h,breitling,Chronomat B01 44,No,Gold Variants,Sapphire,Round,XL,Standard,Blue,Stick/Minimalist,Gem-Set Indexes,10.903034285460993
https://watchbase.com/breitling/chronomat-b01-44/hb011012-b968-375h,breitling,Chronomat B01 44,No,Gold Variants,Sapphire,Round,XL,Standard,Black,Stick/Minimalist,Stick / Dot,10.775429243836092
https://watchbase.com/breitling/chronomat-b01-44/cb011053-c790-375c,breitling,Chronomat B01 44,No,Steel,Sapphire,Round,XL,Extreme,Blue,Stick/Minimalist,Stick / Dot,9.820703591057207
https://watchbase.com/breitling/chronomat-b01-44/ab042011-f561-375a,breitling,Chronomat B01 44,No,Steel,Sapphire,Round,XL,Professional,Grey/Brown,Stick/Minimalist,Stick / Dot,9.11943049661634
https://watchbase.com/breitling/chronomat-b01-44/cb011053-a693-375c,breitling,Chronomat B01 44,No,Synthetic,Sapphire,Round,XL,Extreme,Silver/White,Stick/Minimalist,Roman Numerals,9.851193757814993
https://watchbase.com/breitling/chronomat-b01-44/ab011012-b967-131s,breitling,Chronomat B01 44,No,Steel,Sapphire,Round,XL,Extreme,Black,Stick/Minimalist,Stick / Dot,8.87640491500694
https://watchbase.com/breitling/chronomat-b01-44/mb0111c3-i531-262s,breitling,Chronomat B01 44,No,Steel,Sapphire,Round,XL,Professional,Colorful,Stick/Minimalist,Stick / Dot,9.093918908958932
https://watchbase.com/breitling/chronomat-b01-44/ab01154gbd13101w,breitling,Chronomat B01 44,No,Steel,Sapphire,Round,XL,Professional,Black,Stick/Minimalist,Stick / Dot,8.422003004412488
https://watchbase.com/breitling/chronomat-b01-44/ab011012-c789-375a,breitling,Chronomat B01 44,No,Steel,Sapphire,Round,XL,Extreme,Blue,Stick/Minimalist,Stick / Dot,9.031333316150057
https://watchbase.com/breitling/chronomat-b01-44/ab011012-b956-375a,breitling,Chronomat B01 44,No,Steel,Sapphire,Round,XL,Extreme,Black,Stick/Minimalist,Roman Numerals,8.922791623969637
https://watchbase.com/breitling/chronomat-b01-44/cb011012-a693-375c,breitling,Chronomat B01 44,No,Synthetic,Sapphire,Round,XL,Extreme,Silver/White,Stick/Minimalist,Roman Numerals,9.475853519656901
https://watchbase.com/breitling/chronomat-b01-44/cb011012-q567-437x,breitling,Chronomat B01 44,No,Steel,Sapphire,Round,XL,Extreme,Grey/Brown,Stick/Minimalist,Stick / Dot,9.065430200180375
https://watchbase.com/breitling/chronomat-b01-44/cb011012-b957-131s,breitling,Chronomat B01 44,No,Steel,Sapphire,Round,XL,Extreme,Black,Stick/Minimalist,Roman Numerals,9.066585468331045
https://watchbase.com/breitling/chronomat-b01-44/ab0115101f1a1,breitling,Chronomat B01 44,No,Steel,Sapphire,Round,XL,Extreme,Grey/Brown,Stick/Minimalist,Stick / Dot,9.005895898094458
https://watchbase.com/breitling/chronomat-b01-44/cb042012-a739-375c,breitling,Chronomat B01 44,No,Synthetic,Sapphire,Round,XL,Professional,Silver/White,Stick/Minimalist,Stick / Dot,9.616538544660177
https://watchbase.com/breitling/chronomat-b01-44/cb011053-a698-375c,breitling,Chronomat B01 44,No,Synthetic,Sapphire,Round,XL,Extreme,Silver/White,Stick/Minimalist,Gem-Set Indexes,9.953277217038643
https://watchbase.com/breitling/chronomat-b01-44/ab011011-c789-145s,breitling,Chronomat B01 44,No,Steel,Sapphire,Round,XL,Extreme,Blue,Stick/Minimalist,Stick / Dot,8.762646029650282
https://watchbase.com/breitling/chronomat-b01-44/mb0111av-i532-262s,breitling,Chronomat B01 44,No,Steel,Sapphire,Round,XL,Professional,Colorful,Stick/Minimalist,Stick / Dot,9.594990340370426
https://watchbase.com/breitling/chronomat-b01-44/ab011012-b967-744p,breitling,Chronomat B01 44,No,Steel,Sapphire,Round,XL,Extreme,Black,Stick/Minimalist,Stick / Dot,8.744488113852924
https://watchbase.com/breitling/chronomat-b01-44/ab042011-bb56-375a,breitling,Chronomat B01 44,No,Steel,Sapphire,Round,XL,Professional,Black,Stick/Minimalist,Stick / Dot,8.896451207355227
https://watchbase.com/breitling/chronomat-b01-44/a4435912-b811,breitling,Chronomat B01 44,No,Steel,Sapphire,Round,XL,Professional,Black,Stick/Minimalist,Stick / Dot,8.761080103868347
https://watchbase.com/breitling/chronomat-b01-44/a4435910-b811,breitling,Chronomat B01 44,No,Steel,Sapphire,Round,XL,Professional,Black,Stick/Minimalist,Stick / Dot,8.761080103868347
https://watchbase.com/breitling/avenger/eb0148101b1e1,breitling,Avenger,No,Titanium,Sapphire,Round,XL,Professional,Black,Stick/Minimalist,Stick / Dot,9.18512512283512
https://watchbase.com/breitling/avenger/a32320101c1x1,breitling,Avenger,No,Steel,Sapphire,Round,XL,Professional,Blue,Stick/Minimalist,Stick / Dot,8.537191877922927
https://watchbase.com/breitling/avenger/ab0147101b1a1,breitling,Avenger,No,Steel,Sapphire,Round,XL,Professional,Black,Stick/Minimalist,Stick / Dot,8.974744612722734
https://watchbase.com/breitling/avenger/ab0147101l1a1,breitling,Avenger,No,Steel,Sapphire,Round,XL,Professional,Colorful,Stick/Minimalist,Stick / Dot,8.974744612722734
https://watchbase.com/breitling/avenger/v13317101b1x2,breitling,Avenger,No,Titanium,Sapphire,Round,XL,Standard,Black,Stick/Minimalist,Arabic Numerals,8.732465848349879
https://watchbase.com/breitling/avenger/a32397101b1a1,breitling,Avenger,No,Steel,Sapphire,Round,L,Extreme,Black,Stick/Minimalist,Stick / Dot,8.366602832783736
https://watchbase.com/breitling/avenger/a133751a1a1a1,breitling,Avenger,Yes,Steel,Sapphire,Round,XXL,Standard,Silver/White,Stick/Minimalist,Stick / Dot,8.657129031713755
https://watchbase.com/breitling/avenger/sb0148101b1x1,breitling,Avenger,No,Synthetic,Sapphire,Round,XL,Professional,Black,Stick/Minimalist,Arabic Numerals,9.169622538697624
https://watchbase.com/breitling/avenger/ab0146101b1x1,breitling,Avenger,No,Steel,Sapphire,Round,L,Professional,Black,Stick/Minimalist,Stick / Dot,8.962007209588313
https://watchbase.com/breitling/avenger/a17318101c1x1,breitling,Avenger,No,Steel,Sapphire,Round,L,Professional,Blue,Stick/Minimalist,Stick / Dot,8.202756381655638
https://watchbase.com/breitling/avenger/m17331at-be95-134s,breitling,Avenger,No,Steel,Sapphire,Round,XL,Extreme,Blue,Stick/Minimalist,Stick / Dot,9.112837790614945
https://watchbase.com/breitling/avenger/xb0180e41i1w1,breitling,Avenger,No,Other,Sapphire,Round,XL,Standard,Colorful,Stick/Minimalist,Arabic Numerals,8.910720661951359
https://watchbase.com/breitling/avenger/a1337111-bc29-104w-a20ba-1,breitling,Avenger,No,Steel,Sapphire,Round,XXL,Professional,Black,Stick/Minimalist,Stick / Dot,8.517393171418904
https://watchbase.com/breitling/avenger/m3239010-bf04-109w,breitling,Avenger,No,Steel,Sapphire,Round,L,Professional,Black,Stick/Minimalist,Stick / Dot,8.39185670010494
https://watchbase.com/breitling/avenger/a1338012-b975-435x,breitling,Avenger,No,Steel,Sapphire,Round,XL,Professional,Black,Stick/Minimalist,Arabic Numerals,8.364275084991524
https://watchbase.com/breitling/avenger/a13371111b1s2,breitling,Avenger,No,Steel,Sapphire,Round,XXL,Professional,Black,Stick/Minimalist,Stick / Dot,8.503297086224126
https://watchbase.com/breitling/avenger/a32390111b2a1,breitling,Avenger,No,Steel,Sapphire,Round,L,Professional,Black,Stick/Minimalist,Arabic Numerals,8.291797105048733
https://watchbase.com/breitling/avenger/a1733010c801145s,breitling,Avenger,No,Steel,Sapphire,Round,XL,Extreme,Blue,Stick/Minimalist,Stick / Dot,8.019941687677365
https://watchbase.com/breitling/avenger/a1338012-b995-743p,breitling,Avenger,No,Steel,Sapphire,Round,XL,Professional,Black,Stick/Minimalist,Stick / Dot,8.431853144249223
https://watchbase.com/breitling/avenger/a1337011-b682,breitling,Avenger,No,Steel,Sapphire,Round,XXL,Professional,Black,Stick/Minimalist,Arabic Numerals,8.464003362902119
https://watchbase.com/breitling/avenger/s32320101b1x1,breitling,Avenger,No,Synthetic,Sapphire,Round,XL,Professional,Black,Stick/Minimalist,Arabic Numerals,8.824824939175638
https://watchbase.com/breitling/avenger/a17328101c1x1,breitling,Avenger,No,Steel,Sapphire,Round,L,Professional,Blue,Stick/Minimalist,Stick / Dot,8.38958706681109
https://watchbase.com/breitling/avenger/a13375101b1a1,breitling,Avenger,No,Steel,Sapphire,Round,XXL,Standard,Black,Stick/Minimalist,Stick / Dot,8.657129031713755
https://watchbase.com/breitling/avenger/a1733110-bc30-435x-a20basa-1,breitling,Avenger,No,Steel,Sapphire,Round,XL,Extreme,Black,Stick/Minimalist,Stick / Dot,8.188966863648876
https://watchbase.com/breitling/avenger/v1731010-bd12-100w,breitling,Avenger,No,Titanium,Sapphire,Round,XXL,Professional,Black,Stick/Minimalist,Stick / Dot,8.442685139241176
https://watchbase.com/breitling/avenger/a1337011c792135a,breitling,Avenger,No,Steel,Sapphire,Round,XXL,Professional,Blue,Stick/Minimalist,Arabic Numerals,8.464003362902119
https://watchbase.com/breitling/avenger/ab0147101b1x1,breitling,Avenger,No,Steel,Sapphire,Round,XL,Professional,Black,Stick/Minimalist,Stick / Dot,8.936035096566041
https://watchbase.com/breitling/avenger/a32395101c1a1,breitling,Avenger,No,Steel,Sapphire,Round,L,Professional,Blue,Stick/Minimalist,Stick / Dot,8.37816098272068
https://watchbase.com/breitling/avenger/a17328101b1a1,breitling,Avenger,No,Steel,Sapphire,Round,L,Professional,Black,Stick/Minimalist,Stick / Dot,8.45553053102413
https://watchbase.com/breitling/avenger/a13371111b1a1,breitling,Avenger,No,Steel,Sapphire,Round,XXL,Professional,Black,Stick/Minimalist,Stick / Dot,8.59062950948942
https://watchbase.com/breitling/avenger/s17328101b1x1,breitling,Avenger,No,Synthetic,Sapphire,Round,L,Professional,Black,Stick/Minimalist,Stick / Dot,8.716207971151853
https://watchbase.com/breitling/avenger/r13317721b1t1,breitling,Avenger,No,Gold Variants,Sapphire,Round,XL,Standard,Black,Stick/Minimalist,Stick / Dot,12.274903503893707
https://watchbase.com/breitling/avenger/e1731063-bd12-137s,breitling,Avenger,No,Titanium,Sapphire,Round,XXL,Professional,Black,Stick/Minimalist,Stick / Dot,10.03192474171143
https://watchbase.com/breitling/avenger/a13380r4-ba47-132a,breitling,Avenger,Yes,Steel,Sapphire,Round,XL,Professional,Black,Stick/Minimalist,Arabic Numerals,8.380456667842767
https://watchbase.com/breitling/navitimer/ab0121211c1a1,breitling,Navitimer,No,Steel,Sapphire,Round,L,Basic,Blue,Traditional/Special,Stick / Dot,9.03013657115323
https://watchbase.com/breitling/galactic/w7234812-a785-270x-a12ba-1,breitling,Galactic,No,Synthetic,Sapphire,Round,XS,Standard,Silver/White,Stick/Minimalist,Gem-Set Indexes,8.202756381655638
https://watchbase.com/breitling/galactic/w7234812-a785-477x-a12ba-1,breitling,Galactic,No,Synthetic,Sapphire,Round,XS,Standard,Silver/White,Stick/Minimalist,Gem-Set Indexes,8.202756381655638
https://watchbase.com/breitling/galactic/w7234812-be50-249s-a12s-1,breitling,Galactic,No,Steel,Sapphire,Round,XS,Standard,Black,Stick/Minimalist,Gem-Set Indexes,8.266421472984554
https://watchbase.com/breitling/galactic/w7234812-be50-248s-a12s-1,breitling,Galactic,No,Steel,Sapphire,Round,XS,Standard,Black,Stick/Minimalist,Gem-Set Indexes,8.258681496264236
https://watchbase.com/breitling/galactic/w7234812-c948-287s-a12s-1,breitling,Galactic,No,Steel,Sapphire,Round,XS,Standard,Blue,Stick/Minimalist,Stick / Dot,8.0959035329611
https://watchbase.com/breitling/galactic/w7234812-a784-486x-a12ba-1,breitling,Galactic,No,Synthetic,Sapphire,Round,XS,Standard,Silver/White,Stick/Minimalist,Stick / Dot,8.029758520440822
https://watchbase.com/breitling/galactic/w72348121a1a1,breitling,Galactic,No,Synthetic,Sapphire,Round,XS,Standard,Silver/White,Stick/Minimalist,Stick / Dot,8.281723990411392
https://watchbase.com/breitling/galactic/w7234812-be49-273x-a12ba-1,breitling,Galactic,No,Steel,Sapphire,Round,XS,Standard,Black,Stick/Minimalist,Stick / Dot,8.029758520440822
https://watchbase.com/breitling/galactic/w72348121b2a1,breitling,Galactic,No,Steel,Sapphire,Round,XS,Standard,Black,Stick/Minimalist,Stick / Dot,8.281723990411392
https://watchbase.com/breitling/galactic/h7133012-a802-406x,breitling,Galactic,No,Gold Variants,Sapphire,Round,S,Standard,Silver/White,Stick/Minimalist,Stick / Dot,9.427143867544194
https://watchbase.com/breitling/galactic/c7133053-h550-164s-a14s-1,breitling,Galactic,No,Steel,Sapphire,Round,S,Standard,Silver/White,Stick/Minimalist,Gem-Set Indexes,8.95040315983296
https://watchbase.com/breitling/galactic/c7133053-bf64-211x-a14ba-1,breitling,Galactic,No,Steel,Sapphire,Round,S,Standard,Black,Stick/Minimalist,Gem-Set Indexes,8.954286157204713
https://watchbase.com/breitling/galactic/w7133012-a801-164s-a14s-1,breitling,Galactic,No,Synthetic,Sapphire,Round,S,Standard,Silver/White,Stick/Minimalist,Gem-Set Indexes,8.213652703029998
https://watchbase.com/breitling/galactic/h7234853-a792-791h,breitling,Galactic,No,Gold Variants,Sapphire,Round,XS,Standard,Silver/White,Stick/Minimalist,Gem-Set Indexes,10.161650696951378
https://watchbase.com/breitling/galactic/h7234853-be86-791h,breitling,Galactic,No,Gold Variants,Sapphire,Round,XS,Standard,Black,Stick/Minimalist,Gem-Set Indexes,10.161650696951378
https://watchbase.com/breitling/galactic/a7234853-a784-477x-a12ba-1,breitling,Galactic,No,Steel,Sapphire,Round,XS,Standard,Silver/White,Stick/Minimalist,Stick / Dot,8.692993531219926
https://watchbase.com/breitling/galactic/a7234853-be49-249s-a12s-1,breitling,Galactic,No,Steel,Sapphire,Round,XS,Standard,Black,Stick/Minimalist,Stick / Dot,8.732465848349879
https://watchbase.com/breitling/galactic/a7234853-be49-484x-a12ba-1,breitling,Galactic,No,Steel,Sapphire,Round,XS,Standard,Black,Stick/Minimalist,Stick / Dot,8.692993531219926
https://watchbase.com/breitling/galactic/h7234812-a792-791h,breitling,Galactic,No,Gold Variants,Sapphire,Round,XS,Standard,Silver/White,Stick/Minimalist,Gem-Set Indexes,10.042858113983936
https://watchbase.com/breitling/galactic/c7234812-be86-273x-a12ba-1,breitling,Galactic,No,Steel,Sapphire,Round,XS,Standard,Black,Stick/Minimalist,Gem-Set Indexes,8.45126704130007
https://watchbase.com/breitling/galactic/c7234812-c950-486x-a12ba-1,breitling,Galactic,No,Steel,Sapphire,Round,XS,Standard,Blue,Stick/Minimalist,Stick / Dot,8.31898612539206
https://watchbase.com/breitling/galactic/w7234812-be50-484x-a12ba-1,breitling,Galactic,No,Steel,Sapphire,Round,XS,Standard,Black,Stick/Minimalist,Gem-Set Indexes,8.202756381655638
https://watchbase.com/breitling/galactic/w7234812-a784-270x-a12ba-1,breitling,Galactic,No,Synthetic,Sapphire,Round,XS,Standard,Silver/White,Stick/Minimalist,Stick / Dot,8.029758520440822
https://watchbase.com/breitling/galactic/c71356l2-a712-238x,breitling,Galactic,No,Synthetic,Sapphire,Round,S,Standard,Silver/White,Stick/Minimalist,Gem-Set Indexes,8.464003362902119
https://watchbase.com/breitling/galactic/a49350l2-f549-366a,breitling,Galactic,No,Steel,Sapphire,Round,L,Professional,Grey/Brown,Stick/Minimalist,Stick / Dot,8.58876938990546
https://watchbase.com/breitling/galactic/a1336410f517435x,breitling,Galactic,No,Steel,Sapphire,Round,XL,Professional,Grey/Brown,Stick/Minimalist,Stick / Dot,8.478660241699453
https://watchbase.com/breitling/galactic/a1336410-c645-731p,breitling,Galactic,No,Steel,Sapphire,Round,XL,Professional,Blue,Stick/Minimalist,Stick / Dot,8.53915035876828
https://watchbase.com/breitling/galactic/a1336410-a569-379a,breitling,Galactic,No,Steel,Sapphire,Round,XL,Professional,Silver/White,Stick/Minimalist,Stick / Dot,8.764209507142004
https://watchbase.com/breitling/galactic/a49350la-c806-366a,breitling,Galactic,No,Steel,Sapphire,Round,L,Professional,Blue,Stick/Minimalist,Stick / Dot,9.25253742067597
https://watchbase.com/breitling/galactic/a49350la-ba07-366a,breitling,Galactic,No,Steel,Sapphire,Round,L,Professional,Black,Stick/Minimalist,Stick / Dot,9.25253742067597
https://watchbase.com/breitling/galactic/a1336410c805379a,breitling,Galactic,No,Steel,Sapphire,Round,XL,Professional,Blue,Stick/Minimalist,Stick / Dot,8.679482094459956
https://watchbase.com/breitling/galactic/c7234853-c950-287s-a12s-1,breitling,Galactic,No,Steel,Sapphire,Round,XS,Standard,Blue,Stick/Minimalist,Stick / Dot,8.88336291691676
https://watchbase.com/breitling/galactic/c7234812-c950-271x-a12ba-1,breitling,Galactic,No,Steel,Sapphire,Round,XS,Standard,Blue,Stick/Minimalist,Stick / Dot,8.31898612539206
https://watchbase.com/breitling/galactic/c7234812-bf32-248s-a12s-1,breitling,Galactic,No,Steel,Sapphire,Round,XS,Standard,Black,Stick/Minimalist,Stick / Dot,8.368925174747135
https://watchbase.com/breitling/galactic/a49350l2-ba07-366a,breitling,Galactic,No,Steel,Sapphire,Round,L,Professional,Black,Stick/Minimalist,Stick / Dot,8.58876938990546
https://watchbase.com/breitling/galactic/a37330121a1a1,breitling,Galactic,No,Steel,Sapphire,Round,M,Standard,Silver/White,Stick/Minimalist,Gem-Set Indexes,8.643120748014027
https://watchbase.com/breitling/galactic/a1336410-c645-379a,breitling,Galactic,No,Steel,Sapphire,Round,XL,Professional,Blue,Stick/Minimalist,Stick / Dot,8.679482094459956
https://watchbase.com/breitling/galactic/h3733053-q584-213x,breitling,Galactic,No,Gold Variants,Sapphire,Round,M,Standard,Other,Stick/Minimalist,Stick / Dot,9.973526543316103
https://watchbase.com/breitling/galactic/a49350l2-be58-428x,breitling,Galactic,No,Steel,Sapphire,Round,L,Professional,Black,Stick/Minimalist,Stick / Dot,8.343077871169383
https://watchbase.com/breitling/galactic/a3733053-a788-376a,breitling,Galactic,No,Steel,Sapphire,Round,M,Standard,Silver/White,Stick/Minimalist,Stick / Dot,9.129238770539141
https://watchbase.com/breitling/galactic/wb3510u4-bd94-743p,breitling,Galactic,No,Steel,Sapphire,Round,XL,Standard,Black,Stick/Minimalist,Stick / Dot,8.929435283803425
https://watchbase.com/breitling/galactic/a45320b9-bd42-375a,breitling,Galactic,No,Steel,Sapphire,Round,XL,Professional,Black,Stick/Minimalist,Stick / Dot,8.625329850020815
https://watchbase.com/breitling/galactic/wb3510u0-a777-743p,breitling,Galactic,No,Steel,Sapphire,Round,XL,Standard,Silver/White,Stick/Minimalist,Stick / Dot,8.929435283803425
https://watchbase.com/breitling/galactic/wb3510u4-bd94-375a,breitling,Galactic,No,Steel,Sapphire,Round,XL,Standard,Black,Stick/Minimalist,Stick / Dot,8.526351129201004
https://watchbase.com/breitling/galactic/wb3510u0-a777-375a,breitling,Galactic,No,Steel,Sapphire,Round,XL,Standard,Silver/White,Stick/Minimalist,Stick / Dot,9.02653771890043
https://watchbase.com/breitling/galactic/c3733053-c831-236x,breitling,Galactic,No,Steel,Sapphire,Round,M,Standard,Blue,Stick/Minimalist,Stick / Dot,9.127067452782361
https://watchbase.com/breitling/galactic/a45320b9-g797-375a,breitling,Galactic,No,Steel,Sapphire,Round,XL,Professional,Silver/White,Stick/Minimalist,Stick / Dot,8.625329850020815
https://watchbase.com/breitling/galactic/c49350l2-a706-724p,breitling,Galactic,No,Synthetic,Sapphire,Round,L,Professional,Silver/White,Stick/Minimalist,Gem-Set Indexes,8.82776136765472
https://watchbase.com/breitling/galactic/b49350l2ba08366a,breitling,Galactic,No,Steel,Sapphire,Round,L,Professional,Black,Stick/Minimalist,Gem-Set Indexes,8.57376254290413
https://watchbase.com/breitling/navitimer/a2232212-b567,breitling,Navitimer,No,Steel,Sapphire,Round,L,Basic,Black,Stick/Minimalist,Arabic Numerals,8.558527054909215
https://watchbase.com/breitling/navitimer/d2332212-c587,breitling,Navitimer,No,Steel,Sapphire,Round,L,Basic,Blue,Stick/Minimalist,Arabic Numerals,8.986071187374463
https://watchbase.com/breitling/navitimer/ab012512-c864-732p-a20ba-1,breitling,Navitimer,Yes,Steel,Sapphire,Round,L,Basic,Blue,Stick/Minimalist,Stick / Dot,8.916103530553727
https://watchbase.com/breitling/navitimer/ab0910371b1x1,breitling,Navitimer,Yes,Steel,Plexi,Round,L,Basic,Black,Traditional/Special,Arabic Numerals,8.954286157204713
https://watchbase.com/breitling/navitimer/ab0138241c1p1,breitling,Navitimer,No,Steel,Sapphire,Round,L,Basic,Blue,Traditional/Special,Stick / Dot,9.036106025364846
https://watchbase.com/breitling/navitimer/ub0121211f1p1,breitling,Navitimer,No,Steel,Sapphire,Round,L,Basic,Grey/Brown,Traditional/Special,Stick / Dot,9.148571345578551
https://watchbase.com/breitling/navitimer/mb0210b6-bc79-200s-m20dsa-2,breitling,Navitimer,Yes,Steel,Sapphire,Round,L,Basic,Black,Stick/Minimalist,Arabic Numerals,9.056139690898883
https://watchbase.com/breitling/navitimer/a2332212-c586,breitling,Navitimer,No,Steel,Sapphire,Round,L,Basic,Blue,Stick/Minimalist,Stick / Dot,8.692993531219926
https://watchbase.com/breitling/navitimer/pb02301a1b1a1,breitling,Navitimer,No,Steel,Sapphire,Round,L,Basic,Black,Traditional/Special,Arabic Numerals,9.179984251961283
https://watchbase.com/breitling/navitimer/pb02301a1b1p1,breitling,Navitimer,No,Steel,Sapphire,Round,L,Basic,Black,Traditional/Special,Arabic Numerals,9.127067452782361
https://watchbase.com/breitling/navitimer/a2135024-be62-443a,breitling,Navitimer,No,Steel,Sapphire,Round,XL,Basic,Silver/White,Stick/Minimalist,Stick / Dot,8.967121656230923
https://watchbase.com/breitling/navitimer/ab01383b1g1a1,breitling,Navitimer,Yes,Steel,Sapphire,Round,L,Basic,Silver/White,Traditional/Special,Stick / Dot,9.116139576577355
https://watchbase.com/breitling/navitimer/ab021012-bb59-435x-a20ba-1,breitling,Navitimer,Yes,Steel,Sapphire,Round,L,Standard,Black,Stick/Minimalist,Arabic Numerals,8.877800393882575
https://watchbase.com/breitling/navitimer/ab0138211b1p1,breitling,Navitimer,No,Steel,Sapphire,Round,L,Basic,Black,Traditional/Special,Stick / Dot,9.036106025364846
https://watchbase.com/breitling/navitimer/ab01385a1l1p1,breitling,Navitimer,Yes,Steel,Sapphire,Round,L,Basic,Colorful,Traditional/Special,Stick / Dot,9.065430200180375
https://watchbase.com/breitling/navitimer/u173271a1b1u1,breitling,Navitimer,No,Steel,Sapphire,Round,M,Basic,Grey/Brown,Traditional/Special,Gem-Set Indexes,9.148571345578551
https://watchbase.com/breitling/navitimer/rb19101a1h1p1,breitling,Navitimer,Yes,Gold Variants,Sapphire,Round,L,Basic,Colorful,Traditional/Special,Stick / Dot,10.915106645867503
https://watchbase.com/breitling/navitimer/a2332212-b637,breitling,Navitimer,No,Steel,Sapphire,Round,L,Basic,Black,Stick/Minimalist,Arabic Numerals,8.480736654405622
https://watchbase.com/breitling/navitimer/a2332212-b635,breitling,Navitimer,No,Steel,Sapphire,Round,L,Basic,Black,Stick/Minimalist,Stick / Dot,8.480736654405622
https://watchbase.com/iwc/pallweber/iw5051-01,iwc,Pallweber,Yes,Gold Variants,Sapphire,Round,XXL,Low,Silver/White,Stick/Minimalist,Arabic Numerals,11.082157933374816
https://watchbase.com/iwc/grande-complication/iw9270-24,iwc,Grande Complication,No,Gold Variants,Sapphire,Round,L,Low,Silver/White,Dauphine-style,Stick / Dot,12.225880174775122
https://watchbase.com/iwc/grande-complication/iw3770-21,iwc,Grande Complication,No,Gold Variants,Sapphire,Round,L,Low,Silver/White,Dauphine-style,Stick / Dot,12.031725210748633
https://watchbase.com/iwc/grande-complication/iw3770-25,iwc,Grande Complication,No,Gold Variants,Sapphire,Round,L,Low,Grey/Brown,Dauphine-style,Stick / Dot,12.031725210748633
https://watchbase.com/iwc/grande-complication/iw9270-18,iwc,Grande Complication,No,Platinum,Sapphire,Round,L,Low,Black,Dauphine-style,Stick / Dot,12.417147664184915
https://watchbase.com/iwc/grande-complication/iw3770-13,iwc,Grande Complication,No,Platinum,Sapphire,Round,L,Low,Silver/White,Dauphine-style,Stick / Dot,12.149507585033072
https://watchbase.com/iwc/grande-complication/iw9270-45,iwc,Grande Complication,No,Gold Variants,Sapphire,Round,L,Low,Grey/Brown,Dauphine-style,Stick / Dot,12.225880174775122
https://watchbase.com/iwc/grande-complication/iw9270-16,iwc,Grande Complication,No,Platinum,Sapphire,Round,L,Low,Silver/White,Dauphine-style,Stick / Dot,12.468440756144114
https://watchbase.com/iwc/grande-complication/iw3770-17,iwc,Grande Complication,No,Platinum,Sapphire,Round,L,Low,Black,Dauphine-style,Stick / Dot,12.149507585033072
https://watchbase.com/iwc/pallweber/iw5050-03,iwc,Pallweber,Yes,Steel,Sapphire,Round,XL,Basic,Blue,Stick/Minimalist,Arabic Numerals,10.025749432069084
https://watchbase.com/iwc/pallweber/iw5050-02,iwc,Pallweber,Yes,Gold Variants,Sapphire,Round,XL,Basic,Silver/White,Stick/Minimalist,Arabic Numerals,10.485731104959568
https://watchbase.com/iwc/pallweber/iw5050-01,iwc,Pallweber,Yes,Platinum,Sapphire,Round,XL,Basic,Silver/White,Stick/Minimalist,Arabic Numerals,10.978507040265917
https://watchbase.com/iwc/vintage-collection/iw3231-04,iwc,Vintage Collection,No,Gold Variants,Sapphire,Round,XL,Standard,Grey/Brown,Stick/Minimalist,Stick / Dot,9.581972891547895
https://watchbase.com/iwc/vintage-collection/iw5448-05,iwc,Vintage Collection,Yes,Platinum,Sapphire,Round,XL,Basic,Silver/White,Traditional/Special,Roman Numerals,10.454523783963511
https://watchbase.com/iwc/vintage-collection/iw5461-04,iwc,Vintage Collection,No,Gold Variants,Sapphire,Tonneau,L,Basic,Grey/Brown,Stick/Minimalist,Stick / Dot,9.575052927597383
https://watchbase.com/iwc/vintage-collection/iw3233-12,iwc,Vintage Collection,Yes,Gold Variants,Sapphire,Round,L,Standard,Grey/Brown,Dauphine-style,Stick / Dot,9.648659816955295
https://watchbase.com/iwc/vintage-collection/iw5448-04,iwc,Vintage Collection,No,Gold Variants,Sapphire,Round,XL,Basic,Grey/Brown,Traditional/Special,Roman Numerals,9.809231816610408
https://watchbase.com/iwc/vintage-collection/iw5448-01,iwc,Vintage Collection,No,Steel,Sapphire,Round,XL,Basic,Black,Traditional/Special,Roman Numerals,9.116139576577355
https://watchbase.com/iwc/vintage-collection/iw5461-03,iwc,Vintage Collection,No,Gold Variants,Sapphire,Tonneau,L,Basic,Silver/White,Stick/Minimalist,Stick / Dot,9.441531454869693
https://watchbase.com/iwc/vintage-collection/iw5448-03,iwc,Vintage Collection,No,Gold Variants,Sapphire,Round,XL,Basic,Silver/White,Traditional/Special,Roman Numerals,9.70509758756311
https://watchbase.com/iwc/vintage-collection/iw3231-03,iwc,Vintage Collection,No,Gold Variants,Sapphire,Round,XL,Standard,Silver/White,Stick/Minimalist,Stick / Dot,9.44943600950432
https://watchbase.com/iwc/vintage-collection/iw5461-05,iwc,Vintage Collection,Yes,Platinum,Sapphire,Tonneau,L,Basic,Silver/White,Stick/Minimalist,Stick / Dot,10.322230781590136
https://watchbase.com/iwc/vintage-collection/iw3233-13,iwc,Vintage Collection,Yes,Gold Variants,Sapphire,Round,L,Standard,Grey/Brown,Dauphine-style,Stick / Dot,9.648659816955295
https://watchbase.com/iwc/vintage-collection/iw3231-05,iwc,Vintage Collection,Yes,Platinum,Sapphire,Round,XL,Standard,Silver/White,Stick/Minimalist,Stick / Dot,10.322230781590136
https://watchbase.com/iwc/vintage-collection/iw5445-03,iwc,Vintage Collection,No,Gold Variants,Sapphire,Round,XL,Basic,Silver/White,Leaf-style,Mixed,9.561067663645012
https://watchbase.com/iwc/vintage-collection/iw3233-05,iwc,Vintage Collection,Yes,Platinum,Sapphire,Round,L,Standard,Silver/White,Dauphine-style,Stick / Dot,10.305647203635566
https://watchbase.com/iwc/vintage-collection/iw5445-05,iwc,Vintage Collection,Yes,Platinum,Sapphire,Round,XL,Basic,Silver/White,Leaf-style,Arabic Numerals,10.373522431293592
https://watchbase.com/iwc/vintage-collection/iw3254-04,iwc,Vintage Collection,No,Gold Variants,Sapphire,Round,XL,Basic,Grey/Brown,Traditional/Special,Stick / Dot,9.65509029374725
https://watchbase.com/iwc/vintage-collection/iw3233-11,iwc,Vintage Collection,Yes,Steel,Sapphire,Round,L,Standard,Grey/Brown,Dauphine-style,Stick / Dot,8.853808274977197
https://watchbase.com/iwc/vintage-collection/iw5445-04,iwc,Vintage Collection,No,Gold Variants,Sapphire,Round,XL,Basic,Grey/Brown,Leaf-style,Mixed,9.723223876851618
https://watchbase.com/iwc/vintage-collection/iw5445-01,iwc,Vintage Collection,No,Steel,Sapphire,Round,XL,Basic,Black,Leaf-style,Mixed,9.03013657115323
https://watchbase.com/iwc/vintage-collection/iw3233-03,iwc,Vintage Collection,No,Gold Variants,Sapphire,Round,L,Standard,Silver/White,Dauphine-style,Stick / Dot,9.433563920090563
https://watchbase.com/iwc/vintage-collection/iw5461-01,iwc,Vintage Collection,No,Steel,Sapphire,Tonneau,L,Basic,Black,Stick/Minimalist,Stick / Dot,8.657129031713755
https://watchbase.com/iwc/vintage-collection/iw3233-04,iwc,Vintage Collection,No,Gold Variants,Sapphire,Round,L,Standard,Grey/Brown,Dauphine-style,Stick / Dot,9.568084743872936
https://watchbase.com/iwc/vintage-collection/iw3254-03,iwc,Vintage Collection,No,Gold Variants,Sapphire,Round,XL,Basic,Silver/White,Traditional/Special,Stick / Dot,9.525224101853109
https://watchbase.com/iwc/vintage-collection/iw3254-05,iwc,Vintage Collection,Yes,Platinum,Sapphire,Round,XL,Basic,Silver/White,Traditional/Special,Stick / Dot,10.389026137075234
https://watchbase.com/iwc/vintage-collection/iw3231-01,iwc,Vintage Collection,No,Steel,Sapphire,Round,XL,Standard,Black,Stick/Minimalist,Stick / Dot,8.657129031713755
https://watchbase.com/iwc/vintage-collection/iw3254-01,iwc,Vintage Collection,No,Steel,Sapphire,Round,XL,Basic,Black,Traditional/Special,Stick / Dot,8.916103530553727
https://watchbase.com/iwc/vintage-collection/iw3233-10,iwc,Vintage Collection,Yes,Steel,Sapphire,Round,L,Standard,Blue,Dauphine-style,Stick / Dot,8.756367559802975
https://watchbase.com/iwc/vintage-collection/iw3233-01,iwc,Vintage Collection,No,Steel,Sapphire,Round,L,Standard,Black,Dauphine-style,Stick / Dot,8.657129031713755
https://watchbase.com/iwc/gst-aquatimer/iw3290-05,iwc,GST Aquatimer,No,Steel,Sapphire,Round,L,Professional,Blue,Stick/Minimalist,Stick / Dot,8.603554357064281
https://watchbase.com/iwc/big-pilot/iw5036-04,iwc,Big Pilot,No,Other,Sapphire,Round,XL,Basic,Black,Stick/Minimalist,Arabic Numerals,10.918736348043124
https://watchbase.com/iwc/big-pilot/iw5009-12,iwc,Big Pilot,No,Steel,Sapphire,Round,XL,Basic,Black,Stick/Minimalist,Arabic Numerals,9.53249633228804
https://watchbase.com/iwc/big-pilot/iw5036-08,iwc,Big Pilot,No,Steel,Sapphire,Round,XL,Basic,Colorful,Stick/Minimalist,Arabic Numerals,10.502351525774941
https://watchbase.com/iwc/big-pilot/iw5903-03,iwc,Big Pilot,Yes,Gold Variants,Sapphire,Round,XL,Basic,Blue,Stick/Minimalist,Arabic Numerals,12.380030154325457
https://watchbase.com/iwc/big-pilot/iw5010-05,iwc,Big Pilot,Yes,Steel,Sapphire,Round,XL,Basic,Black,Stick/Minimalist,Arabic Numerals,9.55400099583723
https://watchbase.com/iwc/big-pilot/iw5026-41,iwc,Big Pilot,Yes,Steel,Sapphire,Round,XL,Basic,Blue,Sword-style,Arabic Numerals,10.292687768178258
https://watchbase.com/iwc/big-pilot/iw5103-01,iwc,Big Pilot,Yes,Titanium,Sapphire,Round,XXL,Basic,Black,Stick/Minimalist,Arabic Numerals,9.61587214452889
https://watchbase.com/iwc/big-pilot/iw3295-02,iwc,Big Pilot,Yes,Other,Sapphire,Round,L,Standard,Blue,Stick/Minimalist,Arabic Numerals,11.346882686945893
https://watchbase.com/iwc/big-pilot/iw5030-01,iwc,Big Pilot,No,Steel,Sapphire,Round,XL,Basic,Blue,Stick/Minimalist,Arabic Numerals,10.468829770273567
https://watchbase.com/iwc/big-pilot/iw5027-01,iwc,Big Pilot,Yes,Gold Variants,Sapphire,Round,XL,Basic,Blue,Sword-style,Arabic Numerals,10.499600568082863
https://watchbase.com/iwc/big-pilot/iw5027-10,iwc,Big Pilot,Yes,Steel,Sapphire,Round,XL,Basic,Blue,Sword-style,Arabic Numerals,10.060534035475412
https://watchbase.com/iwc/big-pilot/iw5020-03,iwc,Big Pilot,Yes,Steel,Sapphire,Round,XL,Basic,Black,Stick/Minimalist,Arabic Numerals,9.723223876851618
https://watchbase.com/iwc/big-pilot/iw5027-02,iwc,Big Pilot,No,Steel,Sapphire,Round,XL,Basic,Grey/Brown,Sword-style,Arabic Numerals,9.867912187022208
https://watchbase.com/iwc/big-pilot/iw5020-01,iwc,Big Pilot,No,Steel,Sapphire,Round,XL,Basic,Black,Stick/Minimalist,Arabic Numerals,9.60245002503719
https://watchbase.com/iwc/big-pilot/iw5010-08,iwc,Big Pilot,Yes,Steel,Sapphire,Round,XL,Basic,Blue,Stick/Minimalist,Arabic Numerals,9.561067663645012
https://watchbase.com/iwc/big-pilot/iw5010-02,iwc,Big Pilot,No,Steel,Sapphire,Round,XL,Basic,Blue,Stick/Minimalist,Arabic Numerals,9.525224101853109
https://watchbase.com/iwc/big-pilot/iw5010-15,iwc,Big Pilot,No,Steel,Sapphire,Round,XL,Basic,Colorful,Stick/Minimalist,Arabic Numerals,9.561067663645012
https://watchbase.com/iwc/big-pilot/iw5010-07,iwc,Big Pilot,Yes,Titanium,Sapphire,Round,XL,Basic,Black,Stick/Minimalist,Arabic Numerals,9.581972891547895
https://watchbase.com/iwc/big-pilot/iw5026-18,iwc,Big Pilot,Yes,Steel,Sapphire,Round,XL,Basic,Black,Stick/Minimalist,Arabic Numerals,10.003378135350923
https://watchbase.com/iwc/big-pilot/iw5009-16,iwc,Big Pilot,No,Steel,Sapphire,Round,XL,Basic,Blue,Stick/Minimalist,Arabic Numerals,9.53249633228804
https://watchbase.com/iwc/big-pilot/iw5010-19,iwc,Big Pilot,Yes,Titanium,Sapphire,Round,XL,Standard,Blue,Stick/Minimalist,Arabic Numerals,9.680406499268875
https://watchbase.com/iwc/big-pilot/iw3298-01,iwc,Big Pilot,No,Steel,Sapphire,Round,XL,Standard,Black,Stick/Minimalist,Mixed,9.305741456739435
https://watchbase.com/iwc/big-pilot/iw5038-01,iwc,Big Pilot,Yes,Steel,Sapphire,Round,XL,Basic,Grey/Brown,Stick/Minimalist,Arabic Numerals,10.275085591132715
https://watchbase.com/iwc/big-pilot/iw5031-01,iwc,Big Pilot,No,Steel,Sapphire,Round,XL,Basic,Colorful,Stick/Minimalist,Arabic Numerals,10.9525769086256
https://watchbase.com/iwc/big-pilot/iw3297-01,iwc,Big Pilot,No,Titanium,Sapphire,Round,L,Standard,Black,Stick/Minimalist,Mixed,9.259225769705994
https://watchbase.com/iwc/big-pilot/iw5010-01,iwc,Big Pilot,No,Steel,Sapphire,Round,XL,Basic,Black,Stick/Minimalist,Arabic Numerals,9.561067663645012
https://watchbase.com/iwc/big-pilot/iw5002-03,iwc,Big Pilot,Yes,Platinum,Sapphire,Round,XL,Basic,Black,Traditional/Special,Arabic Numerals,10.477316144080852
https://watchbase.com/iwc/big-pilot/iw5004-13,iwc,Big Pilot,No,Platinum,Sapphire,Round,XL,Basic,Silver/White,Stick/Minimalist,Arabic Numerals,10.480129006333248
https://watchbase.com/iwc/big-pilot/iw3293-01,iwc,Big Pilot,No,Steel,Sapphire,Round,L,Standard,Black,Stick/Minimalist,Arabic Numerals,9.179984251961283
https://watchbase.com/iwc/big-pilot/iw5010-04,iwc,Big Pilot,No,Titanium,Sapphire,Round,XL,Basic,Black,Stick/Minimalist,Arabic Numerals,9.60245002503719
https://watchbase.com/iwc/big-pilot/iw5026-39,iwc,Big Pilot,Yes,Gold Variants,Sapphire,Round,XL,Basic,Colorful,Stick/Minimalist,Arabic Numerals,10.647826772357497
https://watchbase.com/iwc/big-pilot/iw5002-02,iwc,Big Pilot,Yes,Platinum,Sapphire,Round,XL,Basic,Blue,Traditional/Special,Arabic Numerals,10.477316144080852
https://watchbase.com/iwc/big-pilot/iw3293-03,iwc,Big Pilot,No,Steel,Sapphire,Round,L,Standard,Blue,Stick/Minimalist,Arabic Numerals,9.179984251961283
https://watchbase.com/iwc/big-pilot/iw5104-01,iwc,Big Pilot,Yes,Titanium,Sapphire,Round,XXL,Basic,Black,Stick/Minimalist,Arabic Numerals,9.717218213494077
https://watchbase.com/iwc/big-pilot/iw5009-01,iwc,Big Pilot,No,Steel,Sapphire,Round,XL,Basic,Black,Stick/Minimalist,Arabic Numerals,9.53249633228804
https://watchbase.com/iwc/big-pilot/iw5002-01,iwc,Big Pilot,No,Steel,Sapphire,Round,XL,Basic,Black,Traditional/Special,Arabic Numerals,9.23024103368252
https://watchbase.com/iwc/big-pilot/iw5004-01,iwc,Big Pilot,No,Steel,Sapphire,Round,XL,Basic,Black,Stick/Minimalist,Arabic Numerals,9.296609807128359
https://watchbase.com/iwc/big-pilot/iw5049-01,iwc,Big Pilot,Yes,Steel,Sapphire,Round,XL,Standard,Blue,Leaf-style,Arabic Numerals,11.686887175419702
https://watchbase.com/iwc/big-pilot/iw3577-01,iwc,Big Pilot,No,Other,Sapphire,Round,XL,Standard,Skeleton,Stick/Minimalist,Stick / Dot,12.259618151783465
https://watchbase.com/iwc/gst-aquatimer/iw3768-04,iwc,GST Aquatimer,No,Steel,Sapphire,Round,XL,Professional,Black,Stick/Minimalist,Stick / Dot,8.987321812850125
https://watchbase.com/iwc/gst-aquatimer/iw3568-02,iwc,GST Aquatimer,No,Steel,Sapphire,Round,XL,Standard,Black,Stick/Minimalist,Stick / Dot,8.268988209506656
https://watchbase.com/iwc/gst-aquatimer/iw3288-02,iwc,GST Aquatimer,No,Steel,Sapphire,Round,L,Professional,Black,Stick/Minimalist,Stick / Dot,8.748463629942055
https://watchbase.com/iwc/gst-aquatimer/iw3580-01,iwc,GST Aquatimer,No,Titanium,Sapphire,Round,XL,Extreme,Black,Stick/Minimalist,Stick / Dot,9.169622538697624
https://watchbase.com/iwc/gst-aquatimer/iw3568-10,iwc,GST Aquatimer,No,Steel,Sapphire,Round,XL,Standard,Black,Stick/Minimalist,Stick / Dot,8.289288323000317
https://watchbase.com/iwc/gst-aquatimer/iw3781-01,iwc,GST Aquatimer,Yes,Steel,Sapphire,Round,XL,Standard,Blue,Stick/Minimalist,Stick / Dot,8.546946149565585
https://watchbase.com/iwc/gst-aquatimer/iw3707-03,iwc,GST Aquatimer,No,Titanium,Sapphire,Round,L,Standard,Black,Stick/Minimalist,Stick / Dot,8.268988209506656
https://watchbase.com/iwc/gst-aquatimer/iw3568-01,iwc,GST Aquatimer,No,Steel,Sapphire,Round,XL,Standard,Black,Stick/Minimalist,Stick / Dot,8.497194544909547
https://watchbase.com/iwc/gst-aquatimer/iw3795-07,iwc,GST Aquatimer,Yes,Steel,Sapphire,Round,XL,Professional,Blue,Stick/Minimalist,Stick / Dot,9.332646496360152
https://watchbase.com/iwc/gst-aquatimer/iw3568-08,iwc,GST Aquatimer,No,Steel,Sapphire,Round,XL,Standard,Black,Stick/Minimalist,Stick / Dot,8.513385953073284
https://watchbase.com/iwc/gst-aquatimer/iw3769-03,iwc,GST Aquatimer,No,Gold Variants,Sapphire,Round,XL,Standard,Black,Stick/Minimalist,Stick / Dot,9.898525260706313
https://watchbase.com/iwc/gst-aquatimer/iw3767-03,iwc,GST Aquatimer,No,Steel,Sapphire,Round,XL,Standard,Blue,Stick/Minimalist,Stick / Dot,8.716207971151853
https://watchbase.com/iwc/gst-aquatimer/iw3719-18,iwc,GST Aquatimer,No,Titanium,Sapphire,Round,L,Standard,Black,Stick/Minimalist,Stick / Dot,8.221747728346623
https://watchbase.com/iwc/gst-aquatimer/iw3794-01,iwc,GST Aquatimer,Yes,Steel,Sapphire,Round,XXL,Standard,Black,Stick/Minimalist,Stick / Dot,10.885584751364705
https://watchbase.com/iwc/gst-aquatimer/iw3290-02,iwc,GST Aquatimer,No,Steel,Sapphire,Round,L,Professional,Black,Stick/Minimalist,Stick / Dot,8.748463629942055
https://watchbase.com/iwc/gst-aquatimer/iw3707-08,iwc,GST Aquatimer,No,Steel,Sapphire,Round,L,Standard,Black,Stick/Minimalist,Stick / Dot,8.268988209506656
https://watchbase.com/iwc/gst-aquatimer/iw3767-05,iwc,GST Aquatimer,No,Steel,Sapphire,Round,XL,Standard,Black,Stick/Minimalist,Stick / Dot,8.764209507142004
https://watchbase.com/iwc/gst-aquatimer/iw3767-01,iwc,GST Aquatimer,No,Steel,Sapphire,Round,XL,Standard,Black,Stick/Minimalist,Stick / Dot,8.716207971151853
https://watchbase.com/iwc/gst-aquatimer/iw3767-04,iwc,GST Aquatimer,No,Steel,Sapphire,Round,XL,Standard,Blue,Stick/Minimalist,Stick / Dot,8.537191877922927
https://watchbase.com/iwc/gst-aquatimer/iw3794-03,iwc,GST Aquatimer,Yes,Other,Sapphire,Round,XXL,Standard,Black,Stick/Minimalist,Stick / Dot,10.83370091325064
https://watchbase.com/iwc/gst-aquatimer/iw3291-01,iwc,GST Aquatimer,Yes,Titanium,Sapphire,Round,L,Extreme,Black,Stick/Minimalist,Stick / Dot,9.018089684104343
https://watchbase.com/iwc/gst-aquatimer/iw3795-06,iwc,GST Aquatimer,Yes,Steel,Sapphire,Round,XL,Professional,Grey/Brown,Stick/Minimalist,Stick / Dot,9.401043372798053
https://watchbase.com/iwc/gst-aquatimer/iw3580-02,iwc,GST Aquatimer,No,Titanium,Sapphire,Round,XL,Professional,Black,Stick/Minimalist,Stick / Dot,9.169622538697624
https://watchbase.com/iwc/gst-aquatimer/iw3410-01,iwc,GST Aquatimer,Yes,Steel,Sapphire,Round,XL,Professional,Black,Stick/Minimalist,Stick / Dot,9.137877200242468
https://watchbase.com/iwc/gst-aquatimer/iw3536-02,iwc,GST Aquatimer,No,Steel,Sapphire,Round,L,Extreme,Black,Stick/Minimalist,Stick / Dot,8.221747728346623
https://watchbase.com/iwc/gst-aquatimer/iw3795-03,iwc,GST Aquatimer,No,Steel,Sapphire,Round,L,Professional,Black,Stick/Minimalist,Stick / Dot,9.287394001418473
https://watchbase.com/iwc/gst-aquatimer/iw3538-03,iwc,GST Aquatimer,No,Titanium,Sapphire,Round,L,Extreme,Black,Stick/Minimalist,Stick / Dot,8.333510708982942
https://watchbase.com/iwc/gst-aquatimer/iw3288-01,iwc,GST Aquatimer,No,Steel,Sapphire,Round,L,Professional,Blue,Stick/Minimalist,Stick / Dot,8.748463629942055
https://watchbase.com/iwc/gst-aquatimer/iw3719-03,iwc,GST Aquatimer,No,Titanium,Sapphire,Round,L,Standard,Black,Stick/Minimalist,Stick / Dot,8.436200032206706
https://watchbase.com/iwc/gst-aquatimer/iw3756-11,iwc,GST Aquatimer,No,Steel,Sapphire,Round,L,Standard,Colorful,Stick/Minimalist,Stick / Dot,9.517898598432753
https://watchbase.com/iwc/gst-aquatimer/iw3756-07,iwc,GST Aquatimer,No,Steel,Sapphire,Round,L,Standard,Grey/Brown,Stick/Minimalist,Stick / Dot,9.517898598432753
https://watchbase.com/iwc/gst-aquatimer/iw3782-03,iwc,GST Aquatimer,Yes,Steel,Sapphire,Round,XL,Standard,Blue,Stick/Minimalist,Stick / Dot,8.546946149565585
https://watchbase.com/iwc/gst-aquatimer/iw3288-03,iwc,GST Aquatimer,No,Steel,Sapphire,Round,L,Professional,Black,Stick/Minimalist,Stick / Dot,8.902591637374087
https://watchbase.com/iwc/gst-aquatimer/iw3719-28,iwc,GST Aquatimer,No,Steel,Sapphire,Round,L,Standard,Black,Stick/Minimalist,Stick / Dot,8.436200032206706
https://watchbase.com/iwc/gst-aquatimer/iw3548-05,iwc,GST Aquatimer,No,Steel,Sapphire,Round,L,Extreme,Black,Stick/Minimalist,Stick / Dot,8.333510708982942
https://watchbase.com/iwc/gst-aquatimer/iw3707-13,iwc,GST Aquatimer,No,Steel,Sapphire,Round,L,Standard,Silver/White,Stick/Minimalist,Stick / Dot,8.268988209506656
https://watchbase.com/iwc/gst-aquatimer/iw3723-01,iwc,GST Aquatimer,No,Titanium,Sapphire,Round,XL,Standard,Black,Stick/Minimalist,Stick / Dot,9.053803514155955
https://watchbase.com/iwc/gst-aquatimer/iw3767-02,iwc,GST Aquatimer,No,Steel,Sapphire,Round,XL,Standard,Black,Stick/Minimalist,Stick / Dot,8.537191877922927
https://watchbase.com/iwc/gst-aquatimer/iw3719-33,iwc,GST Aquatimer,No,Steel,Sapphire,Round,L,Standard,Black,Stick/Minimalist,Stick / Dot,8.221747728346623
https://watchbase.com/iwc/gst-aquatimer/iw3536-01,iwc,GST Aquatimer,No,Titanium,Sapphire,Round,L,Extreme,Black,Stick/Minimalist,Stick / Dot,8.221747728346623
https://watchbase.com/iwc/gst-aquatimer/iw3538-04,iwc,GST Aquatimer,No,Titanium,Sapphire,Round,L,Extreme,Black,Stick/Minimalist,Stick / Dot,8.092851027538384
https://watchbase.com/iwc/gst-aquatimer/iw3548-07,iwc,GST Aquatimer,No,Steel,Sapphire,Round,L,Extreme,Black,Stick/Minimalist,Stick / Dot,8.092851027538384
https://watchbase.com/iwc/gst-aquatimer/iw3756-03,iwc,GST Aquatimer,No,Titanium,Sapphire,Round,L,Standard,Black,Stick/Minimalist,Stick / Dot,9.517898598432753
https://watchbase.com/iwc/gst-aquatimer/iw3727-01,iwc,GST Aquatimer,No,Titanium,Sapphire,Round,S,Standard,Black,Stick/Minimalist,Stick / Dot,8.058643712215618
https://watchbase.com/iwc/gst-aquatimer/iw3707-01,iwc,GST Aquatimer,No,Titanium,Sapphire,Round,L,Standard,Black,Stick/Minimalist,Stick / Dot,8.268988209506656
https://watchbase.com/iwc/da-vinci/iw3761-06,iwc,Da Vinci,Yes,Platinum,Sapphire,Tonneau,XL,Basic,Silver/White,Stick/Minimalist,Stick / Dot,10.990381448250039
https://watchbase.com/iwc/portofino/iw5164-01,iwc,Portofino,No,Steel,Sapphire,Round,XL,Basic,Silver/White,Leaf-style,Stick / Dot,9.546884034617925
https://watchbase.com/iwc/portofino/iw3910-09,iwc,Portofino,No,Steel,Sapphire,Round,L,Basic,Silver/White,Leaf-style,Stick / Dot,8.77971129020447
https://watchbase.com/iwc/portofino/iw3910-29,iwc,Portofino,No,Steel,Sapphire,Round,L,Basic,Black,Leaf-style,Stick / Dot,8.771990436532242
https://watchbase.com/iwc/portofino/iw5111-02,iwc,Portofino,No,Steel,Sapphire,Round,XL,Basic,Silver/White,Leaf-style,Stick / Dot,9.127067452782361
https://watchbase.com/iwc/portofino/iw3565-06,iwc,Portofino,No,Steel,Sapphire,Round,L,Basic,Black,Leaf-style,Stick / Dot,8.699681400989514
https://watchbase.com/iwc/portofino/iw3910-08,iwc,Portofino,No,Steel,Sapphire,Round,L,Basic,Black,Leaf-style,Stick / Dot,8.665785595466064
https://watchbase.com/iwc/portofino/iw5101-04,iwc,Portofino,No,Gold Variants,Sapphire,Round,XL,Basic,Grey/Brown,Leaf-style,Stick / Dot,9.928228944424575
https://watchbase.com/iwc/portofino/iw4590-01,iwc,Portofino,No,Steel,Sapphire,Round,M,Basic,Silver/White,Leaf-style,Gem-Set Indexes,9.510519035757246
https://watchbase.com/iwc/portofino/iw4594-01,iwc,Portofino,No,Steel,Sapphire,Round,L,Basic,Silver/White,Leaf-style,Stick / Dot,8.916103530553727
https://watchbase.com/iwc/portofino/iw3513-01,iwc,Portofino,No,Gold Variants,Sapphire,Round,S,Basic,Silver/White,Stick/Minimalist,Stick / Dot,8.482808764554406
https://watchbase.com/iwc/portofino/iw5101-03,iwc,Portofino,No,Steel,Sapphire,Round,XL,Basic,Silver/White,Leaf-style,Stick / Dot,9.249657234353133
https://watchbase.com/iwc/portofino/iw3590-02,iwc,Portofino,No,Gold Variants,Sapphire,Round,L,Basic,Silver/White,Leaf-style,Stick / Dot,9.952325334619427
https://watchbase.com/iwc/portofino/iw3513-17,iwc,Portofino,No,Steel,Sapphire,Round,S,Basic,Silver/White,Stick/Minimalist,Arabic Numerals,7.820439515262181
https://watchbase.com/iwc/portofino/iw3910-24,iwc,Portofino,Yes,Steel,Sapphire,Round,L,Basic,Silver/White,Traditional/Special,Stick / Dot,8.674367865788236
https://watchbase.com/iwc/portofino/iw3910-10,iwc,Portofino,No,Steel,Sapphire,Round,L,Basic,Black,Leaf-style,Stick / Dot,8.802522498284421
https://watchbase.com/iwc/portofino/iw3564-05,iwc,Portofino,No,Steel,Sapphire,Round,S,Basic,Blue,Leaf-style,Stick / Dot,7.75833346749091
https://watchbase.com/iwc/portofino/iw3565-12,iwc,Portofino,Yes,Steel,Sapphire,Round,L,Basic,Blue,Leaf-style,Stick / Dot,9.409273194575334
https://watchbase.com/iwc/portofino/iw3592-01,iwc,Portofino,No,Steel,Sapphire,Round,M,Basic,Silver/White,Leaf-style,Stick / Dot,8.612685172875459
https://watchbase.com/iwc/portofino/iw3565-19,iwc,Portofino,Yes,Steel,Sapphire,Round,L,Basic,Silver/White,Leaf-style,Stick / Dot,8.45553053102413
https://watchbase.com/iwc/portofino/iw4581-02,iwc,Portofino,No,Steel,Sapphire,Round,M,Basic,Grey/Brown,Leaf-style,Gem-Set Indexes,8.674367865788236
https://watchbase.com/iwc/portofino/iw3563-02,iwc,Portofino,No,Gold Variants,Sapphire,Round,M,Basic,Silver/White,Leaf-style,Stick / Dot,8.81744592104187
https://watchbase.com/iwc/portofino/iw2010-01,iwc,Portofino,No,Gold Variants,Sapphire,Round,S,Standard,Silver/White,Stick/Minimalist,Stick / Dot,8.556606193773073
https://watchbase.com/iwc/portofino/iw3783-03,iwc,Portofino,No,Steel,Sapphire,Round,L,Basic,Black,Leaf-style,Stick / Dot,8.229777750081887
https://watchbase.com/iwc/portofino/iw3563-05,iwc,Portofino,No,Steel,Sapphire,Round,M,Basic,Black,Leaf-style,Stick / Dot,7.955425088912672
https://watchbase.com/iwc/portofino/iw3783-02,iwc,Portofino,No,Steel,Sapphire,Round,L,Basic,Silver/White,Leaf-style,Stick / Dot,8.229777750081887
https://watchbase.com/iwc/portofino/iw3563-03,iwc,Portofino,No,Steel,Sapphire,Round,M,Basic,Silver/White,Leaf-style,Stick / Dot,7.955425088912672
https://watchbase.com/iwc/portofino/iw3513-24,iwc,Portofino,No,Steel,Sapphire,Round,S,Basic,Silver/White,Stick/Minimalist,Stick / Dot,7.467942332285852
https://watchbase.com/iwc/portofino/iw3565-01,iwc,Portofino,No,Steel,Sapphire,Round,L,Basic,Silver/White,Leaf-style,Stick / Dot,8.537191877922927
https://watchbase.com/iwc/portofino/iw3592-02,iwc,Portofino,Yes,Steel,Sapphire,Round,M,Basic,Blue,Leaf-style,Stick / Dot,8.732465848349879
https://watchbase.com/iwc/da-vinci/iw3762-05,iwc,Da Vinci,Yes,Gold Variants,Sapphire,Tonneau,XL,Basic,Black,Stick/Minimalist,Stick / Dot,10.335302435967074
https://watchbase.com/iwc/da-vinci/iw3581-01,iwc,Da Vinci,Yes,Steel,Sapphire,Round,L,Basic,Silver/White,Stick/Minimalist,Arabic Numerals,9.174816815907135
https://watchbase.com/iwc/da-vinci/iw3566-01,iwc,Da Vinci,No,Steel,Sapphire,Round,L,Basic,Silver/White,Stick/Minimalist,Arabic Numerals,8.691314551644853
https://watchbase.com/iwc/da-vinci/iw3921-01,iwc,Da Vinci,No,Gold Variants,Sapphire,Round,L,Basic,Silver/White,Dauphine-style,Arabic Numerals,10.650199196425806
https://watchbase.com/iwc/da-vinci/iw3736-05,iwc,Da Vinci,No,Steel,Plexi,Round,XS,Basic,Silver/White,Stick/Minimalist,Stick / Dot,7.9865049385539955
https://watchbase.com/iwc/da-vinci/iw3728-08,iwc,Da Vinci,No,Steel,Sapphire,Round,M,Standard,Silver/White,Stick/Minimalist,Stick / Dot,8.058643712215618
https://watchbase.com/iwc/da-vinci/iw3728-06,iwc,Da Vinci,No,Steel,Sapphire,Round,M,Standard,Black,Stick/Minimalist,Stick / Dot,8.02322468471667
https://watchbase.com/iwc/da-vinci/iw3758-19,iwc,Da Vinci,No,Gold Variants,Plexi,Round,L,Basic,Silver/White,Stick/Minimalist,Arabic Numerals,9.908524844053396
https://watchbase.com/iwc/da-vinci/iw3751-07,iwc,Da Vinci,No,Gold Variants,Plexi,Round,M,Basic,Silver/White,Stick/Minimalist,Stick / Dot,10.491301994830229
https://watchbase.com/iwc/da-vinci/iw3761-01,iwc,Da Vinci,Yes,Platinum,Sapphire,Tonneau,XL,Basic,Silver/White,Stick/Minimalist,Stick / Dot,10.97337452485014
https://watchbase.com/iwc/da-vinci/iw4523-06,iwc,Da Vinci,No,Steel,Sapphire,Tonneau,M,Basic,Grey/Brown,Stick/Minimalist,Mixed,8.603554357064281
https://watchbase.com/iwc/da-vinci/iw4523-01,iwc,Da Vinci,No,Gold Variants,Sapphire,Tonneau,M,Basic,Grey/Brown,Stick/Minimalist,Stick / Dot,9.441531454869693
https://watchbase.com/iwc/da-vinci/iw3581-03,iwc,Da Vinci,Yes,Steel,Sapphire,Round,L,Basic,Blue,Stick/Minimalist,Arabic Numerals,9.825580063659602
https://watchbase.com/iwc/da-vinci/iw3528-10,iwc,Da Vinci,No,Steel,Sapphire,Round,M,Standard,Black,Sword-style,Arabic Numerals,7.745435610274381
https://watchbase.com/iwc/da-vinci/iw3754-01,iwc,Da Vinci,No,Gold Variants,Plexi,Round,L,Basic,Silver/White,Stick/Minimalist,Arabic Numerals,10.047631185616188
https://watchbase.com/iwc/da-vinci/iw3736-14,iwc,Da Vinci,No,Steel,Plexi,Round,XS,Basic,Black,Stick/Minimalist,Stick / Dot,8.188966863648876
https://watchbase.com/iwc/da-vinci/iw3728-05,iwc,Da Vinci,No,Steel,Sapphire,Round,M,Standard,Black,Stick/Minimalist,Stick / Dot,8.261268150577648
https://watchbase.com/iwc/da-vinci/iw3766-01,iwc,Da Vinci,No,Steel,Sapphire,Tonneau,XL,Basic,Black,Stick/Minimalist,Stick / Dot,9.53249633228804
https://watchbase.com/iwc/da-vinci/iw3528-06,iwc,Da Vinci,No,Steel,Sapphire,Round,M,Standard,Black,Stick/Minimalist,Stick / Dot,7.745435610274381
https://watchbase.com/iwc/da-vinci/iw4523-12,iwc,Da Vinci,No,Steel,Sapphire,Tonneau,M,Basic,Black,Stick/Minimalist,Stick / Dot,8.603554357064281
https://watchbase.com/iwc/da-vinci/iw3754-02,iwc,Da Vinci,No,Gold Variants,Plexi,Round,L,Basic,Silver/White,Stick/Minimalist,Arabic Numerals,10.047631185616188
https://watchbase.com/iwc/da-vinci/iw3764-02,iwc,Da Vinci,No,Gold Variants,Sapphire,Tonneau,XL,Basic,Silver/White,Stick/Minimalist,Stick / Dot,9.883335864325275
https://watchbase.com/iwc/da-vinci/iw3581-02,iwc,Da Vinci,Yes,Steel,Sapphire,Round,L,Basic,Blue,Stick/Minimalist,Arabic Numerals,9.174816815907135
https://watchbase.com/iwc/da-vinci/iw3750-25,iwc,Da Vinci,No,Gold Variants,Plexi,Round,M,Basic,Black,Stick/Minimalist,Stick / Dot,9.809231816610408
https://watchbase.com/iwc/da-vinci/iw3764-04,iwc,Da Vinci,Yes,Steel,Sapphire,Tonneau,XL,Basic,Blue,Stick/Minimalist,Stick / Dot,9.375939552625749
https://watchbase.com/iwc/da-vinci/iw3762-04,iwc,Da Vinci,Yes,Steel,Sapphire,Tonneau,XL,Basic,Silver/White,Stick/Minimalist,Stick / Dot,9.898525260706313
https://watchbase.com/iwc/da-vinci/iw3736-06,iwc,Da Vinci,No,Steel,Plexi,Round,XS,Basic,Silver/White,Stick/Minimalist,Stick / Dot,8.188966863648876
https://watchbase.com/iwc/da-vinci/iw3750-03,iwc,Da Vinci,No,Gold Variants,Plexi,Round,M,Basic,Silver/White,Stick/Minimalist,Stick / Dot,9.809231816610408
https://watchbase.com/iwc/da-vinci/iw3762-03,iwc,Da Vinci,Yes,Gold Variants,Sapphire,Tonneau,XL,Basic,Silver/White,Stick/Minimalist,Stick / Dot,10.214678610538817
https://watchbase.com/iwc/da-vinci/iw3934-02,iwc,Da Vinci,Yes,Steel,Sapphire,Round,L,Basic,Blue,Leaf-style,Arabic Numerals,9.568084743872936
https://watchbase.com/iwc/da-vinci/iw3758-03,iwc,Da Vinci,No,Steel,Plexi,Round,L,Basic,Silver/White,Stick/Minimalist,Arabic Numerals,9.409273194575334
https://watchbase.com/iwc/da-vinci/iw3754-03,iwc,Da Vinci,No,Gold Variants,Plexi,Round,L,Basic,Silver/White,Stick/Minimalist,Arabic Numerals,10.047631185616188
https://watchbase.com/iwc/da-vinci/iw3750-34,iwc,Da Vinci,No,Steel,Plexi,Round,M,Basic,Black,Stick/Minimalist,Stick / Dot,9.441531454869693
https://watchbase.com/iwc/da-vinci/iw3754-07,iwc,Da Vinci,Yes,Platinum,Plexi,Round,L,Basic,Blue,Stick/Minimalist,Arabic Numerals,10.491301994830229
https://watchbase.com/iwc/da-vinci/iw4523-03,iwc,Da Vinci,No,Steel,Sapphire,Tonneau,M,Basic,Silver/White,Stick/Minimalist,Stick / Dot,8.470311205516108
https://watchbase.com/iwc/da-vinci/iw3528-01,iwc,Da Vinci,No,Steel,Sapphire,Round,M,Standard,Silver/White,Stick/Minimalist,Stick / Dot,7.745435610274381
https://watchbase.com/iwc/da-vinci/iw3750-01,iwc,Da Vinci,No,Gold Variants,Plexi,Round,M,Basic,Silver/White,Stick/Minimalist,Stick / Dot,9.809231816610408
https://watchbase.com/iwc/da-vinci/iw3750-30,iwc,Da Vinci,No,Steel,Plexi,Round,M,Basic,Black,Stick/Minimalist,Stick / Dot,9.367429587218957
https://watchbase.com/iwc/portugieser/iw3583-04,iwc,Portugieser,No,Steel,Sapphire,Round,L,Basic,Silver/White,Leaf-style,Arabic Numerals,8.94910546953925
https://watchbase.com/iwc/portugieser/iw5454-04,iwc,Portugieser,No,Steel,Sapphire,Round,XL,Basic,Black,Leaf-style,Arabic Numerals,8.875007486048396
https://watchbase.com/iwc/portugieser/iw3714-80,iwc,Portugieser,No,Gold Variants,Sapphire,Round,L,Basic,Silver/White,Leaf-style,Arabic Numerals,9.735128070758227
https://watchbase.com/iwc/portugieser/iw3583-05,iwc,Portugieser,No,Steel,Sapphire,Round,L,Basic,Blue,Leaf-style,Arabic Numerals,8.94910546953925
https://watchbase.com/iwc/portugieser/iw5035-01,iwc,Portugieser,No,Steel,Sapphire,Round,XL,Basic,Silver/White,Leaf-style,Arabic Numerals,10.012386799492118
https://watchbase.com/iwc/portugieser/iw5034-01,iwc,Portugieser,No,Gold Variants,Sapphire,Round,XL,Basic,Blue,Leaf-style,Arabic Numerals,10.817796321618971
https://watchbase.com/iwc/portugieser/iw5022-13,iwc,Portugieser,No,Gold Variants,Sapphire,Round,L,Basic,Silver/White,Leaf-style,Arabic Numerals,10.169728906753061
https://watchbase.com/iwc/portugieser/iw3716-24,iwc,Portugieser,No,Steel,Sapphire,Round,L,Basic,Grey/Brown,Leaf-style,Arabic Numerals,9.116139576577355
https://watchbase.com/iwc/portugieser/iw5007-15,iwc,Portugieser,No,Steel,Sapphire,Round,L,Basic,Silver/White,Leaf-style,Arabic Numerals,9.503084610020228
https://watchbase.com/iwc/portugieser/iw3972-04,iwc,Portugieser,Yes,Gold Variants,Sapphire,Round,XL,Basic,Blue,Leaf-style,Arabic Numerals,10.835671318412196
https://watchbase.com/iwc/portugieser/iw5454-09,iwc,Portugieser,Yes,Gold Variants,Sapphire,Round,XL,Basic,Silver/White,Leaf-style,Arabic Numerals,9.69898173460629
https://watchbase.com/iwc/portugieser/iw3902-06,iwc,Portugieser,No,Steel,Sapphire,Round,XL,Basic,Silver/White,Leaf-style,Arabic Numerals,9.296609807128359
https://watchbase.com/iwc/portugieser/iw5021-22,iwc,Portugieser,No,Gold Variants,Sapphire,Round,XL,Basic,Black,Leaf-style,Arabic Numerals,10.12667110305036
https://watchbase.com/iwc/portugieser/iw5703-03,iwc,Portugieser,Yes,Steel,Sapphire,Round,L,Standard,Silver/White,Stick/Minimalist,Arabic Numerals,8.674367865788236
https://watchbase.com/iwc/portugieser/iw3714-02,iwc,Portugieser,No,Gold Variants,Sapphire,Round,L,Basic,Silver/White,Leaf-style,Arabic Numerals,9.45727857185611
https://watchbase.com/iwc/portugieser/iw3714-38,iwc,Portugieser,No,Steel,Sapphire,Round,L,Basic,Black,Leaf-style,Arabic Numerals,8.909370405197466
https://watchbase.com/iwc/portugieser/iw3902-11,iwc,Portugieser,No,Steel,Sapphire,Round,XL,Basic,Black,Leaf-style,Arabic Numerals,9.409273194575334
https://watchbase.com/iwc/portugieser/iw3902-04,iwc,Portugieser,No,Steel,Sapphire,Round,XL,Basic,Black,Leaf-style,Arabic Numerals,9.296609807128359
https://watchbase.com/iwc/portugieser/iw5017-04,iwc,Portugieser,No,Steel,Sapphire,Round,L,Basic,Blue,Leaf-style,Arabic Numerals,9.61587214452889
https://watchbase.com/iwc/portugieser/iw5242-04,iwc,Portugieser,Yes,Platinum,Sapphire,Round,L,Standard,Silver/White,Stick/Minimalist,Arabic Numerals,11.391898423211194
https://watchbase.com/iwc/portugieser/iw5021-19,iwc,Portugieser,No,Gold Variants,Sapphire,Round,XL,Basic,Black,Leaf-style,Arabic Numerals,10.199918739620157
https://watchbase.com/iwc/portugieser/iw5022-18,iwc,Portugieser,No,Gold Variants,Sapphire,Round,L,Basic,Grey/Brown,Leaf-style,Arabic Numerals,10.30229722897745
https://watchbase.com/iwc/portugieser/iw5001-01,iwc,Portugieser,No,Gold Variants,Sapphire,Round,L,Basic,Silver/White,Leaf-style,Arabic Numerals,9.717218213494077
https://watchbase.com/iwc/portugieser/iw3716-17,iwc,Portugieser,No,Steel,Sapphire,Round,L,Basic,Silver/White,Leaf-style,Arabic Numerals,9.23024103368252
https://watchbase.com/iwc/portugieser/iw5034-04,iwc,Portugieser,No,Gold Variants,Sapphire,Round,XL,Basic,Grey/Brown,Leaf-style,Arabic Numerals,10.774801838762809
https://watchbase.com/iwc/portugieser/iw5017-02,iwc,Portugieser,No,Steel,Sapphire,Round,L,Basic,Silver/White,Leaf-style,Arabic Numerals,9.546884034617925
https://watchbase.com/iwc/portugieser/iw3716-05,iwc,Portugieser,No,Steel,Sapphire,Round,L,Basic,Silver/White,Leaf-style,Arabic Numerals,9.116139576577355
https://watchbase.com/iwc/portugieser/iw3714-11,iwc,Portugieser,No,Steel,Sapphire,Round,L,Basic,Silver/White,Leaf-style,Arabic Numerals,8.594339400592892
https://watchbase.com/iwc/portugieser/iw5033-02,iwc,Portugieser,No,Gold Variants,Sapphire,Round,XL,Basic,Silver/White,Leaf-style,Arabic Numerals,10.753659849198824
https://watchbase.com/iwc/portugieser/iw5454-05,iwc,Portugieser,No,Steel,Sapphire,Round,XL,Basic,Silver/White,Leaf-style,Arabic Numerals,8.875007486048396
https://watchbase.com/iwc/portugieser/iw5007-05,iwc,Portugieser,No,Steel,Sapphire,Round,L,Basic,Silver/White,Leaf-style,Arabic Numerals,9.503084610020228
https://watchbase.com/iwc/portugieser/iw3712-02,iwc,Portugieser,No,Steel,Sapphire,Round,L,Basic,Silver/White,Leaf-style,Arabic Numerals,9.012011377036412
https://watchbase.com/iwc/portugieser/iw5001-09,iwc,Portugieser,No,Steel,Sapphire,Round,L,Basic,Black,Leaf-style,Arabic Numerals,9.401043372798053
https://watchbase.com/iwc/portugieser/iw3712-01,iwc,Portugieser,No,Steel,Sapphire,Round,L,Basic,Silver/White,Leaf-style,Arabic Numerals,9.012011377036412
https://watchbase.com/iwc/portugieser/iw5023-03,iwc,Portugieser,No,Gold Variants,Sapphire,Round,XL,Basic,Grey/Brown,Leaf-style,Arabic Numerals,10.434145214930487
https://watchbase.com/iwc/portugieser/iw5045-01,iwc,Portugieser,Yes,Gold Variants,Sapphire,Round,XL,Basic,Silver/White,Leaf-style,Arabic Numerals,11.58989576532275
https://watchbase.com/iwc/portugieser/iw3940-06,iwc,Portugieser,Yes,Platinum,Sapphire,Round,XL,Basic,Silver/White,Stick/Minimalist,Arabic Numerals,11.775297421715827
https://watchbase.com/iwc/portugieser/iw5444-01,iwc,Portugieser,No,Steel,Sapphire,Round,XL,Basic,Silver/White,Leaf-style,Arabic Numerals,9.088285725968877
https://watchbase.com/iwc/portugieser/iw5001-07,iwc,Portugieser,No,Steel,Sapphire,Round,L,Basic,Silver/White,Leaf-style,Arabic Numerals,9.401043372798053
https://watchbase.com/iwc/portugieser/iw3714-17,iwc,Portugieser,No,Steel,Sapphire,Round,L,Basic,Silver/White,Leaf-style,Arabic Numerals,8.909370405197466
https://watchbase.com/iwc/portugieser/iw5022-20,iwc,Portugieser,Yes,Gold Variants,Sapphire,Round,L,Basic,Blue,Leaf-style,Arabic Numerals,10.404293143019792
https://watchbase.com/iwc/portugieser/iw3714-01,iwc,Portugieser,No,Steel,Sapphire,Round,L,Basic,Silver/White,Leaf-style,Arabic Numerals,8.909370405197466
https://watchbase.com/iwc/ingenieur/iw3225-03,iwc,Ingenieur,No,Steel,Sapphire,Round,XL,Standard,Black,Stick/Minimalist,Stick / Dot,9.350189267092581
https://watchbase.com/iwc/ingenieur/iw3289-04,iwc,Ingenieur,No,Titanium,Sapphire,Round,L,Standard,Grey/Brown,Stick/Minimalist,Stick / Dot,9.735128070758227
https://watchbase.com/iwc/ingenieur/iw3807-02,iwc,Ingenieur,Yes,Steel,Sapphire,Round,L,Basic,Grey/Brown,Stick/Minimalist,Stick / Dot,8.987321812850125
https://watchbase.com/iwc/ingenieur/iw3785-10,iwc,Ingenieur,No,Steel,Sapphire,Round,XL,Standard,Silver/White,Stick/Minimalist,Stick / Dot,9.465060106725137
https://watchbase.com/iwc/ingenieur/iw3227-03,iwc,Ingenieur,No,Titanium,Sapphire,Round,L,Standard,Black,Stick/Minimalist,Arabic Numerals,8.537191877922927
https://watchbase.com/iwc/ingenieur/iw3807-01,iwc,Ingenieur,Yes,Titanium,Sapphire,Round,L,Basic,Silver/White,Stick/Minimalist,Stick / Dot,9.012011377036412
https://watchbase.com/iwc/ingenieur/iw3812-01,iwc,Ingenieur,Yes,Titanium,Sapphire,Round,XL,Standard,Black,Stick/Minimalist,Stick / Dot,9.071193240566025
https://watchbase.com/iwc/ingenieur/iw3244-04,iwc,Ingenieur,No,Steel,Sapphire,Round,L,Standard,Silver/White,Stick/Minimalist,Stick / Dot,9.099520536870939
https://watchbase.com/iwc/ingenieur/iw4515-01,iwc,Ingenieur,No,Steel,Sapphire,Round,S,Standard,Silver/White,Stick/Minimalist,Stick / Dot,8.200013648175434
https://watchbase.com/iwc/ingenieur/iw3570-02,iwc,Ingenieur,No,Steel,Sapphire,Round,L,Standard,Black,Stick/Minimalist,Stick / Dot,8.699681400989514
https://watchbase.com/iwc/ingenieur/iw3234-02,iwc,Ingenieur,Yes,Steel,Sapphire,Round,XL,Standard,Silver/White,Stick/Minimalist,Stick / Dot,8.942591637231851
https://watchbase.com/iwc/ingenieur/iw3792-01,iwc,Ingenieur,No,Titanium,Sapphire,Round,XL,Standard,Grey/Brown,Stick/Minimalist,Stick / Dot,10.703266939811954
https://watchbase.com/iwc/ingenieur/iw3239-06,iwc,Ingenieur,No,Steel,Sapphire,Round,L,Standard,Silver/White,Stick/Minimalist,Stick / Dot,8.740496729931813
https://watchbase.com/iwc/ingenieur/iw3239-04,iwc,Ingenieur,No,Steel,Sapphire,Round,L,Standard,Silver/White,Stick/Minimalist,Stick / Dot,8.740496729931813
https://watchbase.com/iwc/ingenieur/iw3289-07,iwc,Ingenieur,No,Steel,Sapphire,Round,L,Standard,Blue,Stick/Minimalist,Stick / Dot,9.465060106725137
https://watchbase.com/iwc/ingenieur/iw3239-09,iwc,Ingenieur,Yes,Steel,Sapphire,Round,L,Standard,Blue,Stick/Minimalist,Stick / Dot,8.77971129020447
https://watchbase.com/iwc/ingenieur/iw3236-01,iwc,Ingenieur,No,Steel,Sapphire,Round,XL,Standard,Black,Stick/Minimalist,Stick / Dot,8.79497643168877
https://watchbase.com/iwc/ingenieur/iw3765-01,iwc,Ingenieur,No,Titanium,Sapphire,Round,XL,Standard,Black,Stick/Minimalist,Arabic Numerals,9.32375833901174
https://watchbase.com/iwc/ingenieur/iw3785-07,iwc,Ingenieur,No,Steel,Sapphire,Round,XL,Standard,Grey/Brown,Stick/Minimalist,Stick / Dot,9.375939552625749
https://watchbase.com/iwc/ingenieur/iw3234-01,iwc,Ingenieur,No,Steel,Sapphire,Round,XL,Standard,Black,Stick/Minimalist,Stick / Dot,8.853808274977197
https://watchbase.com/iwc/ingenieur/iw3249-03,iwc,Ingenieur,No,Gold Variants,Sapphire,Round,M,Standard,Colorful,Stick/Minimalist,Stick / Dot,10.640675541671662
https://watchbase.com/iwc/ingenieur/iw3289-03,iwc,Ingenieur,No,Steel,Sapphire,Round,L,Standard,Blue,Stick/Minimalist,Stick / Dot,9.465060106725137
https://watchbase.com/iwc/ingenieur/iw3289-01,iwc,Ingenieur,No,Steel,Sapphire,Round,L,Standard,Black,Stick/Minimalist,Stick / Dot,9.465060106725137
https://watchbase.com/iwc/ingenieur/iw3236-04,iwc,Ingenieur,No,Steel,Sapphire,Round,XL,Standard,Black,Stick/Minimalist,Stick / Dot,8.936035096566041
https://watchbase.com/iwc/ingenieur/iw3287-02,iwc,Ingenieur,No,Steel,Sapphire,Round,L,Standard,Black,Stick/Minimalist,Stick / Dot,10.847412906506923
https://watchbase.com/iwc/ingenieur/iw3224-04,iwc,Ingenieur,Yes,Synthetic,Sapphire,Round,XL,Standard,Black,Stick/Minimalist,Stick / Dot,9.893487720457795
https://watchbase.com/iwc/ingenieur/iw3227-02,iwc,Ingenieur,No,Titanium,Sapphire,Round,L,Standard,Black,Stick/Minimalist,Mixed,8.682877107057168
https://watchbase.com/iwc/ingenieur/iw3239-02,iwc,Ingenieur,No,Steel,Sapphire,Round,L,Standard,Black,Stick/Minimalist,Stick / Dot,8.740496729931813
https://watchbase.com/iwc/ingenieur/iw3725-01,iwc,Ingenieur,No,Steel,Sapphire,Round,L,Standard,Black,Stick/Minimalist,Stick / Dot,8.756367559802975
https://watchbase.com/iwc/ingenieur/iw3449-03,iwc,Ingenieur,No,Steel,Sapphire,Round,L,Basic,Blue,Leaf-style,Stick / Dot,10.61890979160975
https://watchbase.com/iwc/ingenieur/iw3227-01,iwc,Ingenieur,No,Steel,Sapphire,Round,L,Standard,Black,Stick/Minimalist,Stick / Dot,8.682877107057168
https://watchbase.com/iwc/ingenieur/iw3249-01,iwc,Ingenieur,No,Steel,Sapphire,Round,M,Standard,Silver/White,Stick/Minimalist,Stick / Dot,9.332646496360152
https://watchbase.com/iwc/ingenieur/iw3249-06,iwc,Ingenieur,No,Steel,Sapphire,Round,M,Standard,Black,Stick/Minimalist,Stick / Dot,9.332646496360152
https://watchbase.com/iwc/ingenieur/iw3289-08,iwc,Ingenieur,No,Steel,Sapphire,Round,L,Standard,Colorful,Stick/Minimalist,Stick / Dot,9.561067663645012
https://watchbase.com/iwc/ingenieur/iw3389-03,iwc,Ingenieur,No,Synthetic,Sapphire,Round,L,Standard,Black,Stick/Minimalist,Stick / Dot,9.975854724662028
https://watchbase.com/iwc/pilot/iw3778-01,iwc,Pilot,No,Steel,Sapphire,Round,XL,Basic,Black,Stick/Minimalist,Arabic Numerals,9.375939552625749
https://watchbase.com/iwc/pilot/iw3253-11,iwc,Pilot,No,Steel,Sapphire,Round,M,Basic,Black,Stick/Minimalist,Arabic Numerals,7.955425088912672
https://watchbase.com/iwc/pilot/iw3240-10,iwc,Pilot,No,Steel,Sapphire,Round,M,Basic,Black,Stick/Minimalist,Arabic Numerals,8.724369949208368
https://watchbase.com/iwc/pilot/iw3281-01,iwc,Pilot,Yes,Steel,Sapphire,Round,L,Standard,Blue,Stick/Minimalist,Arabic Numerals,8.867990898182093
https://watchbase.com/iwc/pilot/iw3282-09,iwc,Pilot,Yes,Titanium,Sapphire,Round,L,Standard,Grey/Brown,Stick/Minimalist,Arabic Numerals,8.867990898182093
https://watchbase.com/iwc/pilot/iw3879-02,iwc,Pilot,No,Steel,Sapphire,Round,L,Basic,Colorful,Stick/Minimalist,Arabic Numerals,8.895766604056085
https://watchbase.com/iwc/pilot/iw3270-08,iwc,Pilot,Yes,Steel,Sapphire,Round,L,Basic,Black,Stick/Minimalist,Mixed,8.474494436883122
https://watchbase.com/iwc/pilot/iw3881-11,iwc,Pilot,No,Steel,Sapphire,Round,L,Standard,Black,Stick/Minimalist,Arabic Numerals,9.042040056544483
https://watchbase.com/iwc/pilot/iw3268-01,iwc,Pilot,No,Steel,Sapphire,Round,M,Basic,Black,Stick/Minimalist,Arabic Numerals,8.566173813637858
https://watchbase.com/iwc/pilot/iw3777-09,iwc,Pilot,No,Steel,Sapphire,Round,L,Basic,Black,Stick/Minimalist,Arabic Numerals,8.77971129020447
https://watchbase.com/iwc/pilot/iw3789-01,iwc,Pilot,No,Steel,Sapphire,Round,XL,Basic,Black,Stick/Minimalist,Arabic Numerals,8.81744592104187
https://watchbase.com/iwc/pilot/iw3777-14,iwc,Pilot,No,Steel,Sapphire,Round,L,Basic,Blue,Stick/Minimalist,Arabic Numerals,8.756367559802975
https://watchbase.com/iwc/pilot/iw3717-13,iwc,Pilot,No,Gold Variants,Sapphire,Round,L,Basic,Black,Stick/Minimalist,Arabic Numerals,9.510519035757246
https://watchbase.com/iwc/pilot/iw3880-01,iwc,Pilot,No,Synthetic,Sapphire,Round,XL,Basic,Black,Stick/Minimalist,Arabic Numerals,9.34145634983372
https://watchbase.com/iwc/pilot/iw3878-02,iwc,Pilot,No,Steel,Sapphire,Round,L,Basic,Grey/Brown,Stick/Minimalist,Arabic Numerals,9.220389707829185
https://watchbase.com/iwc/pilot/iw3706-06,iwc,Pilot,No,Steel,Sapphire,Round,M,Basic,Black,Stick/Minimalist,Arabic Numerals,8.423102268016642
https://watchbase.com/iwc/pilot/iw3777-10,iwc,Pilot,No,Steel,Sapphire,Round,L,Basic,Black,Stick/Minimalist,Arabic Numerals,8.936035096566041
https://watchbase.com/iwc/pilot/iw3706-01,iwc,Pilot,No,Steel,Sapphire,Round,M,Basic,Black,Stick/Minimalist,Arabic Numerals,8.134760782418645
https://watchbase.com/iwc/pilot/iw3265-01,iwc,Pilot,No,Steel,Sapphire,Round,L,Basic,Black,Stick/Minimalist,Arabic Numerals,8.45553053102413
https://watchbase.com/iwc/pilot/iw3282-01,iwc,Pilot,No,Steel,Sapphire,Round,L,Standard,Black,Stick/Minimalist,Arabic Numerals,8.621733370690162
https://watchbase.com/iwc/pilot/iw3717-12,iwc,Pilot,Yes,Steel,Sapphire,Round,L,Basic,Blue,Dauphine-style,Arabic Numerals,8.31898612539206
https://watchbase.com/iwc/pilot/iw3262-01,iwc,Pilot,No,Steel,Sapphire,Round,XL,Basic,Black,Stick/Minimalist,Arabic Numerals,9.065430200180375
https://watchbase.com/iwc/pilot/iw3777-01,iwc,Pilot,No,Steel,Sapphire,Round,L,Basic,Black,Stick/Minimalist,Arabic Numerals,8.648396877031582
https://watchbase.com/iwc/pilot/iw3780-09,iwc,Pilot,No,Steel,Sapphire,Round,L,Basic,Black,Stick/Minimalist,Arabic Numerals,8.987321812850125
https://watchbase.com/iwc/pilot/iw3888-01,iwc,Pilot,No,Steel,Sapphire,Round,L,Standard,Black,Stick/Minimalist,Arabic Numerals,11.407576060361786
https://watchbase.com/iwc/pilot/iw3251-01,iwc,Pilot,No,Steel,Sapphire,Round,M,Basic,Black,Traditional/Special,Arabic Numerals,8.134760782418645
https://watchbase.com/iwc/pilot/iw3717-02,iwc,Pilot,No,Steel,Sapphire,Round,L,Basic,Silver/White,Stick/Minimalist,Arabic Numerals,8.412054873292933
https://watchbase.com/iwc/pilot/iw3717-04,iwc,Pilot,No,Steel,Sapphire,Round,L,Basic,Black,Stick/Minimalist,Arabic Numerals,8.648396877031582
https://watchbase.com/iwc/pilot/iw3883-09,iwc,Pilot,No,Steel,Sapphire,Round,L,Standard,Black,Stick/Minimalist,Arabic Numerals,10.288783966353765
https://watchbase.com/iwc/pilot/iw3706-03,iwc,Pilot,No,Steel,Sapphire,Round,M,Basic,Black,Stick/Minimalist,Arabic Numerals,8.134760782418645
https://watchbase.com/iwc/pilot/iw3881-16,iwc,Pilot,No,Steel,Sapphire,Round,L,Standard,Black,Stick/Minimalist,Arabic Numerals,8.94910546953925
https://watchbase.com/iwc/pilot/iw3741-01,iwc,Pilot,No,Steel,Sapphire,Round,M,Basic,Black,Stick/Minimalist,Arabic Numerals,7.8636512654486515
https://watchbase.com/iwc/pilot/iw3255-01,iwc,Pilot,No,Steel,Sapphire,Round,M,Basic,Black,Stick/Minimalist,Arabic Numerals,8.188966863648876
https://watchbase.com/iwc/pilot/iw3253-01,iwc,Pilot,No,Steel,Sapphire,Round,M,Basic,Black,Stick/Minimalist,Arabic Numerals,7.955425088912672
https://watchbase.com/iwc/pilot/iw3706-07,iwc,Pilot,No,Steel,Sapphire,Round,M,Basic,Black,Stick/Minimalist,Arabic Numerals,8.423102268016642
https://watchbase.com/iwc/pilot/iw3281-04,iwc,Pilot,No,Steel,Sapphire,Round,L,Standard,Black,Stick/Minimalist,Arabic Numerals,9.105090961257085
https://watchbase.com/iwc/pilot/iw3717-01,iwc,Pilot,No,Steel,Sapphire,Round,L,Basic,Black,Stick/Minimalist,Arabic Numerals,8.412054873292933
https://watchbase.com/longines/1832/l4-325-4-87-2,longines,1832,No,Steel,Sapphire,Round,XS,Basic,Grey/Brown,Dauphine-style,Gem-Set Indexes,7.692113339595466
https://watchbase.com/longines/grandevitesse/l3-635-4-06-9,longines,GrandeVitesse,No,Steel,Sapphire,Round,L,Basic,Grey/Brown,Stick/Minimalist,Stick / Dot,7.415175109613295
https://watchbase.com/longines/grandevitesse/l3-636-4-70-9,longines,GrandeVitesse,No,Steel,Sapphire,Round,L,Basic,Silver/White,Stick/Minimalist,Stick / Dot,7.560601162768557
https://watchbase.com/longines/grandevitesse/l3-635-4-96-2,longines,GrandeVitesse,No,Steel,Sapphire,Round,L,Basic,Blue,Stick/Minimalist,Stick / Dot,7.415175109613295
https://watchbase.com/longines/grandevitesse/l3-637-4-70-0,longines,GrandeVitesse,No,Steel,Sapphire,Round,XL,Basic,Silver/White,Stick/Minimalist,Stick / Dot,7.7279755421055585
https://watchbase.com/longines/grandevitesse/l3-635-4-96-9,longines,GrandeVitesse,No,Steel,Sapphire,Round,L,Basic,Blue,Stick/Minimalist,Stick / Dot,7.415175109613295
https://watchbase.com/longines/grandevitesse/l3-636-4-70-2,longines,GrandeVitesse,No,Steel,Sapphire,Round,L,Basic,Silver/White,Stick/Minimalist,Stick / Dot,7.560601162768557
https://watchbase.com/longines/grandevitesse/l3-636-4-50-9,longines,GrandeVitesse,No,Steel,Sapphire,Round,L,Basic,Black,Stick/Minimalist,Stick / Dot,7.560601162768557
https://watchbase.com/longines/grandevitesse/l3-635-4-06-6,longines,GrandeVitesse,No,Steel,Sapphire,Round,L,Basic,Grey/Brown,Stick/Minimalist,Stick / Dot,7.479299637782834
https://watchbase.com/longines/grandevitesse/l3-636-4-50-0,longines,GrandeVitesse,No,Steel,Sapphire,Round,L,Basic,Black,Stick/Minimalist,Stick / Dot,7.560601162768557
https://watchbase.com/longines/grandevitesse/l3-635-4-06-2,longines,GrandeVitesse,No,Steel,Sapphire,Round,L,Basic,Grey/Brown,Stick/Minimalist,Stick / Dot,7.415175109613295
https://watchbase.com/longines/grandevitesse/l3-636-4-60-9,longines,GrandeVitesse,No,Steel,Sapphire,Round,L,Basic,Grey/Brown,Stick/Minimalist,Stick / Dot,7.560601162768557
https://watchbase.com/longines/grandevitesse/l3-637-4-60-6,longines,GrandeVitesse,No,Steel,Sapphire,Round,XL,Basic,Grey/Brown,Stick/Minimalist,Stick / Dot,7.7279755421055585
https://watchbase.com/longines/grandevitesse/l3-635-4-56-9,longines,GrandeVitesse,No,Steel,Sapphire,Round,L,Basic,Black,Stick/Minimalist,Stick / Dot,7.415175109613295
https://watchbase.com/longines/grandevitesse/l3-635-4-56-2,longines,GrandeVitesse,No,Steel,Sapphire,Round,L,Basic,Black,Stick/Minimalist,Stick / Dot,7.415175109613295
https://watchbase.com/longines/grandevitesse/l3-635-4-56-6,longines,GrandeVitesse,No,Steel,Sapphire,Round,L,Basic,Black,Stick/Minimalist,Stick / Dot,7.479299637782834
https://watchbase.com/longines/grandevitesse/l3-635-4-76-2,longines,GrandeVitesse,No,Steel,Sapphire,Round,L,Basic,Grey/Brown,Stick/Minimalist,Stick / Dot,7.415175109613295
https://watchbase.com/longines/grandevitesse/l3-636-4-60-6,longines,GrandeVitesse,No,Steel,Sapphire,Round,L,Basic,Grey/Brown,Stick/Minimalist,Stick / Dot,7.560601162768557
https://watchbase.com/longines/grandevitesse/l3-637-4-50-0,longines,GrandeVitesse,No,Steel,Sapphire,Round,XL,Basic,Black,Stick/Minimalist,Stick / Dot,7.7279755421055585
https://watchbase.com/longines/grandevitesse/l3-635-4-76-9,longines,GrandeVitesse,No,Steel,Sapphire,Round,L,Basic,Silver/White,Stick/Minimalist,Stick / Dot,7.415175109613295
https://watchbase.com/longines/grandevitesse/l3-636-4-60-0,longines,GrandeVitesse,No,Steel,Sapphire,Round,L,Basic,Black,Stick/Minimalist,Stick / Dot,7.560601162768557
https://watchbase.com/longines/grandevitesse/l3-637-4-60-0,longines,GrandeVitesse,No,Steel,Sapphire,Round,XL,Basic,Grey/Brown,Stick/Minimalist,Stick / Dot,7.7279755421055585
https://watchbase.com/longines/grandevitesse/l3-636-4-60-2,longines,GrandeVitesse,No,Steel,Sapphire,Round,L,Basic,Grey/Brown,Stick/Minimalist,Stick / Dot,7.560601162768557
https://watchbase.com/longines/grandevitesse/l3-637-4-70-6,longines,GrandeVitesse,No,Steel,Sapphire,Round,XL,Basic,Silver/White,Stick/Minimalist,Stick / Dot,7.7279755421055585
https://watchbase.com/longines/grandevitesse/l3-636-4-50-6,longines,GrandeVitesse,No,Steel,Sapphire,Round,L,Basic,Black,Stick/Minimalist,Stick / Dot,7.560601162768557
https://watchbase.com/longines/grandevitesse/l3-635-4-93-2,longines,GrandeVitesse,No,Steel,Sapphire,Round,L,Basic,Grey/Brown,Leaf-style,Arabic Numerals,7.415175109613295
https://watchbase.com/longines/grandevitesse/l3-635-4-96-6,longines,GrandeVitesse,No,Steel,Sapphire,Round,L,Basic,Blue,Stick/Minimalist,Stick / Dot,7.479299637782834
https://watchbase.com/longines/grandevitesse/l3-635-4-76-6,longines,GrandeVitesse,No,Steel,Sapphire,Round,L,Basic,Grey/Brown,Stick/Minimalist,Stick / Dot,7.479299637782834
https://watchbase.com/longines/grandevitesse/l3-637-4-50-6,longines,GrandeVitesse,No,Steel,Sapphire,Round,XL,Basic,Black,Stick/Minimalist,Stick / Dot,7.7279755421055585
https://watchbase.com/longines/grandevitesse/l3-636-4-70-6,longines,GrandeVitesse,No,Steel,Sapphire,Round,L,Basic,Silver/White,Stick/Minimalist,Stick / Dot,7.560601162768557
https://watchbase.com/longines/grandevitesse/l3-636-4-50-2,longines,GrandeVitesse,No,Steel,Sapphire,Round,L,Basic,Black,Stick/Minimalist,Stick / Dot,7.560601162768557
https://watchbase.com/longines/1832/l4-325-4-92-2,longines,1832,No,Steel,Sapphire,Round,XS,Basic,Grey/Brown,Dauphine-style,Stick / Dot,7.507141079727608
https://watchbase.com/longines/1832/l4-325-4-52-0,longines,1832,No,Steel,Sapphire,Round,XS,Basic,Black,Dauphine-style,Stick / Dot,7.507141079727608
https://watchbase.com/longines/1832/l4-827-4-52-0,longines,1832,No,Steel,Sapphire,Round,L,Basic,Black,Dauphine-style,Stick / Dot,7.635786861395585
https://watchbase.com/longines/1832/l4-825-4-52-0,longines,1832,No,Steel,Sapphire,Round,L,Basic,Black,Dauphine-style,Stick / Dot,7.507141079727608
https://watchbase.com/longines/1832/l4-825-4-92-2,longines,1832,No,Steel,Sapphire,Round,L,Basic,Grey/Brown,Dauphine-style,Stick / Dot,7.507141079727608
https://watchbase.com/longines/1832/l4-827-4-92-2,longines,1832,No,Steel,Sapphire,Round,L,Basic,Black,Dauphine-style,Stick / Dot,7.635786861395585
https://watchbase.com/longines/1832/l4-828-4-92-2,longines,1832,No,Steel,Sapphire,Round,L,Basic,Grey/Brown,Dauphine-style,Stick / Dot,8.177796683277778
https://watchbase.com/longines/1832/l4-826-4-92-2,longines,1832,No,Steel,Sapphire,Round,L,Basic,Grey/Brown,Dauphine-style,Stick / Dot,7.682943169878292
https://watchbase.com/longines/1832/l4-826-4-52-0,longines,1832,No,Steel,Sapphire,Round,L,Basic,Black,Dauphine-style,Stick / Dot,7.682943169878292
https://watchbase.com/longines/admiral/l3-668-4-66-6,longines,Admiral,No,Steel,Sapphire,Round,L,Standard,Grey/Brown,Stick/Minimalist,Mixed,7.606387389772652
https://watchbase.com/longines/les-grandes-classiques/l4-230-7-32-6,longines,Les Grandes Classiques,No,Gold Variants,Sapphire,Cushion,XS,Basic,Silver/White,Stick/Minimalist,Stick / Dot,8.491054533806542
https://watchbase.com/longines/les-grandes-classiques/l4-230-6-72-6,longines,Les Grandes Classiques,No,Gold Variants,Sapphire,Cushion,XS,Basic,Silver/White,Stick/Minimalist,Stick / Dot,8.291797105048733
https://watchbase.com/longines/les-grandes-classiques/l4-230-7-88-6,longines,Les Grandes Classiques,No,Gold Variants,Sapphire,Cushion,XS,Basic,Silver/White,Stick/Minimalist,Mixed,8.599878558034845
https://watchbase.com/longines/les-grandes-classiques/l4-230-6-32-6,longines,Les Grandes Classiques,No,Gold Variants,Sapphire,Cushion,XS,Basic,Silver/White,Stick/Minimalist,Stick / Dot,8.197263371414335
https://watchbase.com/longines/les-grandes-classiques/l4-228-7-85-6,longines,Les Grandes Classiques,No,Gold Variants,Sapphire,Round,XS,Basic,Silver/White,Stick/Minimalist,Stick / Dot,8.427487278331744
https://watchbase.com/longines/les-grandes-classiques/l6-110-7-27-6,longines,Les Grandes Classiques,No,Gold Variants,Sapphire,Oval,XS,Basic,Silver/White,Stick/Minimalist,Gem-Set Indexes,8.345455428161928
https://watchbase.com/longines/les-grandes-classiques/l4-226-7-11-6,longines,Les Grandes Classiques,No,Gold Variants,Sapphire,Round,XS,Basic,Silver/White,Stick/Minimalist,Roman Numerals,9.174816815907135
https://watchbase.com/longines/les-grandes-classiques/l2-220-9-83-2,longines,Les Grandes Classiques,No,Gold Variants,Sapphire,Oval,XS,Basic,Silver/White,Leaf-style,Arabic Numerals,7.905072849498666
https://watchbase.com/longines/les-grandes-classiques/l4-226-7-11-2,longines,Les Grandes Classiques,No,Gold Variants,Sapphire,Round,XS,Basic,Silver/White,Stick/Minimalist,Roman Numerals,8.291797105048733
https://watchbase.com/longines/les-grandes-classiques/l4-225-7-11-6,longines,Les Grandes Classiques,No,Gold Variants,Sapphire,Oval,XS,Basic,Silver/White,Stick/Minimalist,Roman Numerals,9.167537249650874
https://watchbase.com/longines/les-grandes-classiques/l6-107-6-77-6,longines,Les Grandes Classiques,No,Gold Variants,Sapphire,Round,XS,Basic,Silver/White,Stick/Minimalist,Gem-Set Indexes,8.24301946898925
https://watchbase.com/longines/les-grandes-classiques/l4-226-7-18-6,longines,Les Grandes Classiques,No,Gold Variants,Sapphire,Round,XS,Basic,Silver/White,Stick/Minimalist,Roman Numerals,9.204422898212146
https://watchbase.com/longines/les-grandes-classiques/l4-224-7-88-6,longines,Les Grandes Classiques,No,Gold Variants,Sapphire,Oval,XS,Basic,Silver/White,Stick/Minimalist,Mixed,8.869398159883518
https://watchbase.com/longines/les-grandes-classiques/l4-224-7-37-6,longines,Les Grandes Classiques,No,Gold Variants,Sapphire,Oval,XS,Basic,Silver/White,Stick/Minimalist,Mixed,8.859505484519133
https://watchbase.com/longines/les-grandes-classiques/l4-228-6-85-6,longines,Les Grandes Classiques,No,Gold Variants,Sapphire,Round,XS,Basic,Silver/White,Stick/Minimalist,Mixed,8.174984532943087
https://watchbase.com/longines/les-grandes-classiques/l2-220-0-83-2,longines,Les Grandes Classiques,No,Steel,Sapphire,Oval,XS,Basic,Silver/White,Leaf-style,Arabic Numerals,7.565793282428515
https://watchbase.com/longines/les-grandes-classiques/l5-184-9-73-2,longines,Les Grandes Classiques,No,Gold Variants,Sapphire,Tonneau,XS,Basic,Silver/White,Traditional/Special,Arabic Numerals,7.606387389772652
https://watchbase.com/longines/les-grandes-classiques/l5-182-9-73-2,longines,Les Grandes Classiques,No,Gold Variants,Sapphire,Oval,XS,Basic,Silver/White,Traditional/Special,Arabic Numerals,7.307202314764738
https://watchbase.com/longines/les-grandes-classiques/l4-230-6-85-6,longines,Les Grandes Classiques,No,Gold Variants,Sapphire,Cushion,XS,Basic,Silver/White,Stick/Minimalist,Roman Numerals,8.284251797621916
https://watchbase.com/longines/les-grandes-classiques/l5-184-0-73-2,longines,Les Grandes Classiques,No,Steel,Sapphire,Tonneau,XS,Basic,Silver/White,Traditional/Special,Arabic Numerals,7.313886831633462
https://watchbase.com/longines/les-grandes-classiques/l6-108-7-77-6,longines,Les Grandes Classiques,No,Gold Variants,Sapphire,Round,XS,Basic,Silver/White,Stick/Minimalist,Gem-Set Indexes,8.599878558034845
https://watchbase.com/longines/les-grandes-classiques/l4-228-7-32-6,longines,Les Grandes Classiques,No,Gold Variants,Sapphire,Round,XS,Basic,Silver/White,Stick/Minimalist,Stick / Dot,8.361941906144946
https://watchbase.com/longines/les-grandes-classiques/l4-230-6-88-6,longines,Les Grandes Classiques,No,Gold Variants,Sapphire,Cushion,XS,Basic,Silver/White,Stick/Minimalist,Mixed,8.373553741214627
https://watchbase.com/longines/les-grandes-classiques/l4-230-7-72-6,longines,Les Grandes Classiques,No,Gold Variants,Sapphire,Cushion,XS,Basic,Silver/White,Stick/Minimalist,Stick / Dot,8.519390774959724
https://watchbase.com/longines/les-grandes-classiques/l4-224-7-88-2,longines,Les Grandes Classiques,No,Gold Variants,Sapphire,Oval,XS,Basic,Silver/White,Stick/Minimalist,Mixed,7.972810784121404
https://watchbase.com/longines/les-grandes-classiques/l4-223-7-37-6,longines,Les Grandes Classiques,No,Gold Variants,Sapphire,Round,XS,Basic,Silver/White,Stick/Minimalist,Stick / Dot,8.82776136765472
https://watchbase.com/longines/les-grandes-classiques/l4-226-7-18-2,longines,Les Grandes Classiques,No,Gold Variants,Sapphire,Round,XS,Basic,Silver/White,Stick/Minimalist,Roman Numerals,8.37816098272068
https://watchbase.com/longines/les-grandes-classiques/l6-107-6-27-6,longines,Les Grandes Classiques,No,Gold Variants,Sapphire,Round,XS,Basic,Silver/White,Stick/Minimalist,Gem-Set Indexes,8.045908742270779
https://watchbase.com/longines/les-grandes-classiques/l4-225-7-11-2,longines,Les Grandes Classiques,No,Gold Variants,Sapphire,Oval,XS,Basic,Silver/White,Stick/Minimalist,Roman Numerals,8.491054533806542
https://watchbase.com/longines/les-grandes-classiques/l4-287-8-11-0,longines,Les Grandes Classiques,No,Gold Variants,Sapphire,Round,XS,Basic,Silver/White,Stick/Minimalist,Roman Numerals,7.955425088912672
https://watchbase.com/longines/les-grandes-classiques/l4-223-7-87-6,longines,Les Grandes Classiques,No,Gold Variants,Sapphire,Round,XS,Basic,Silver/White,Stick/Minimalist,Stick / Dot,8.938662873666118
https://watchbase.com/longines/les-grandes-classiques/l4-223-7-88-6,longines,Les Grandes Classiques,No,Gold Variants,Sapphire,Round,XS,Basic,Silver/White,Stick/Minimalist,Stick / Dot,8.837971491357209
https://watchbase.com/longines/les-grandes-classiques/l4-287-8-12-0,longines,Les Grandes Classiques,No,Gold Variants,Sapphire,Round,XS,Basic,Silver/White,Stick/Minimalist,Stick / Dot,7.955425088912672
https://watchbase.com/longines/les-grandes-classiques/l4-224-7-87-6,longines,Les Grandes Classiques,No,Gold Variants,Sapphire,Oval,XS,Basic,Silver/White,Stick/Minimalist,Mixed,8.984818995876008
https://watchbase.com/longines/les-grandes-classiques/l4-228-6-32-6,longines,Les Grandes Classiques,No,Gold Variants,Sapphire,Round,XS,Basic,Silver/White,Stick/Minimalist,Stick / Dot,8.15507488781144
https://watchbase.com/longines/les-grandes-classiques/l6-108-7-27-6,longines,Les Grandes Classiques,No,Gold Variants,Sapphire,Round,XS,Basic,Silver/White,Stick/Minimalist,Gem-Set Indexes,8.394121193826242
https://watchbase.com/longines/les-grandes-classiques/l4-230-7-85-6,longines,Les Grandes Classiques,No,Gold Variants,Sapphire,Cushion,XS,Basic,Silver/White,Stick/Minimalist,Mixed,8.50532301884575
https://watchbase.com/longines/les-grandes-classiques/l4-225-7-18-6,longines,Les Grandes Classiques,No,Gold Variants,Sapphire,Oval,XS,Basic,Silver/White,Stick/Minimalist,Roman Numerals,9.312987208936326
https://watchbase.com/longines/les-grandes-classiques/l6-108-7-15-6,longines,Les Grandes Classiques,No,Gold Variants,Sapphire,Round,XS,Basic,Silver/White,Stick/Minimalist,Roman Numerals,8.340694647925071
https://watchbase.com/longines/les-grandes-classiques/l6-110-7-15-6,longines,Les Grandes Classiques,No,Gold Variants,Sapphire,Oval,XS,Basic,Silver/White,Stick/Minimalist,Roman Numerals,8.284251797621916
https://watchbase.com/longines/les-grandes-classiques/l6-109-6-15-6,longines,Les Grandes Classiques,No,Gold Variants,Sapphire,Oval,XS,Basic,Silver/White,Stick/Minimalist,Mixed,7.8674885686991285
https://watchbase.com/longines/les-grandes-classiques/l5-182-0-73-2,longines,Les Grandes Classiques,No,Steel,Sapphire,Oval,XS,Basic,Silver/White,Traditional/Special,Arabic Numerals,6.878326468291325
https://watchbase.com/longines/les-grandes-classiques/l6-110-7-77-6,longines,Les Grandes Classiques,No,Gold Variants,Sapphire,Oval,XS,Basic,Silver/White,Stick/Minimalist,Gem-Set Indexes,8.537191877922927
https://watchbase.com/longines/les-grandes-classiques/l6-107-6-15-6,longines,Les Grandes Classiques,No,Gold Variants,Sapphire,Round,XS,Basic,Silver/White,Stick/Minimalist,Mixed,7.9624156801210635
https://watchbase.com/longines/les-grandes-classiques/l4-225-7-18-2,longines,Les Grandes Classiques,No,Gold Variants,Sapphire,Oval,XS,Basic,Silver/White,Stick/Minimalist,Roman Numerals,8.599878558034845
https://watchbase.com/longines/admiral/l3-670-4-76-6,longines,Admiral,No,Steel,Sapphire,Round,L,Standard,Silver/White,Stick/Minimalist,Stick / Dot,7.824445930877619
https://watchbase.com/longines/admiral/l3-666-4-76-3,longines,Admiral,No,Steel,Sapphire,Round,L,Standard,Silver/White,Stick/Minimalist,Stick / Dot,7.7279755421055585
https://watchbase.com/longines/admiral/l3-670-4-76-3,longines,Admiral,No,Steel,Sapphire,Round,L,Standard,Silver/White,Stick/Minimalist,Stick / Dot,7.824445930877619
https://watchbase.com/longines/admiral/l3-666-4-79-6,longines,Admiral,No,Steel,Sapphire,Round,L,Standard,Grey/Brown,Stick/Minimalist,Stick / Dot,7.7279755421055585
https://watchbase.com/longines/admiral/l3-666-4-56-3,longines,Admiral,No,Steel,Sapphire,Round,L,Standard,Black,Stick/Minimalist,Stick / Dot,7.7279755421055585
https://watchbase.com/longines/admiral/l3-668-4-66-2,longines,Admiral,No,Steel,Sapphire,Round,L,Standard,Grey/Brown,Stick/Minimalist,Mixed,7.606387389772652
https://watchbase.com/longines/admiral/l3-668-4-79-2,longines,Admiral,No,Steel,Sapphire,Round,L,Standard,Grey/Brown,Stick/Minimalist,Mixed,7.606387389772652
https://watchbase.com/longines/admiral/l3-668-4-79-6,longines,Admiral,No,Steel,Sapphire,Round,L,Standard,Grey/Brown,Stick/Minimalist,Mixed,7.606387389772652
https://watchbase.com/longines/admiral/l3-668-4-76-3,longines,Admiral,No,Steel,Sapphire,Round,L,Standard,Silver/White,Stick/Minimalist,Mixed,7.606387389772652
https://watchbase.com/longines/admiral/l3-668-4-76-0,longines,Admiral,No,Steel,Sapphire,Round,L,Standard,Silver/White,Stick/Minimalist,Mixed,7.581209826196346
https://watchbase.com/longines/admiral/l3-666-4-66-2,longines,Admiral,No,Steel,Sapphire,Round,L,Standard,Grey/Brown,Stick/Minimalist,Stick / Dot,7.7279755421055585
https://watchbase.com/longines/admiral/l3-668-4-56-3,longines,Admiral,No,Steel,Sapphire,Round,L,Standard,Black,Stick/Minimalist,Mixed,7.606387389772652
https://watchbase.com/longines/admiral/l3-666-4-79-2,longines,Admiral,No,Steel,Sapphire,Round,L,Standard,Grey/Brown,Stick/Minimalist,Stick / Dot,7.7279755421055585
https://watchbase.com/longines/admiral/l3-666-4-66-6,longines,Admiral,No,Steel,Sapphire,Round,L,Standard,Grey/Brown,Stick/Minimalist,Stick / Dot,7.7279755421055585
https://watchbase.com/longines/admiral/l3-669-4-56-7,longines,Admiral,No,Synthetic,Sapphire,Round,L,Standard,Black,Stick/Minimalist,Mixed,7.9269635448629785
https://watchbase.com/longines/admiral/l3-670-4-56-0,longines,Admiral,No,Steel,Sapphire,Round,L,Standard,Black,Stick/Minimalist,Stick / Dot,7.8083230503910555
https://watchbase.com/longines/admiral/l3-667-4-56-7,longines,Admiral,No,Steel,Sapphire,Round,L,Standard,Black,Stick/Minimalist,Stick / Dot,8.016647877057803
https://watchbase.com/longines/admiral/l3-666-4-76-2,longines,Admiral,No,Steel,Sapphire,Round,L,Standard,Silver/White,Stick/Minimalist,Stick / Dot,7.7279755421055585
https://watchbase.com/longines/admiral/l3-668-4-56-2,longines,Admiral,No,Steel,Sapphire,Round,L,Standard,Black,Stick/Minimalist,Mixed,7.606387389772652
https://watchbase.com/longines/admiral/l3-666-4-56-2,longines,Admiral,No,Steel,Sapphire,Round,L,Standard,Black,Stick/Minimalist,Stick / Dot,7.7279755421055585
https://watchbase.com/longines/admiral/l3-668-4-56-0,longines,Admiral,No,Steel,Sapphire,Round,L,Standard,Black,Stick/Minimalist,Mixed,7.581209826196346
https://watchbase.com/longines/admiral/l3-669-4-06-7,longines,Admiral,No,Steel,Sapphire,Round,L,Standard,Grey/Brown,Stick/Minimalist,Mixed,7.9269635448629785
https://watchbase.com/longines/admiral/l3-668-4-76-6,longines,Admiral,No,Steel,Sapphire,Round,L,Standard,Silver/White,Stick/Minimalist,Mixed,7.606387389772652
https://watchbase.com/longines/admiral/l3-667-4-06-7,longines,Admiral,No,Steel,Sapphire,Round,L,Standard,Grey/Brown,Stick/Minimalist,Stick / Dot,8.016647877057803
https://watchbase.com/longines/admiral/l3-666-4-76-6,longines,Admiral,No,Steel,Sapphire,Round,L,Standard,Silver/White,Stick/Minimalist,Stick / Dot,7.7279755421055585
https://watchbase.com/longines/admiral/l3-668-4-56-6,longines,Admiral,No,Steel,Sapphire,Round,L,Standard,Black,Stick/Minimalist,Mixed,7.606387389772652
https://watchbase.com/longines/admiral/l3-668-4-76-2,longines,Admiral,No,Steel,Sapphire,Round,L,Standard,Silver/White,Stick/Minimalist,Mixed,7.606387389772652
https://watchbase.com/longines/admiral/l3-670-4-56-6,longines,Admiral,No,Steel,Sapphire,Round,L,Standard,Black,Stick/Minimalist,Stick / Dot,7.824445930877619
https://watchbase.com/longines/admiral/l3-666-4-56-6,longines,Admiral,No,Steel,Sapphire,Round,L,Standard,Black,Stick/Minimalist,Stick / Dot,7.7279755421055585
https://watchbase.com/longines/legend-diver/l3-764-4-90-9,longines,Legend Diver,No,Steel,Sapphire,Round,M,Professional,Blue,Sword-style,Mixed,8.146419323098003
https://watchbase.com/longines/legend-diver/l3-764-4-50-9,longines,Legend Diver,No,Steel,Sapphire,Round,M,Professional,Black,Sword-style,Mixed,8.146419323098003
https://watchbase.com/longines/legend-diver/l3-764-4-16-6,longines,Legend Diver,No,Steel,Sapphire,Round,M,Professional,Silver/White,Sword-style,Mixed,8.125926802707886
https://watchbase.com/longines/legend-diver/l3-374-4-80-6,longines,Legend Diver,No,Steel,Sapphire,Round,M,Professional,Silver/White,Proprietary,Mixed,7.937731775260109
https://watchbase.com/longines/legend-diver/l3-764-4-90-2,longines,Legend Diver,No,Steel,Sapphire,Round,M,Professional,Blue,Sword-style,Mixed,8.146419323098003
https://watchbase.com/longines/legend-diver/l3-764-4-50-0,longines,Legend Diver,No,Steel,Sapphire,Round,M,Professional,Black,Sword-style,Mixed,8.146419323098003
https://watchbase.com/longines/legend-diver/l3-774-4-30-2,longines,Legend Diver,No,Steel,Sapphire,Round,L,Professional,Grey/Brown,Sword-style,Mixed,7.937731775260109
https://watchbase.com/longines/legend-diver/l3-374-4-50-0,longines,Legend Diver,No,Steel,Sapphire,Round,M,Professional,Black,Proprietary,Mixed,7.8636512654486515
https://watchbase.com/longines/legend-diver/l3-764-4-96-6,longines,Legend Diver,No,Steel,Sapphire,Round,M,Professional,Grey/Brown,Sword-style,Mixed,8.24301946898925
https://watchbase.com/longines/legend-diver/l3-374-4-30-2,longines,Legend Diver,No,Steel,Sapphire,Round,M,Professional,Grey/Brown,Proprietary,Mixed,7.937731775260109
https://watchbase.com/longines/legend-diver/l3-374-4-60-0,longines,Legend Diver,No,Steel,Sapphire,Round,M,Professional,Grey/Brown,Proprietary,Mixed,7.581209826196346
https://watchbase.com/longines/legend-diver/l3-374-4-50-6,longines,Legend Diver,No,Steel,Sapphire,Round,M,Professional,Black,Proprietary,Mixed,7.937731775260109
https://watchbase.com/longines/legend-diver/l3-374-4-80-0,longines,Legend Diver,No,Steel,Sapphire,Round,M,Professional,Silver/White,Proprietary,Mixed,7.8636512654486515
https://watchbase.com/longines/legend-diver/l3-774-4-50-9,longines,Legend Diver,No,Steel,Sapphire,Round,L,Professional,Black,Sword-style,Mixed,7.937731775260109
https://watchbase.com/longines/legend-diver/l3-774-8-58-9,longines,Legend Diver,Yes,Gold Variants,Sapphire,Round,L,Professional,Black,Stick/Minimalist,Mixed,9.127067452782361
https://watchbase.com/longines/legend-diver/l3-764-4-50-6,longines,Legend Diver,No,Steel,Sapphire,Round,M,Professional,Black,Sword-style,Mixed,8.202756381655638
https://watchbase.com/longines/legend-diver/l3-374-4-40-2,longines,Legend Diver,No,Steel,Sapphire,Round,M,Professional,Colorful,Proprietary,Mixed,7.937731775260109
https://watchbase.com/longines/legend-diver/l3-774-4-50-2,longines,Legend Diver,No,Steel,Sapphire,Round,L,Professional,Black,Sword-style,Mixed,7.606387389772652
https://watchbase.com/longines/legend-diver/l3-774-4-50-6,longines,Legend Diver,No,Steel,Sapphire,Round,L,Professional,Black,Sword-style,Mixed,7.937731775260109
https://watchbase.com/longines/legend-diver/l3-774-4-70-2,longines,Legend Diver,No,Steel,Sapphire,Round,L,Professional,Grey/Brown,Sword-style,Mixed,7.937731775260109
https://watchbase.com/longines/legend-diver/l3-774-4-50-0,longines,Legend Diver,No,Steel,Sapphire,Round,L,Professional,Black,Sword-style,Mixed,7.8636512654486515
https://watchbase.com/longines/legend-diver/l3-774-4-60-2,longines,Legend Diver,No,Steel,Sapphire,Round,L,Professional,Grey/Brown,Sword-style,Mixed,7.937731775260109
https://watchbase.com/longines/legend-diver/l3-764-4-90-6,longines,Legend Diver,No,Steel,Sapphire,Round,M,Professional,Blue,Sword-style,Mixed,8.202756381655638
https://watchbase.com/longines/legend-diver/l3-674-8-50-0,longines,Legend Diver,No,Gold Variants,Sapphire,Round,L,Professional,Black,Proprietary,Mixed,8.692993531219926
https://watchbase.com/longines/legend-diver/l3-374-4-90-2,longines,Legend Diver,No,Steel,Sapphire,Round,M,Professional,Blue,Proprietary,Mixed,7.937731775260109
https://watchbase.com/longines/legend-diver/l3-774-1-50-2,longines,Legend Diver,No,Steel,Sapphire,Round,L,Professional,Black,Stick/Minimalist,Mixed,8.146419323098003
https://watchbase.com/longines/legend-diver/l3-716-4-50-6,longines,Legend Diver,No,Steel,Sapphire,Round,L,Professional,Black,Proprietary,Mixed,7.650168700845001
https://watchbase.com/longines/legend-diver/l3-674-4-50-9,longines,Legend Diver,No,Steel,Sapphire,Round,L,Professional,Black,Sword-style,Mixed,7.650168700845001
https://watchbase.com/longines/legend-diver/l3-764-4-99-6,longines,Legend Diver,No,Steel,Sapphire,Round,M,Professional,Grey/Brown,Sword-style,Mixed,8.24301946898925
https://watchbase.com/longines/legend-diver/l3-774-4-90-2,longines,Legend Diver,No,Steel,Sapphire,Round,L,Professional,Blue,Sword-style,Mixed,7.937731775260109
https://watchbase.com/longines/legend-diver/l3-764-4-06-6,longines,Legend Diver,No,Steel,Sapphire,Round,M,Professional,Grey/Brown,Sword-style,Mixed,8.24301946898925
https://watchbase.com/longines/legend-diver/l3-774-2-50-9,longines,Legend Diver,No,Steel,Sapphire,Round,L,Professional,Black,Sword-style,Mixed,8.055475141757274
https://watchbase.com/longines/legend-diver/l3-674-4-50-0,longines,Legend Diver,No,Steel,Sapphire,Round,L,Professional,Black,Proprietary,Mixed,7.581209826196346
https://watchbase.com/longines/legend-diver/l3-774-2-58-2,longines,Legend Diver,Yes,Steel,Sapphire,Round,L,Professional,Colorful,Proprietary,Stick / Dot,7.934155233536322
https://watchbase.com/longines/legend-diver/l3-674-4-56-2,longines,Legend Diver,No,Steel,Sapphire,Round,L,Professional,Black,Proprietary,Mixed,7.340186835320115
https://watchbase.com/longines/equestrian/l6-135-0-71-2,longines,Equestrian,No,Steel,Sapphire,Round,XS,Basic,Silver/White,Stick/Minimalist,Roman Numerals,7.669028288589683
https://watchbase.com/longines/equestrian/l6-135-0-87-2,longines,Equestrian,No,Steel,Sapphire,Round,XS,Basic,Silver/White,Stick/Minimalist,Gem-Set Indexes,7.80016307039296
https://watchbase.com/longines/equestrian/l6-129-4-87-2,longines,Equestrian,No,Steel,Sapphire,Round,XS,Basic,Silver/White,Stick/Minimalist,Gem-Set Indexes,7.186144304522325
https://watchbase.com/longines/equestrian/l6-136-4-71-2,longines,Equestrian,No,Steel,Sapphire,Oval,XS,Basic,Silver/White,Stick/Minimalist,Roman Numerals,7.02197642307216
https://watchbase.com/longines/equestrian/l6-136-0-57-0,longines,Equestrian,No,Steel,Sapphire,Oval,XS,Basic,Black,Stick/Minimalist,Gem-Set Indexes,7.919719760924575
https://watchbase.com/longines/equestrian/l6-129-0-71-2,longines,Equestrian,No,Steel,Sapphire,Round,XS,Basic,Silver/White,Stick/Minimalist,Roman Numerals,7.5126175446745105
https://watchbase.com/longines/equestrian/l6-136-0-73-2,longines,Equestrian,No,Steel,Sapphire,Oval,XS,Basic,Silver/White,Stick/Minimalist,Arabic Numerals,7.80016307039296
https://watchbase.com/longines/equestrian/l6-137-4-71-2,longines,Equestrian,No,Steel,Sapphire,Oval,XS,Basic,Silver/White,Stick/Minimalist,Roman Numerals,7.02197642307216
https://watchbase.com/longines/equestrian/l6-137-0-57-0,longines,Equestrian,No,Steel,Sapphire,Oval,XS,Basic,Black,Stick/Minimalist,Gem-Set Indexes,8.235095497258357
https://watchbase.com/longines/equestrian/l6-130-0-73-2,longines,Equestrian,No,Steel,Sapphire,Round,XS,Basic,Silver/White,Stick/Minimalist,Arabic Numerals,7.844240718141811
https://watchbase.com/longines/equestrian/l6-130-0-87-2,longines,Equestrian,No,Steel,Sapphire,Round,XS,Basic,Silver/White,Stick/Minimalist,Gem-Set Indexes,7.955425088912672
https://watchbase.com/longines/equestrian/l6-131-4-57-0,longines,Equestrian,No,Steel,Sapphire,Round,XS,Basic,Black,Stick/Minimalist,Gem-Set Indexes,7.186144304522325
https://watchbase.com/longines/equestrian/l6-131-4-71-2,longines,Equestrian,No,Steel,Sapphire,Round,XS,Basic,Silver/White,Stick/Minimalist,Roman Numerals,6.928537818164665
https://watchbase.com/longines/equestrian/l6-131-0-73-2,longines,Equestrian,No,Steel,Sapphire,Round,XS,Basic,Silver/White,Stick/Minimalist,Arabic Numerals,7.989899374942939
https://watchbase.com/longines/equestrian/l6-129-0-73-2,longines,Equestrian,No,Steel,Sapphire,Round,XS,Basic,Silver/White,Stick/Minimalist,Arabic Numerals,7.5126175446745105
https://watchbase.com/longines/equestrian/l6-135-4-71-2,longines,Equestrian,No,Steel,Sapphire,Round,XS,Basic,Silver/White,Stick/Minimalist,Roman Numerals,7.02197642307216
https://watchbase.com/longines/equestrian/l6-129-0-87-2,longines,Equestrian,No,Steel,Sapphire,Round,XS,Basic,Silver/White,Stick/Minimalist,Gem-Set Indexes,7.669028288589683
https://watchbase.com/longines/equestrian/l6-129-0-57-0,longines,Equestrian,No,Steel,Sapphire,Round,XS,Basic,Black,Stick/Minimalist,Gem-Set Indexes,7.669028288589683
https://watchbase.com/longines/equestrian/l6-130-4-73-2,longines,Equestrian,No,Steel,Sapphire,Round,XS,Basic,Silver/White,Stick/Minimalist,Arabic Numerals,6.928537818164665
https://watchbase.com/longines/equestrian/l6-131-4-73-2,longines,Equestrian,No,Steel,Sapphire,Round,XS,Basic,Silver/White,Stick/Minimalist,Arabic Numerals,6.928537818164665
https://watchbase.com/longines/equestrian/l6-131-4-87-2,longines,Equestrian,No,Steel,Sapphire,Round,XS,Basic,Silver/White,Stick/Minimalist,Gem-Set Indexes,7.186144304522325
https://watchbase.com/longines/equestrian/l6-131-0-71-2,longines,Equestrian,No,Steel,Sapphire,Round,XS,Basic,Silver/White,Stick/Minimalist,Roman Numerals,7.989899374942939
https://watchbase.com/longines/equestrian/l6-131-0-87-2,longines,Equestrian,No,Steel,Sapphire,Round,XS,Basic,Silver/White,Stick/Minimalist,Gem-Set Indexes,8.089789175789319
https://watchbase.com/longines/equestrian/l6-135-0-73-2,longines,Equestrian,No,Steel,Sapphire,Round,XS,Basic,Silver/White,Stick/Minimalist,Arabic Numerals,7.669028288589683
https://watchbase.com/longines/equestrian/l6-138-4-71-2,longines,Equestrian,No,Steel,Sapphire,Oval,S,Basic,Silver/White,Stick/Minimalist,Roman Numerals,7.02197642307216
https://watchbase.com/longines/equestrian/l6-137-0-73-2,longines,Equestrian,No,Steel,Sapphire,Oval,XS,Basic,Silver/White,Stick/Minimalist,Arabic Numerals,8.149312843635345
https://watchbase.com/longines/equestrian/l6-136-0-71-2,longines,Equestrian,No,Steel,Sapphire,Oval,XS,Basic,Silver/White,Stick/Minimalist,Roman Numerals,7.80016307039296
https://watchbase.com/longines/equestrian/l6-137-4-57-0,longines,Equestrian,No,Steel,Sapphire,Oval,XS,Basic,Black,Stick/Minimalist,Gem-Set Indexes,7.266128779556451
https://watchbase.com/longines/equestrian/l6-137-4-73-2,longines,Equestrian,No,Steel,Sapphire,Oval,XS,Basic,Silver/White,Stick/Minimalist,Arabic Numerals,7.02197642307216
https://watchbase.com/longines/equestrian/l6-137-0-71-2,longines,Equestrian,No,Steel,Sapphire,Oval,XS,Basic,Silver/White,Stick/Minimalist,Roman Numerals,8.149312843635345
https://watchbase.com/longines/equestrian/l6-138-4-73-2,longines,Equestrian,No,Steel,Sapphire,Oval,S,Basic,Silver/White,Stick/Minimalist,Arabic Numerals,7.02197642307216
https://watchbase.com/longines/equestrian/l6-130-0-71-2,longines,Equestrian,No,Steel,Sapphire,Round,XS,Basic,Silver/White,Stick/Minimalist,Roman Numerals,7.844240718141811
https://watchbase.com/longines/equestrian/l6-130-4-87-2,longines,Equestrian,No,Steel,Sapphire,Round,XS,Basic,Silver/White,Stick/Minimalist,Gem-Set Indexes,7.186144304522325
https://watchbase.com/longines/equestrian/l6-135-0-57-0,longines,Equestrian,No,Steel,Sapphire,Round,XS,Basic,Black,Stick/Minimalist,Gem-Set Indexes,7.80016307039296
https://watchbase.com/longines/equestrian/l6-136-4-57-0,longines,Equestrian,No,Steel,Sapphire,Oval,XS,Basic,Black,Stick/Minimalist,Gem-Set Indexes,7.266128779556451
https://watchbase.com/longines/equestrian/l6-129-4-73-2,longines,Equestrian,No,Steel,Sapphire,Round,XS,Basic,Silver/White,Stick/Minimalist,Arabic Numerals,6.573680166960646
https://watchbase.com/longines/equestrian/l6-138-0-87-2,longines,Equestrian,No,Steel,Sapphire,Oval,S,Basic,Silver/White,Stick/Minimalist,Gem-Set Indexes,8.286773231131251
https://watchbase.com/longines/equestrian/l6-138-0-71-2,longines,Equestrian,No,Steel,Sapphire,Oval,S,Basic,Silver/White,Stick/Minimalist,Roman Numerals,8.208219383496834
https://watchbase.com/longines/equestrian/l6-138-4-87-2,longines,Equestrian,No,Steel,Sapphire,Oval,S,Basic,Silver/White,Stick/Minimalist,Gem-Set Indexes,7.266128779556451
https://watchbase.com/longines/equestrian/l6-129-4-71-2,longines,Equestrian,No,Steel,Sapphire,Round,XS,Basic,Silver/White,Stick/Minimalist,Roman Numerals,6.928537818164665
https://watchbase.com/longines/equestrian/l6-130-4-71-2,longines,Equestrian,No,Steel,Sapphire,Round,XS,Basic,Silver/White,Stick/Minimalist,Roman Numerals,6.573680166960646
https://watchbase.com/longines/equestrian/l6-131-0-89-2,longines,Equestrian,No,Steel,Sapphire,Round,XS,Basic,Silver/White,Stick/Minimalist,Gem-Set Indexes,8.76732914779405
https://watchbase.com/longines/equestrian/l6-130-4-57-0,longines,Equestrian,No,Steel,Sapphire,Round,XS,Basic,Black,Stick/Minimalist,Gem-Set Indexes,7.186144304522325
https://watchbase.com/longines/equestrian/l6-138-4-57-0,longines,Equestrian,No,Steel,Sapphire,Oval,S,Basic,Black,Stick/Minimalist,Gem-Set Indexes,7.266128779556451
https://watchbase.com/longines/equestrian/l6-138-0-73-2,longines,Equestrian,No,Steel,Sapphire,Oval,S,Basic,Silver/White,Stick/Minimalist,Arabic Numerals,8.208219383496834
https://watchbase.com/longines/equestrian/l6-130-0-89-2,longines,Equestrian,No,Steel,Sapphire,Round,XS,Basic,Silver/White,Stick/Minimalist,Gem-Set Indexes,8.453401058328458
https://watchbase.com/longines/equestrian/l6-130-0-57-0,longines,Equestrian,No,Steel,Sapphire,Round,XS,Basic,Black,Stick/Minimalist,Gem-Set Indexes,7.955425088912672
https://watchbase.com/longines/equestrian/l6-136-4-87-2,longines,Equestrian,No,Steel,Sapphire,Oval,XS,Basic,Silver/White,Stick/Minimalist,Gem-Set Indexes,7.266128779556451
https://watchbase.com/longines/equestrian/l6-138-0-57-0,longines,Equestrian,No,Steel,Sapphire,Oval,S,Basic,Black,Stick/Minimalist,Gem-Set Indexes,8.286773231131251
https://watchbase.com/longines/equestrian/l6-136-0-87-2,longines,Equestrian,No,Steel,Sapphire,Oval,XS,Basic,Silver/White,Stick/Minimalist,Gem-Set Indexes,7.919719760924575
https://watchbase.com/longines/symphonette/l2-304-4-83-6,longines,Symphonette,No,Steel,Sapphire,Oval,XS,Basic,Silver/White,Leaf-style,Arabic Numerals,7.333676395657684
https://watchbase.com/longines/conquest-classic/l2-386-3-87-7,longines,Conquest Classic,No,Steel,Sapphire,Round,S,Basic,Silver/White,Stick/Minimalist,Gem-Set Indexes,7.496097345175956
https://watchbase.com/longines/conquest-classic/l2-285-5-58-7,longines,Conquest Classic,No,Steel,Sapphire,Round,XS,Basic,Black,Stick/Minimalist,Gem-Set Indexes,8.074337694089515
https://watchbase.com/longines/conquest-classic/l2-285-4-76-3,longines,Conquest Classic,No,Steel,Sapphire,Round,L,Basic,Silver/White,Stick/Minimalist,Mixed,7.427144133408616
https://watchbase.com/longines/conquest-classic/l2-285-8-76-3,longines,Conquest Classic,No,Gold Variants,Sapphire,Round,XS,Basic,Silver/White,Stick/Minimalist,Stick / Dot,8.423102268016642
https://watchbase.com/longines/conquest-classic/l2-386-4-88-6,longines,Conquest Classic,No,Steel,Sapphire,Round,S,Basic,Black,Stick/Minimalist,Gem-Set Indexes,7.346655163176539
https://watchbase.com/longines/conquest-classic/l2-285-4-76-6,longines,Conquest Classic,No,Steel,Sapphire,Round,XS,Basic,Silver/White,Stick/Minimalist,Stick / Dot,7.427144133408616
https://watchbase.com/longines/conquest-classic/l2-798-5-52-3,longines,Conquest Classic,No,Steel,Sapphire,Round,L,Basic,Black,Stick/Minimalist,Stick / Dot,8.221747728346623
https://watchbase.com/longines/conquest-classic/l2-285-0-57-6,longines,Conquest Classic,No,Steel,Sapphire,Round,XS,Basic,Black,Stick/Minimalist,Gem-Set Indexes,8.221747728346623
https://watchbase.com/longines/conquest-classic/l2-799-4-76-6,longines,Conquest Classic,No,Steel,Sapphire,Round,L,Basic,Silver/White,Stick/Minimalist,Mixed,7.714677473800927
https://watchbase.com/longines/conquest-classic/l2-798-4-52-3,longines,Conquest Classic,No,Steel,Sapphire,Round,L,Basic,Black,Stick/Minimalist,Stick / Dot,8.000014093678072
https://watchbase.com/longines/conquest-classic/l2-798-5-52-7,longines,Conquest Classic,No,Steel,Sapphire,Round,L,Basic,Black,Stick/Minimalist,Stick / Dot,8.400884069015854
https://watchbase.com/longines/conquest-classic/l2-285-4-87-6,longines,Conquest Classic,No,Steel,Sapphire,Round,XS,Basic,Silver/White,Stick/Minimalist,Gem-Set Indexes,7.606387389772652
https://watchbase.com/longines/conquest-classic/l2-786-5-76-7,longines,Conquest Classic,No,Steel,Sapphire,Round,L,Basic,Silver/White,Stick/Minimalist,Stick / Dot,8.359603270841466
https://watchbase.com/longines/conquest-classic/l2-285-5-88-7,longines,Conquest Classic,No,Synthetic,Sapphire,Round,XS,Basic,Silver/White,Stick/Minimalist,Gem-Set Indexes,8.499232866039245
https://watchbase.com/longines/conquest-classic/l2-387-0-57-6,longines,Conquest Classic,No,Steel,Sapphire,Round,M,Basic,Black,Stick/Minimalist,Gem-Set Indexes,7.650168700845001
https://watchbase.com/longines/conquest-classic/l2-285-5-87-7,longines,Conquest Classic,No,Synthetic,Sapphire,Round,XS,Basic,Silver/White,Stick/Minimalist,Gem-Set Indexes,8.074337694089515
https://watchbase.com/longines/conquest-classic/l2-285-5-57-7,longines,Conquest Classic,No,Steel,Sapphire,Round,XS,Basic,Black,Stick/Minimalist,Gem-Set Indexes,8.499232866039245
https://watchbase.com/longines/conquest-classic/l2-785-8-76-3,longines,Conquest Classic,No,Gold Variants,Sapphire,Round,L,Basic,Silver/White,Stick/Minimalist,Stick / Dot,8.765770543987257
https://watchbase.com/longines/conquest-classic/l2-285-9-87-3,longines,Conquest Classic,No,Gold Variants,Sapphire,Round,XS,Basic,Silver/White,Stick/Minimalist,Gem-Set Indexes,8.791941988456118
https://watchbase.com/longines/conquest-classic/l2-785-5-56-7,longines,Conquest Classic,No,Steel,Sapphire,Round,L,Basic,Black,Stick/Minimalist,Stick / Dot,8.11701408773731
https://watchbase.com/longines/conquest-classic/l2-386-4-87-6,longines,Conquest Classic,No,Steel,Sapphire,Round,S,Basic,Silver/White,Stick/Minimalist,Gem-Set Indexes,7.346655163176539
https://watchbase.com/longines/conquest-classic/l2-799-4-56-3,longines,Conquest Classic,No,Steel,Sapphire,Round,L,Basic,Black,Stick/Minimalist,Mixed,7.714677473800927
https://watchbase.com/longines/conquest-classic/l2-786-8-56-3,longines,Conquest Classic,No,Gold Variants,Sapphire,Round,L,Basic,Black,Stick/Minimalist,Stick / Dot,9.127067452782361
https://watchbase.com/longines/conquest-classic/l2-785-8-56-3,longines,Conquest Classic,No,Gold Variants,Sapphire,Round,L,Basic,Black,Stick/Minimalist,Stick / Dot,8.765770543987257
https://watchbase.com/longines/conquest-classic/l2-799-4-56-6,longines,Conquest Classic,No,Steel,Sapphire,Round,L,Basic,Black,Stick/Minimalist,Mixed,7.714677473800927
https://watchbase.com/longines/conquest-classic/l2-799-4-76-3,longines,Conquest Classic,No,Steel,Sapphire,Round,L,Basic,Silver/White,Stick/Minimalist,Mixed,7.714677473800927
https://watchbase.com/longines/conquest-classic/l2-285-8-56-3,longines,Conquest Classic,No,Gold Variants,Sapphire,Round,XS,Basic,Black,Stick/Minimalist,Stick / Dot,8.423102268016642
https://watchbase.com/longines/conquest-classic/l2-285-5-56-7,longines,Conquest Classic,No,Steel,Sapphire,Round,XS,Basic,Black,Stick/Minimalist,Stick / Dot,7.9658927350845286
https://watchbase.com/longines/conquest-classic/l2-786-8-76-3,longines,Conquest Classic,No,Gold Variants,Sapphire,Round,L,Basic,Silver/White,Stick/Minimalist,Stick / Dot,9.127067452782361
https://watchbase.com/longines/conquest-classic/l2-285-4-56-6,longines,Conquest Classic,No,Steel,Sapphire,Round,XS,Basic,Black,Stick/Minimalist,Stick / Dot,7.427144133408616
https://watchbase.com/longines/conquest-classic/l2-785-4-76-6,longines,Conquest Classic,No,Steel,Sapphire,Round,L,Basic,Silver/White,Stick/Minimalist,Stick / Dot,7.462214939768189
https://watchbase.com/longines/conquest-classic/l2-799-5-76-3,longines,Conquest Classic,No,Steel,Sapphire,Round,L,Basic,Silver/White,Stick/Minimalist,Mixed,7.9966538754626075
https://watchbase.com/longines/conquest-classic/l2-785-5-76-7,longines,Conquest Classic,No,Steel,Sapphire,Round,L,Basic,Silver/White,Stick/Minimalist,Stick / Dot,7.62608275807238
https://watchbase.com/longines/conquest-classic/l2-786-5-56-7,longines,Conquest Classic,No,Steel,Sapphire,Round,L,Basic,Black,Stick/Minimalist,Stick / Dot,8.359603270841466
https://watchbase.com/longines/conquest-classic/l2-798-5-72-3,longines,Conquest Classic,No,Steel,Sapphire,Round,L,Basic,Silver/White,Stick/Minimalist,Stick / Dot,8.221747728346623
https://watchbase.com/longines/conquest-classic/l2-798-8-72-3,longines,Conquest Classic,No,Gold Variants,Sapphire,Round,L,Basic,Silver/White,Stick/Minimalist,Stick / Dot,9.222367752188902
https://watchbase.com/longines/conquest-classic/l2-799-5-56-3,longines,Conquest Classic,No,Steel,Sapphire,Round,L,Basic,Black,Stick/Minimalist,Mixed,7.9966538754626075
https://watchbase.com/longines/conquest-classic/l2-786-4-76-6,longines,Conquest Classic,No,Steel,Sapphire,Round,L,Basic,Silver/White,Stick/Minimalist,Stick / Dot,7.893945138235959
https://watchbase.com/longines/conquest-classic/l2-786-4-56-6,longines,Conquest Classic,No,Steel,Sapphire,Round,L,Basic,Black,Stick/Minimalist,Stick / Dot,7.893945138235959
https://watchbase.com/longines/conquest-classic/l2-786-4-79-3-pm,longines,Conquest Classic,Yes,Steel,Sapphire,Round,L,Basic,Silver/White,Stick/Minimalist,Stick / Dot,8.281723990411392
https://watchbase.com/longines/conquest-classic/l2-785-4-56-6,longines,Conquest Classic,No,Steel,Sapphire,Round,L,Basic,Black,Stick/Minimalist,Stick / Dot,7.462214939768189
https://watchbase.com/longines/conquest-classic/l2-798-4-72-3,longines,Conquest Classic,No,Steel,Sapphire,Round,L,Basic,Silver/White,Stick/Minimalist,Stick / Dot,8.000014093678072
https://watchbase.com/longines/symphonette/l2-304-4-57-6,longines,Symphonette,No,Steel,Sapphire,Oval,XS,Basic,Black,Leaf-style,Gem-Set Indexes,7.333676395657684
https://watchbase.com/longines/symphonette/l2-304-4-87-0,longines,Symphonette,No,Steel,Sapphire,Oval,XS,Basic,Silver/White,Leaf-style,Gem-Set Indexes,7.333676395657684
https://watchbase.com/longines/symphonette/l2-305-0-83-0,longines,Symphonette,No,Steel,Sapphire,Oval,XS,Basic,Silver/White,Leaf-style,Arabic Numerals,8.177796683277778
https://watchbase.com/longines/symphonette/l2-306-4-71-0,longines,Symphonette,No,Steel,Sapphire,Oval,XS,Basic,Silver/White,Leaf-style,Roman Numerals,7.107425474110705
https://watchbase.com/longines/symphonette/l2-306-4-83-6,longines,Symphonette,No,Steel,Sapphire,Oval,XS,Basic,Silver/White,Leaf-style,Arabic Numerals,7.333676395657684
https://watchbase.com/longines/symphonette/l2-306-0-57-0,longines,Symphonette,No,Steel,Sapphire,Oval,XS,Basic,Black,Leaf-style,Gem-Set Indexes,8.31164394850298
https://watchbase.com/longines/symphonette/l2-306-0-83-0,longines,Symphonette,No,Steel,Sapphire,Oval,XS,Basic,Silver/White,Leaf-style,Arabic Numerals,8.31164394850298
https://watchbase.com/longines/symphonette/l2-306-0-71-6,longines,Symphonette,No,Steel,Sapphire,Oval,XS,Basic,Silver/White,Leaf-style,Roman Numerals,8.235095497258357
https://watchbase.com/longines/symphonette/l2-307-4-57-0,longines,Symphonette,No,Steel,Sapphire,Oval,XS,Basic,Black,Leaf-style,Gem-Set Indexes,7.333676395657684
https://watchbase.com/longines/symphonette/l2-307-4-83-6,longines,Symphonette,No,Steel,Sapphire,Oval,XS,Basic,Silver/White,Leaf-style,Arabic Numerals,7.333676395657684
https://watchbase.com/longines/symphonette/l2-307-4-87-6,longines,Symphonette,No,Steel,Sapphire,Oval,XS,Basic,Silver/White,Leaf-style,Gem-Set Indexes,7.333676395657684
https://watchbase.com/longines/symphonette/l2-307-0-57-6,longines,Symphonette,No,Steel,Sapphire,Oval,XS,Basic,Black,Leaf-style,Gem-Set Indexes,8.407601514786142
https://watchbase.com/longines/symphonette/l2-305-9-81-0,longines,Symphonette,No,Gold Variants,Sapphire,Oval,XS,Basic,Silver/White,Leaf-style,Roman Numerals,8.286773231131251
https://watchbase.com/longines/symphonette/l2-304-0-87-0,longines,Symphonette,No,Steel,Sapphire,Oval,XS,Basic,Silver/White,Leaf-style,Gem-Set Indexes,7.919719760924575
https://watchbase.com/longines/symphonette/l2-304-0-83-0,longines,Symphonette,No,Steel,Sapphire,Oval,XS,Basic,Silver/White,Leaf-style,Arabic Numerals,7.919719760924575
https://watchbase.com/longines/symphonette/l2-304-0-83-6,longines,Symphonette,No,Steel,Sapphire,Oval,XS,Basic,Silver/White,Leaf-style,Arabic Numerals,7.919719760924575
https://watchbase.com/longines/symphonette/l2-305-4-71-6,longines,Symphonette,No,Steel,Sapphire,Oval,XS,Basic,Silver/White,Leaf-style,Roman Numerals,7.107425474110705
https://watchbase.com/longines/symphonette/l2-305-4-87-6,longines,Symphonette,No,Steel,Sapphire,Oval,XS,Basic,Silver/White,Leaf-style,Gem-Set Indexes,7.333676395657684
https://watchbase.com/longines/symphonette/l2-305-0-57-0,longines,Symphonette,No,Steel,Sapphire,Oval,XS,Basic,Black,Leaf-style,Gem-Set Indexes,8.177796683277778
https://watchbase.com/longines/symphonette/l2-305-0-71-0,longines,Symphonette,No,Steel,Sapphire,Oval,XS,Basic,Silver/White,Leaf-style,Roman Numerals,8.089789175789319
https://watchbase.com/longines/symphonette/l2-307-0-83-6,longines,Symphonette,No,Steel,Sapphire,Oval,XS,Basic,Silver/White,Leaf-style,Arabic Numerals,8.407601514786142
https://watchbase.com/longines/symphonette/l2-305-0-87-6,longines,Symphonette,No,Steel,Sapphire,Oval,XS,Basic,Silver/White,Leaf-style,Gem-Set Indexes,8.177796683277778
https://watchbase.com/longines/symphonette/l2-305-0-71-6,longines,Symphonette,No,Steel,Sapphire,Oval,XS,Basic,Silver/White,Leaf-style,Roman Numerals,8.089789175789319
https://watchbase.com/longines/symphonette/l2-305-4-57-6,longines,Symphonette,No,Steel,Sapphire,Oval,XS,Basic,Black,Leaf-style,Gem-Set Indexes,7.333676395657684
https://watchbase.com/longines/symphonette/l2-305-9-87-0,longines,Symphonette,No,Gold Variants,Sapphire,Oval,XS,Basic,Silver/White,Leaf-style,Gem-Set Indexes,8.361941906144946
https://watchbase.com/longines/symphonette/l2-307-4-87-0,longines,Symphonette,No,Steel,Sapphire,Oval,XS,Basic,Silver/White,Leaf-style,Gem-Set Indexes,7.333676395657684
https://watchbase.com/longines/symphonette/l2-305-5-87-7,longines,Symphonette,No,Synthetic,Sapphire,Oval,XS,Basic,Silver/White,Leaf-style,Gem-Set Indexes,7.669028288589683
https://watchbase.com/longines/symphonette/l2-307-4-71-0,longines,Symphonette,No,Steel,Sapphire,Oval,XS,Basic,Silver/White,Leaf-style,Roman Numerals,7.107425474110705
https://watchbase.com/longines/symphonette/l2-305-4-71-0,longines,Symphonette,No,Steel,Sapphire,Oval,XS,Basic,Silver/White,Leaf-style,Roman Numerals,7.107425474110705
https://watchbase.com/longines/symphonette/l2-306-0-83-6,longines,Symphonette,No,Steel,Sapphire,Oval,XS,Basic,Silver/White,Leaf-style,Arabic Numerals,8.31164394850298
https://watchbase.com/longines/symphonette/l2-306-0-57-6,longines,Symphonette,No,Steel,Sapphire,Oval,XS,Basic,Black,Leaf-style,Gem-Set Indexes,8.31164394850298
https://watchbase.com/longines/symphonette/l2-307-0-71-0,longines,Symphonette,No,Steel,Sapphire,Oval,XS,Basic,Silver/White,Leaf-style,Roman Numerals,8.338305731356565
https://watchbase.com/longines/symphonette/l2-305-0-83-6,longines,Symphonette,No,Steel,Sapphire,Oval,XS,Basic,Silver/White,Leaf-style,Arabic Numerals,8.177796683277778
https://watchbase.com/longines/symphonette/l2-306-4-87-0,longines,Symphonette,No,Steel,Sapphire,Oval,XS,Basic,Silver/White,Leaf-style,Gem-Set Indexes,7.333676395657684
https://watchbase.com/longines/symphonette/l2-307-0-71-6,longines,Symphonette,No,Steel,Sapphire,Oval,XS,Basic,Silver/White,Leaf-style,Roman Numerals,8.338305731356565
https://watchbase.com/longines/symphonette/l2-305-4-83-0,longines,Symphonette,No,Steel,Sapphire,Oval,XS,Basic,Silver/White,Leaf-style,Arabic Numerals,7.333676395657684
https://watchbase.com/longines/symphonette/l2-305-4-87-0,longines,Symphonette,No,Steel,Sapphire,Oval,XS,Basic,Silver/White,Leaf-style,Gem-Set Indexes,7.333676395657684
https://watchbase.com/longines/symphonette/l2-305-4-83-6,longines,Symphonette,No,Steel,Sapphire,Oval,XS,Basic,Silver/White,Leaf-style,Arabic Numerals,7.333676395657684
https://watchbase.com/longines/symphonette/l2-307-4-57-6,longines,Symphonette,No,Steel,Sapphire,Oval,XS,Basic,Black,Leaf-style,Gem-Set Indexes,7.333676395657684
https://watchbase.com/longines/symphonette/l2-304-0-57-0,longines,Symphonette,No,Steel,Sapphire,Oval,XS,Basic,Black,Leaf-style,Gem-Set Indexes,7.919719760924575
https://watchbase.com/longines/symphonette/l2-306-4-87-6,longines,Symphonette,No,Steel,Sapphire,Oval,XS,Basic,Silver/White,Leaf-style,Gem-Set Indexes,7.333676395657684
https://watchbase.com/longines/symphonette/l2-307-4-83-0,longines,Symphonette,No,Steel,Sapphire,Oval,XS,Basic,Silver/White,Leaf-style,Arabic Numerals,7.333676395657684
https://watchbase.com/longines/symphonette/l2-305-0-87-0,longines,Symphonette,No,Steel,Sapphire,Oval,XS,Basic,Silver/White,Leaf-style,Gem-Set Indexes,8.177796683277778
https://watchbase.com/longines/symphonette/l2-305-8-81-0,longines,Symphonette,No,Gold Variants,Sapphire,Oval,XS,Basic,Silver/White,Leaf-style,Roman Numerals,8.119993827725105
https://watchbase.com/longines/symphonette/l2-305-4-57-0,longines,Symphonette,No,Steel,Sapphire,Oval,XS,Basic,Black,Leaf-style,Gem-Set Indexes,7.333676395657684
https://watchbase.com/longines/symphonette/l2-307-0-87-6,longines,Symphonette,No,Steel,Sapphire,Oval,XS,Basic,Silver/White,Leaf-style,Gem-Set Indexes,8.407601514786142
https://watchbase.com/longines/symphonette/l2-304-0-71-6,longines,Symphonette,No,Steel,Sapphire,Oval,XS,Basic,Silver/White,Leaf-style,Roman Numerals,7.80016307039296
https://watchbase.com/longines/record/l2-321-4-76-2,longines,Record,No,Steel,Sapphire,Round,XS,Basic,Silver/White,Dauphine-style,Mixed,7.534228326274089
https://watchbase.com/longines/record/l2-320-4-96-2,longines,Record,No,Steel,Sapphire,Round,XS,Basic,Blue,Dauphine-style,Mixed,7.534228326274089
https://watchbase.com/longines/record/l2-320-4-76-2,longines,Record,No,Steel,Sapphire,Round,XS,Basic,Silver/White,Dauphine-style,Mixed,7.534228326274089
https://watchbase.com/longines/record/l2-320-4-57-2,longines,Record,No,Steel,Sapphire,Round,XS,Basic,Black,Dauphine-style,Gem-Set Indexes,7.7102051944325325
https://watchbase.com/longines/record/l2-320-4-11-2,longines,Record,No,Steel,Sapphire,Round,XS,Basic,Black,Dauphine-style,Stick / Dot,7.719129840906732
https://watchbase.com/longines/record/l2-320-0-87-6,longines,Record,No,Steel,Sapphire,Round,XS,Basic,Silver/White,Dauphine-style,Gem-Set Indexes,8.517393171418904
https://watchbase.com/longines/record/l2-320-9-87-2,longines,Record,No,Gold Variants,Sapphire,Round,XS,Basic,Silver/White,Dauphine-style,Gem-Set Indexes,8.879193928110318
https://watchbase.com/longines/record/l2-320-8-87-2,longines,Record,No,Gold Variants,Sapphire,Round,XS,Basic,Silver/White,Dauphine-style,Gem-Set Indexes,8.55468163582723
https://watchbase.com/longines/record/l2-320-5-11-2,longines,Record,No,Steel,Sapphire,Round,XS,Basic,Silver/White,Dauphine-style,Roman Numerals,7.901377353792616
https://watchbase.com/longines/record/l2-820-5-76-7,longines,Record,No,Steel,Sapphire,Round,M,Basic,Silver/White,Dauphine-style,Mixed,8.089789175789319
https://watchbase.com/longines/record/l2-821-5-76-7,longines,Record,No,Steel,Sapphire,Round,L,Basic,Silver/White,Dauphine-style,Mixed,8.149312843635345
https://watchbase.com/longines/record/l2-821-5-76-2,longines,Record,No,Steel,Sapphire,Round,L,Basic,Silver/White,Dauphine-style,Mixed,7.972810784121404
https://watchbase.com/longines/record/l2-821-4-57-6,longines,Record,No,Steel,Sapphire,Round,L,Basic,Black,Dauphine-style,Gem-Set Indexes,7.972810784121404
https://watchbase.com/longines/record/l2-821-4-57-2,longines,Record,No,Steel,Sapphire,Round,L,Basic,Black,Dauphine-style,Gem-Set Indexes,7.7752758464868625
https://watchbase.com/longines/record/l2-820-4-56-6,longines,Record,No,Steel,Sapphire,Round,M,Basic,Black,Dauphine-style,Mixed,7.616283561580385
https://watchbase.com/longines/record/l2-321-0-57-6,longines,Record,No,Steel,Sapphire,Round,XS,Basic,Black,Dauphine-style,Gem-Set Indexes,8.375860015299594
https://watchbase.com/longines/record/l2-320-4-96-6,longines,Record,No,Steel,Sapphire,Round,XS,Basic,Blue,Dauphine-style,Mixed,7.534228326274089
https://watchbase.com/longines/record/l2-320-4-87-2,longines,Record,No,Steel,Sapphire,Round,XS,Basic,Silver/White,Dauphine-style,Gem-Set Indexes,7.7102051944325325
https://watchbase.com/longines/record/l2-320-0-57-6,longines,Record,No,Steel,Sapphire,Round,XS,Basic,Black,Dauphine-style,Stick / Dot,8.517393171418904
https://watchbase.com/longines/record/l2-320-0-57-2,longines,Record,No,Steel,Sapphire,Round,XS,Basic,Black,Dauphine-style,Gem-Set Indexes,8.27664912542186
https://watchbase.com/longines/record/l2-820-5-72-2,longines,Record,No,Steel,Sapphire,Round,M,Basic,Silver/White,Dauphine-style,Stick / Dot,7.919719760924575
https://watchbase.com/longines/record/l2-820-5-57-7,longines,Record,No,Steel,Sapphire,Round,M,Basic,Black,Dauphine-style,Gem-Set Indexes,8.19450550976564
https://watchbase.com/longines/record/l2-821-5-11-2,longines,Record,No,Steel,Sapphire,Round,L,Basic,Silver/White,Dauphine-style,Roman Numerals,8.160803920954665
https://watchbase.com/longines/record/l2-821-4-72-2,longines,Record,No,Steel,Sapphire,Round,L,Basic,Silver/White,Dauphine-style,Stick / Dot,7.616283561580385
https://watchbase.com/longines/record/l2-820-4-76-2,longines,Record,No,Steel,Sapphire,Round,M,Basic,Silver/White,Dauphine-style,Mixed,7.616283561580385
https://watchbase.com/longines/record/l2-820-4-57-6,longines,Record,No,Steel,Sapphire,Round,M,Basic,Black,Dauphine-style,Gem-Set Indexes,7.972810784121404
https://watchbase.com/longines/record/l2-320-8-92-2,longines,Record,No,Gold Variants,Sapphire,Round,XS,Basic,Blue,Dauphine-style,Stick / Dot,8.484876589939695
https://watchbase.com/longines/record/l2-820-8-72-2,longines,Record,No,Steel,Sapphire,Round,M,Basic,Silver/White,Dauphine-style,Stick / Dot,9.024131268455035
https://watchbase.com/longines/record/l2-821-5-57-2,longines,Record,No,Steel,Sapphire,Round,L,Basic,Black,Dauphine-style,Gem-Set Indexes,8.089789175789319
https://watchbase.com/longines/record/l2-820-4-96-6,longines,Record,No,Steel,Sapphire,Round,M,Basic,Black,Dauphine-style,Stick / Dot,7.616283561580385
https://watchbase.com/longines/record/l2-820-4-72-2,longines,Record,No,Steel,Sapphire,Round,M,Basic,Silver/White,Dauphine-style,Stick / Dot,7.616283561580385
https://watchbase.com/longines/record/l2-321-4-72-2,longines,Record,No,Steel,Sapphire,Round,XS,Basic,Silver/White,Dauphine-style,Stick / Dot,7.534228326274089
https://watchbase.com/longines/record/l2-821-5-72-2,longines,Record,No,Steel,Sapphire,Round,L,Basic,Silver/White,Dauphine-style,Stick / Dot,8.160803920954665
https://watchbase.com/longines/record/l2-821-4-96-6,longines,Record,No,Steel,Sapphire,Round,L,Basic,Blue,Dauphine-style,Mixed,7.804251383528112
https://watchbase.com/longines/record/l2-820-4-56-2,longines,Record,No,Steel,Sapphire,Round,M,Basic,Black,Dauphine-style,Mixed,7.616283561580385
https://watchbase.com/longines/record/l2-820-5-11-2,longines,Record,No,Steel,Sapphire,Round,M,Basic,Silver/White,Dauphine-style,Roman Numerals,7.919719760924575
https://watchbase.com/longines/record/l2-821-4-96-2,longines,Record,No,Steel,Sapphire,Round,L,Basic,Blue,Dauphine-style,Mixed,7.616283561580385
https://watchbase.com/longines/record/l2-821-4-76-2,longines,Record,No,Steel,Sapphire,Round,L,Basic,Silver/White,Dauphine-style,Mixed,7.804251383528112
https://watchbase.com/longines/record/l2-821-4-11-2,longines,Record,No,Steel,Sapphire,Round,L,Basic,Silver/White,Dauphine-style,Roman Numerals,7.804251383528112
https://watchbase.com/longines/record/l2-821-4-56-6,longines,Record,No,Steel,Sapphire,Round,L,Basic,Black,Dauphine-style,Mixed,7.616283561580385
https://watchbase.com/longines/record/l2-820-4-96-2,longines,Record,No,Steel,Sapphire,Round,M,Basic,Blue,Dauphine-style,Mixed,7.616283561580385
https://watchbase.com/longines/record/l2-821-4-56-2,longines,Record,No,Steel,Sapphire,Round,L,Basic,Black,Dauphine-style,Mixed,7.616283561580385
https://watchbase.com/longines/record/l2-820-4-11-2,longines,Record,No,Steel,Sapphire,Round,M,Basic,Silver/White,Dauphine-style,Roman Numerals,7.616283561580385
https://watchbase.com/longines/record/l2-821-4-96-4,longines,Record,No,Steel,Sapphire,Round,L,Basic,Blue,Dauphine-style,Mixed,10.104426393862145
https://watchbase.com/longines/record/l2-820-4-11-6,longines,Record,No,Steel,Sapphire,Round,M,Basic,Silver/White,Dauphine-style,Roman Numerals,7.804251383528112
https://watchbase.com/longines/record/l2-921-4-56-2,longines,Record,No,Steel,Sapphire,Rectangular,L,Basic,Black,Leaf-style,Mixed,8.188966863648876
https://watchbase.com/longines/record/l2-921-4-56-6,longines,Record,No,Steel,Sapphire,Rectangular,L,Basic,Black,Leaf-style,Mixed,8.188966863648876
https://watchbase.com/longines/record/l2-821-4-11-6,longines,Record,No,Steel,Sapphire,Round,L,Basic,Silver/White,Dauphine-style,Roman Numerals,7.804251383528112
https://watchbase.com/longines/spirit/l3-802-5-53-6,longines,Spirit,No,Steel,Sapphire,Round,M,Standard,Grey/Brown,Stick/Minimalist,Arabic Numerals,8.476579508530941
https://watchbase.com/longines/saint-imier/l2-752-4-73-6,longines,Saint Imier,No,Steel,Sapphire,Round,L,Basic,Silver/White,Stick/Minimalist,Arabic Numerals,7.9269635448629785
https://watchbase.com/longines/saint-imier/l2-766-5-59-7,longines,Saint Imier,No,Steel,Sapphire,Round,L,Basic,Black,Stick/Minimalist,Stick / Dot,7.9865049385539955
https://watchbase.com/longines/saint-imier/l2-766-4-59-3,longines,Saint Imier,No,Steel,Sapphire,Round,L,Basic,Black,Stick/Minimalist,Stick / Dot,7.5126175446745105
https://watchbase.com/longines/saint-imier/l2-753-5-72-7,longines,Saint Imier,No,Steel,Sapphire,Round,M,Basic,Silver/White,Stick/Minimalist,Stick / Dot,8.186185994226083
https://watchbase.com/longines/saint-imier/l2-763-5-52-3,longines,Saint Imier,No,Steel,Sapphire,Round,M,Low,Black,Stick/Minimalist,Stick / Dot,7.650168700845001
https://watchbase.com/longines/saint-imier/l2-563-5-72-7,longines,Saint Imier,No,Steel,Sapphire,Round,XS,Basic,Silver/White,Stick/Minimalist,Stick / Dot,7.791935956938058
https://watchbase.com/longines/saint-imier/l2-563-4-72-0,longines,Saint Imier,No,Steel,Sapphire,Round,XS,Basic,Silver/White,Stick/Minimalist,Stick / Dot,7.467942332285852
https://watchbase.com/longines/saint-imier/l2-263-4-72-6,longines,Saint Imier,No,Steel,Sapphire,Round,XS,Basic,Silver/White,Stick/Minimalist,Stick / Dot,7.43307534889858
https://watchbase.com/longines/saint-imier/l2-263-4-52-3,longines,Saint Imier,No,Steel,Sapphire,Round,XS,Basic,Black,Stick/Minimalist,Stick / Dot,7.43307534889858
https://watchbase.com/longines/saint-imier/l2-766-8-79-3,longines,Saint Imier,No,Gold Variants,Sapphire,Round,L,Basic,Silver/White,Stick/Minimalist,Stick / Dot,8.665785595466064
https://watchbase.com/longines/saint-imier/l2-784-4-52-6,longines,Saint Imier,No,Steel,Sapphire,Round,L,Basic,Black,Stick/Minimalist,Stick / Dot,7.9269635448629785
https://watchbase.com/longines/saint-imier/l2-784-4-72-6,longines,Saint Imier,No,Steel,Sapphire,Round,L,Basic,Silver/White,Stick/Minimalist,Stick / Dot,7.9269635448629785
https://watchbase.com/longines/saint-imier/l2-752-4-52-6,longines,Saint Imier,No,Steel,Sapphire,Round,L,Basic,Black,Stick/Minimalist,Stick / Dot,7.9269635448629785
https://watchbase.com/longines/saint-imier/l2-766-5-79-0,longines,Saint Imier,No,Steel,Sapphire,Round,L,Basic,Silver/White,Stick/Minimalist,Stick / Dot,7.7279755421055585
https://watchbase.com/longines/saint-imier/l2-763-5-72-7,longines,Saint Imier,No,Steel,Sapphire,Round,M,Low,Silver/White,Stick/Minimalist,Stick / Dot,7.9269635448629785
https://watchbase.com/longines/saint-imier/l2-763-5-52-7,longines,Saint Imier,No,Steel,Sapphire,Round,M,Low,Black,Stick/Minimalist,Stick / Dot,7.9269635448629785
https://watchbase.com/longines/saint-imier/l2-763-4-52-6,longines,Saint Imier,No,Steel,Sapphire,Round,M,Low,Black,Stick/Minimalist,Stick / Dot,7.5126175446745105
https://watchbase.com/longines/saint-imier/l2-263-5-72-7,longines,Saint Imier,No,Steel,Sapphire,Round,XS,Basic,Silver/White,Stick/Minimalist,Stick / Dot,7.640603826393634
https://watchbase.com/longines/saint-imier/l2-784-4-52-3,longines,Saint Imier,No,Steel,Sapphire,Round,L,Basic,Black,Stick/Minimalist,Stick / Dot,7.9269635448629785
https://watchbase.com/longines/saint-imier/l2-784-4-53-6,longines,Saint Imier,No,Steel,Sapphire,Round,L,Basic,Black,Stick/Minimalist,Arabic Numerals,7.9269635448629785
https://watchbase.com/longines/saint-imier/l2-752-4-72-6,longines,Saint Imier,No,Steel,Sapphire,Round,L,Basic,Silver/White,Stick/Minimalist,Stick / Dot,7.9269635448629785
https://watchbase.com/longines/saint-imier/l2-766-4-52-6,longines,Saint Imier,No,Steel,Sapphire,Round,M,Basic,Black,Stick/Minimalist,Stick / Dot,7.5126175446745105
https://watchbase.com/longines/saint-imier/l2-763-5-72-0,longines,Saint Imier,No,Steel,Sapphire,Round,M,Low,Silver/White,Stick/Minimalist,Stick / Dot,7.650168700845001
https://watchbase.com/longines/saint-imier/l2-763-4-72-6,longines,Saint Imier,No,Steel,Sapphire,Round,M,Low,Silver/White,Stick/Minimalist,Stick / Dot,7.5126175446745105
https://watchbase.com/longines/saint-imier/l2-563-4-79-6,longines,Saint Imier,No,Steel,Sapphire,Round,XS,Basic,Silver/White,Stick/Minimalist,Stick / Dot,7.467942332285852
https://watchbase.com/longines/saint-imier/l2-752-5-52-3,longines,Saint Imier,No,Steel,Sapphire,Round,L,Basic,Black,Stick/Minimalist,Stick / Dot,8.03947991910045
https://watchbase.com/longines/saint-imier/l2-766-4-59-6,longines,Saint Imier,No,Steel,Sapphire,Round,L,Basic,Black,Stick/Minimalist,Stick / Dot,7.5126175446745105
https://watchbase.com/longines/saint-imier/l2-753-4-53-6,longines,Saint Imier,No,Steel,Sapphire,Round,M,Basic,Black,Stick/Minimalist,Arabic Numerals,7.9269635448629785
https://watchbase.com/longines/saint-imier/l2-753-4-52-3,longines,Saint Imier,No,Steel,Sapphire,Round,M,Basic,Black,Stick/Minimalist,Stick / Dot,7.9269635448629785
https://watchbase.com/longines/saint-imier/l2-764-4-53-6,longines,Saint Imier,No,Steel,Sapphire,Round,XL,Basic,Black,Stick/Minimalist,Arabic Numerals,8.134760782418645
https://watchbase.com/longines/saint-imier/l2-752-4-72-0,longines,Saint Imier,No,Steel,Sapphire,Round,L,Basic,Silver/White,Stick/Minimalist,Stick / Dot,7.9269635448629785
https://watchbase.com/longines/saint-imier/l2-753-5-52-7,longines,Saint Imier,No,Steel,Sapphire,Round,M,Basic,Black,Stick/Minimalist,Stick / Dot,8.186185994226083
https://watchbase.com/longines/saint-imier/l2-763-4-72-0,longines,Saint Imier,No,Steel,Sapphire,Round,M,Low,Silver/White,Stick/Minimalist,Stick / Dot,7.5126175446745105
https://watchbase.com/longines/saint-imier/l2-752-4-53-3,longines,Saint Imier,No,Steel,Sapphire,Round,L,Basic,Black,Stick/Minimalist,Arabic Numerals,7.9269635448629785
https://watchbase.com/longines/saint-imier/l2-753-4-52-6,longines,Saint Imier,No,Steel,Sapphire,Round,M,Basic,Black,Stick/Minimalist,Arabic Numerals,7.9269635448629785
https://watchbase.com/longines/saint-imier/l2-753-4-73-6,longines,Saint Imier,No,Steel,Sapphire,Round,M,Basic,Silver/White,Stick/Minimalist,Arabic Numerals,7.9269635448629785
https://watchbase.com/longines/saint-imier/l2-753-4-73-0,longines,Saint Imier,No,Steel,Sapphire,Round,M,Basic,Silver/White,Stick/Minimalist,Arabic Numerals,7.9269635448629785
https://watchbase.com/longines/saint-imier/l2-763-4-52-3,longines,Saint Imier,No,Steel,Sapphire,Round,M,Low,Black,Stick/Minimalist,Stick / Dot,7.5126175446745105
https://watchbase.com/longines/saint-imier/l2-753-4-72-6,longines,Saint Imier,No,Steel,Sapphire,Round,M,Basic,Silver/White,Stick/Minimalist,Stick / Dot,7.9269635448629785
https://watchbase.com/longines/saint-imier/l2-753-4-53-3,longines,Saint Imier,No,Steel,Sapphire,Round,M,Basic,Black,Stick/Minimalist,Arabic Numerals,7.9269635448629785
https://watchbase.com/longines/saint-imier/l2-784-4-73-0,longines,Saint Imier,No,Steel,Sapphire,Round,L,Basic,Silver/White,Stick/Minimalist,Arabic Numerals,7.9269635448629785
https://watchbase.com/longines/saint-imier/l2-764-4-73-0,longines,Saint Imier,No,Steel,Sapphire,Round,XL,Basic,Silver/White,Stick/Minimalist,Arabic Numerals,8.134760782418645
https://watchbase.com/longines/saint-imier/l2-753-4-72-0,longines,Saint Imier,No,Steel,Sapphire,Round,M,Basic,Silver/White,Stick/Minimalist,Stick / Dot,7.9269635448629785
https://watchbase.com/longines/saint-imier/l2-752-8-72-3,longines,Saint Imier,No,Gold Variants,Sapphire,Round,L,Basic,Grey/Brown,Stick/Minimalist,Stick / Dot,9.081483749851179
https://watchbase.com/longines/saint-imier/l2-753-8-72-3,longines,Saint Imier,No,Gold Variants,Sapphire,Round,M,Basic,Silver/White,Stick/Minimalist,Stick / Dot,8.981052985901483
https://watchbase.com/longines/saint-imier/l2-764-4-53-3,longines,Saint Imier,No,Steel,Sapphire,Round,XL,Basic,Black,Stick/Minimalist,Arabic Numerals,8.134760782418645
https://watchbase.com/longines/saint-imier/l2-752-5-72-7,longines,Saint Imier,No,Steel,Sapphire,Round,L,Basic,Silver/White,Stick/Minimalist,Stick / Dot,8.261268150577648
https://watchbase.com/longines/saint-imier/l2-752-4-52-3,longines,Saint Imier,No,Steel,Sapphire,Round,L,Basic,Black,Stick/Minimalist,Stick / Dot,7.9269635448629785
https://watchbase.com/longines/saint-imier/l2-784-4-53-3,longines,Saint Imier,No,Steel,Sapphire,Round,L,Basic,Black,Stick/Minimalist,Arabic Numerals,7.9269635448629785
https://watchbase.com/longines/saint-imier/l2-764-4-73-6,longines,Saint Imier,No,Steel,Sapphire,Round,XL,Basic,Silver/White,Stick/Minimalist,Arabic Numerals,8.134760782418645
https://watchbase.com/longines/spirit/l3-810-4-53-3,longines,Spirit,No,Steel,Sapphire,Round,L,Standard,Black,Stick/Minimalist,Arabic Numerals,7.621195162809845
https://watchbase.com/longines/spirit/l3-410-4-63-2,longines,Spirit,No,Steel,Sapphire,Round,M,Standard,Silver/White,Stick/Minimalist,Arabic Numerals,7.804251383528112
https://watchbase.com/longines/spirit/l3-410-4-93-0,longines,Spirit,No,Steel,Sapphire,Round,M,Standard,Blue,Stick/Minimalist,Arabic Numerals,7.804251383528112
https://watchbase.com/longines/spirit/l3-802-4-93-6,longines,Spirit,No,Steel,Sapphire,Round,M,Standard,Blue,Stick/Minimalist,Arabic Numerals,8.160803920954665
https://watchbase.com/longines/spirit/l3-810-4-73-6,longines,Spirit,No,Steel,Sapphire,Round,L,Standard,Silver/White,Stick/Minimalist,Arabic Numerals,7.804251383528112
https://watchbase.com/longines/spirit/l3-410-4-53-0,longines,Spirit,No,Steel,Sapphire,Round,M,Standard,Black,Stick/Minimalist,Arabic Numerals,7.804251383528112
https://watchbase.com/longines/spirit/l3-812-4-93-2,longines,Spirit,No,Steel,Sapphire,Round,L,Standard,Blue,Stick/Minimalist,Arabic Numerals,8.131824785007195
https://watchbase.com/longines/spirit/l3-802-4-53-2,longines,Spirit,No,Steel,Sapphire,Round,M,Standard,Black,Stick/Minimalist,Arabic Numerals,8.131824785007195
https://watchbase.com/longines/spirit/l3-810-4-93-0,longines,Spirit,No,Steel,Sapphire,Round,L,Standard,Blue,Stick/Minimalist,Arabic Numerals,7.804251383528112
https://watchbase.com/longines/spirit/l3-820-4-53-0,longines,Spirit,No,Steel,Sapphire,Round,L,Standard,Black,Stick/Minimalist,Arabic Numerals,8.188966863648876
https://watchbase.com/longines/spirit/l3-821-1-53-2,longines,Spirit,No,Steel,Sapphire,Round,L,Standard,Grey/Brown,Stick/Minimalist,Arabic Numerals,8.603554357064281
https://watchbase.com/longines/spirit/l3-820-4-53-6,longines,Spirit,No,Steel,Sapphire,Round,L,Standard,Black,Stick/Minimalist,Arabic Numerals,8.188966863648876
https://watchbase.com/longines/spirit/l3-821-4-53-9,longines,Spirit,No,Steel,Sapphire,Round,L,Standard,Black,Stick/Minimalist,Arabic Numerals,8.517393171418904
https://watchbase.com/longines/spirit/l3-802-5-53-9,longines,Spirit,No,Steel,Sapphire,Round,M,Standard,Grey/Brown,Stick/Minimalist,Arabic Numerals,8.45553053102413
https://watchbase.com/longines/spirit/l3-821-5-59-2,longines,Spirit,No,Steel,Sapphire,Round,L,Standard,Colorful,Stick/Minimalist,Arabic Numerals,8.832149906002899
https://watchbase.com/longines/spirit/l3-810-4-73-9,longines,Spirit,No,Steel,Sapphire,Round,L,Standard,Silver/White,Stick/Minimalist,Arabic Numerals,8.071218539969863
https://watchbase.com/longines/spirit/l3-802-4-63-6,longines,Spirit,No,Steel,Sapphire,Round,M,Standard,Grey/Brown,Stick/Minimalist,Arabic Numerals,8.160803920954665
https://watchbase.com/longines/spirit/l3-812-4-53-6,longines,Spirit,No,Steel,Sapphire,Round,L,Standard,Black,Stick/Minimalist,Arabic Numerals,8.160803920954665
https://watchbase.com/longines/spirit/l3-811-1-53-6,longines,Spirit,No,Titanium,Sapphire,Round,L,Standard,Grey/Brown,Stick/Minimalist,Arabic Numerals,8.188966863648876
https://watchbase.com/longines/spirit/l3-810-1-53-2,longines,Spirit,No,Titanium,Sapphire,Round,L,Standard,Grey/Brown,Stick/Minimalist,Arabic Numerals,8.03947991910045
https://watchbase.com/longines/spirit/l3-821-5-53-2,longines,Spirit,No,Steel,Sapphire,Round,L,Standard,Colorful,Stick/Minimalist,Arabic Numerals,8.832149906002899
https://watchbase.com/longines/spirit/l3-811-4-53-0,longines,Spirit,No,Steel,Sapphire,Round,L,Standard,Black,Stick/Minimalist,Arabic Numerals,7.8636512654486515
https://watchbase.com/longines/spirit/l3-810-4-53-6,longines,Spirit,No,Steel,Sapphire,Round,L,Standard,Black,Stick/Minimalist,Arabic Numerals,7.804251383528112
https://watchbase.com/longines/spirit/l3-810-4-73-2,longines,Spirit,No,Steel,Sapphire,Round,L,Standard,Silver/White,Stick/Minimalist,Arabic Numerals,7.804251383528112
https://watchbase.com/longines/spirit/l3-821-4-53-2,longines,Spirit,No,Steel,Sapphire,Round,L,Standard,Black,Stick/Minimalist,Arabic Numerals,8.517393171418904
https://watchbase.com/longines/spirit/l3-820-4-93-6,longines,Spirit,No,Steel,Sapphire,Round,L,Standard,Blue,Stick/Minimalist,Arabic Numerals,8.188966863648876
https://watchbase.com/longines/spirit/l3-810-4-53-0,longines,Spirit,No,Steel,Sapphire,Round,L,Standard,Black,Stick/Minimalist,Arabic Numerals,7.804251383528112
https://watchbase.com/longines/spirit/l3-810-4-93-6,longines,Spirit,No,Steel,Sapphire,Round,L,Standard,Blue,Stick/Minimalist,Arabic Numerals,7.804251383528112
https://watchbase.com/longines/spirit/l3-410-4-53-6,longines,Spirit,No,Steel,Sapphire,Round,M,Standard,Black,Stick/Minimalist,Arabic Numerals,7.937731775260109
https://watchbase.com/longines/spirit/l3-810-1-53-6,longines,Spirit,No,Titanium,Sapphire,Round,L,Standard,Grey/Brown,Stick/Minimalist,Arabic Numerals,8.146419323098003
https://watchbase.com/longines/spirit/l3-802-4-63-2,longines,Spirit,No,Steel,Sapphire,Round,M,Standard,Grey/Brown,Stick/Minimalist,Arabic Numerals,8.131824785007195
https://watchbase.com/longines/spirit/l3-821-4-53-6,longines,Spirit,No,Steel,Sapphire,Round,L,Standard,Black,Stick/Minimalist,Arabic Numerals,8.537191877922927
https://watchbase.com/longines/spirit/l3-820-4-93-3,longines,Spirit,No,Steel,Sapphire,Round,L,Standard,Blue,Stick/Minimalist,Arabic Numerals,7.989899374942939
https://watchbase.com/longines/spirit/l3-812-4-93-6,longines,Spirit,No,Steel,Sapphire,Round,L,Standard,Blue,Stick/Minimalist,Arabic Numerals,8.160803920954665
https://watchbase.com/longines/spirit/l3-821-1-53-6,longines,Spirit,No,Steel,Sapphire,Round,L,Standard,Grey/Brown,Stick/Minimalist,Arabic Numerals,8.665785595466064
https://watchbase.com/longines/spirit/l3-812-4-63-6,longines,Spirit,No,Steel,Sapphire,Round,L,Standard,Grey/Brown,Stick/Minimalist,Arabic Numerals,8.160803920954665
https://watchbase.com/longines/spirit/l3-812-4-63-2,longines,Spirit,No,Steel,Sapphire,Round,L,Standard,Grey/Brown,Stick/Minimalist,Arabic Numerals,8.131824785007195
https://watchbase.com/longines/spirit/l3-811-4-93-6,longines,Spirit,No,Steel,Sapphire,Round,L,Standard,Blue,Stick/Minimalist,Arabic Numerals,7.8636512654486515
https://watchbase.com/longines/spirit/l3-802-1-53-6,longines,Spirit,No,Steel,Sapphire,Round,M,Standard,Black,Stick/Minimalist,Arabic Numerals,8.412054873292933
https://watchbase.com/longines/spirit/l3-829-1-53-2,longines,Spirit,No,Titanium,Sapphire,Round,L,Standard,Black,Stick/Minimalist,Arabic Numerals,8.423102268016642
https://watchbase.com/longines/spirit/l3-812-4-53-2,longines,Spirit,No,Steel,Sapphire,Round,L,Standard,Black,Stick/Minimalist,Arabic Numerals,8.131824785007195
https://watchbase.com/longines/spirit/l3-410-4-63-6,longines,Spirit,No,Steel,Sapphire,Round,M,Standard,Silver/White,Stick/Minimalist,Arabic Numerals,7.937731775260109
https://watchbase.com/longines/spirit/l3-820-4-93-0,longines,Spirit,No,Steel,Sapphire,Round,L,Standard,Blue,Stick/Minimalist,Arabic Numerals,8.188966863648876
https://watchbase.com/longines/spirit/l3-812-4-59-6,longines,Spirit,Yes,Steel,Sapphire,Round,L,Standard,Black,Stick/Minimalist,Arabic Numerals,8.146419323098003
https://watchbase.com/longines/spirit/l3-802-1-59-6,longines,Spirit,Yes,Titanium,Sapphire,Round,M,Standard,Black,Stick/Minimalist,Arabic Numerals,8.33110454805304
https://watchbase.com/longines/elegant/l4-910-4-57-6,longines,Elegant,No,Steel,Sapphire,Round,M,Basic,Black,Stick/Minimalist,Gem-Set Indexes,7.844240718141811
https://watchbase.com/longines/elegant/l4-910-4-57-2,longines,Elegant,No,Steel,Sapphire,Round,M,Basic,Black,Stick/Minimalist,Gem-Set Indexes,7.844240718141811
https://watchbase.com/longines/elegant/l4-810-4-72-6,longines,Elegant,No,Steel,Sapphire,Round,M,Basic,Grey/Brown,Stick/Minimalist,Stick / Dot,7.438971592395862
https://watchbase.com/longines/elegant/l4-810-4-77-2,longines,Elegant,No,Steel,Sapphire,Round,M,Basic,Silver/White,Stick/Minimalist,Gem-Set Indexes,7.635786861395585
https://watchbase.com/longines/elegant/l4-809-4-57-2,longines,Elegant,No,Steel,Sapphire,Round,M,Basic,Black,Stick/Minimalist,Gem-Set Indexes,7.501634457883413
https://watchbase.com/longines/elegant/l4-809-5-77-7,longines,Elegant,No,Steel,Sapphire,Round,M,Basic,Silver/White,Stick/Minimalist,Gem-Set Indexes,7.840312983320164
https://watchbase.com/longines/elegant/l4-809-4-57-6,longines,Elegant,No,Steel,Sapphire,Round,M,Basic,Black,Stick/Minimalist,Gem-Set Indexes,7.501634457883413
https://watchbase.com/longines/elegant/l4-287-8-87-0,longines,Elegant,No,Gold Variants,Sapphire,Round,XS,Basic,Silver/White,Stick/Minimalist,Gem-Set Indexes,8.11701408773731
https://watchbase.com/longines/elegant/l4-309-5-72-7,longines,Elegant,No,Steel,Sapphire,Round,XS,Basic,Grey/Brown,Stick/Minimalist,Stick / Dot,7.473637108496206
https://watchbase.com/longines/elegant/l4-309-0-87-6,longines,Elegant,No,Steel,Sapphire,Round,XS,Basic,Silver/White,Stick/Minimalist,Gem-Set Indexes,8.45553053102413
https://watchbase.com/longines/elegant/l4-309-4-57-6,longines,Elegant,No,Steel,Sapphire,Round,XS,Basic,Black,Stick/Minimalist,Gem-Set Indexes,7.783640596221253
https://watchbase.com/longines/elegant/l4-378-8-11-0,longines,Elegant,No,Gold Variants,Sapphire,Round,XS,Basic,Silver/White,Stick/Minimalist,Roman Numerals,8.119993827725105
https://watchbase.com/longines/elegant/l4-378-8-11-4,longines,Elegant,No,Gold Variants,Sapphire,Round,XS,Basic,Silver/White,Stick/Minimalist,Roman Numerals,8.45553053102413
https://watchbase.com/longines/elegant/l4-330-4-11-6,longines,Elegant,No,Steel,Sapphire,Round,XS,Basic,Silver/White,Stick/Minimalist,Roman Numerals,7.244941546337007
https://watchbase.com/longines/elegant/l4-911-4-71-6,longines,Elegant,No,Steel,Sapphire,Round,L,Basic,Grey/Brown,Stick/Minimalist,Roman Numerals,7.719129840906732
https://watchbase.com/longines/elegant/l4-910-5-11-7,longines,Elegant,No,Steel,Sapphire,Round,M,Basic,Silver/White,Stick/Minimalist,Roman Numerals,8.202756381655638
https://watchbase.com/longines/elegant/l4-910-4-72-2,longines,Elegant,No,Steel,Sapphire,Round,M,Basic,Grey/Brown,Stick/Minimalist,Stick / Dot,7.438971592395862
https://watchbase.com/longines/elegant/l4-810-4-72-2,longines,Elegant,No,Steel,Sapphire,Round,M,Basic,Grey/Brown,Stick/Minimalist,Stick / Dot,7.438971592395862
https://watchbase.com/longines/elegant/l4-809-4-11-2,longines,Elegant,No,Steel,Sapphire,Round,M,Basic,Silver/White,Stick/Minimalist,Roman Numerals,7.300472814267799
https://watchbase.com/longines/elegant/l4-310-5-87-7,longines,Elegant,No,Synthetic,Sapphire,Round,XS,Basic,Silver/White,Stick/Minimalist,Gem-Set Indexes,8.11701408773731
https://watchbase.com/longines/elegant/l4-310-4-11-2,longines,Elegant,No,Steel,Sapphire,Round,XS,Basic,Silver/White,Stick/Minimalist,Roman Numerals,7.372118028337787
https://watchbase.com/longines/elegant/l4-810-5-57-7,longines,Elegant,No,Steel,Sapphire,Round,M,Basic,Black,Stick/Minimalist,Gem-Set Indexes,8.003363058629947
https://watchbase.com/longines/elegant/l4-809-5-88-7,longines,Elegant,No,Synthetic,Sapphire,Round,M,Basic,Silver/White,Stick/Minimalist,Gem-Set Indexes,8.375860015299594
https://watchbase.com/longines/elegant/l4-809-5-87-7,longines,Elegant,No,Synthetic,Sapphire,Round,M,Basic,Silver/White,Stick/Minimalist,Gem-Set Indexes,7.791935956938058
https://watchbase.com/longines/elegant/l4-809-5-11-7,longines,Elegant,No,Steel,Sapphire,Round,M,Basic,Silver/White,Stick/Minimalist,Roman Numerals,7.692113339595466
https://watchbase.com/longines/elegant/l4-809-4-11-6,longines,Elegant,No,Steel,Sapphire,Round,M,Basic,Silver/White,Stick/Minimalist,Roman Numerals,7.300472814267799
https://watchbase.com/longines/elegant/l4-910-4-77-2,longines,Elegant,No,Steel,Sapphire,Round,M,Basic,Silver/White,Stick/Minimalist,Gem-Set Indexes,7.844240718141811
https://watchbase.com/longines/elegant/l4-910-4-11-6,longines,Elegant,No,Steel,Sapphire,Round,M,Basic,Silver/White,Stick/Minimalist,Roman Numerals,7.650168700845001
https://watchbase.com/longines/elegant/l4-810-5-77-7,longines,Elegant,No,Steel,Sapphire,Round,M,Basic,Silver/White,Stick/Minimalist,Gem-Set Indexes,8.003363058629947
https://watchbase.com/longines/elegant/l4-810-5-11-7,longines,Elegant,No,Steel,Sapphire,Round,M,Basic,Silver/White,Stick/Minimalist,Roman Numerals,7.875119281040293
https://watchbase.com/longines/elegant/l4-809-4-72-6,longines,Elegant,No,Steel,Sapphire,Round,M,Basic,Grey/Brown,Stick/Minimalist,Stick / Dot,7.300472814267799
https://watchbase.com/longines/elegant/l4-809-4-12-6,longines,Elegant,No,Steel,Sapphire,Round,M,Basic,Silver/White,Stick/Minimalist,Stick / Dot,7.300472814267799
https://watchbase.com/longines/elegant/l4-910-5-57-7,longines,Elegant,No,Steel,Sapphire,Round,M,Basic,Black,Stick/Minimalist,Gem-Set Indexes,8.071218539969863
https://watchbase.com/longines/elegant/l4-910-4-12-6,longines,Elegant,No,Steel,Sapphire,Round,M,Basic,Silver/White,Stick/Minimalist,Stick / Dot,7.650168700845001
https://watchbase.com/longines/elegant/l4-910-4-11-2,longines,Elegant,No,Steel,Sapphire,Round,M,Basic,Silver/White,Stick/Minimalist,Roman Numerals,7.650168700845001
https://watchbase.com/longines/elegant/l4-809-0-87-2,longines,Elegant,No,Steel,Sapphire,Round,M,Basic,Silver/White,Stick/Minimalist,Gem-Set Indexes,8.237743803890933
https://watchbase.com/longines/elegant/l4-809-4-12-2,longines,Elegant,No,Steel,Sapphire,Round,M,Basic,Silver/White,Stick/Minimalist,Stick / Dot,7.2520539518528135
https://watchbase.com/longines/elegant/l4-812-4-11-2,longines,Elegant,No,Steel,Sapphire,Round,M,Basic,Silver/White,Stick/Minimalist,Roman Numerals,7.762596048540069
https://watchbase.com/longines/elegant/l4-810-5-12-7,longines,Elegant,No,Steel,Sapphire,Round,M,Basic,Silver/White,Stick/Minimalist,Stick / Dot,7.875119281040293
https://watchbase.com/longines/elegant/l4-810-4-11-2,longines,Elegant,No,Steel,Sapphire,Round,M,Basic,Silver/White,Stick/Minimalist,Roman Numerals,7.438971592395862
https://watchbase.com/longines/elegant/l4-810-4-57-6,longines,Elegant,No,Steel,Sapphire,Round,M,Basic,Black,Stick/Minimalist,Gem-Set Indexes,7.635786861395585
https://watchbase.com/longines/elegant/l4-810-4-11-6,longines,Elegant,No,Steel,Sapphire,Round,M,Basic,Silver/White,Stick/Minimalist,Roman Numerals,7.438971592395862
https://watchbase.com/longines/elegant/l4-309-4-11-2,longines,Elegant,No,Steel,Sapphire,Round,XS,Basic,Silver/White,Stick/Minimalist,Roman Numerals,7.372118028337787
https://watchbase.com/longines/elegant/l4-809-4-72-2,longines,Elegant,No,Steel,Sapphire,Round,M,Basic,Grey/Brown,Stick/Minimalist,Stick / Dot,7.2520539518528135
https://watchbase.com/longines/elegant/l4-809-5-12-7,longines,Elegant,No,Steel,Sapphire,Round,M,Basic,Silver/White,Stick/Minimalist,Stick / Dot,7.692113339595466
https://watchbase.com/longines/elegant/l4-809-5-57-7,longines,Elegant,No,Steel,Sapphire,Round,M,Basic,Black,Stick/Minimalist,Gem-Set Indexes,7.840312983320164
https://watchbase.com/longines/elegant/l4-810-4-12-2,longines,Elegant,No,Steel,Sapphire,Round,M,Basic,Silver/White,Stick/Minimalist,Stick / Dot,7.438971592395862
https://watchbase.com/longines/elegant/l4-910-4-12-2,longines,Elegant,No,Steel,Sapphire,Round,M,Basic,Silver/White,Stick/Minimalist,Stick / Dot,7.438971592395862
https://watchbase.com/longines/flagship/l4-874-4-72-6,longines,Flagship,No,Steel,Sapphire,Round,M,Basic,Silver/White,Traditional/Special,Stick / Dot,7.1785454837637
https://watchbase.com/longines/flagship/l4-874-4-12-6,longines,Flagship,No,Steel,Sapphire,Round,M,Basic,Silver/White,Traditional/Special,Stick / Dot,7.1785454837637
https://watchbase.com/longines/flagship/l4-274-4-76-6,longines,Flagship,No,Steel,Sapphire,Round,XS,Basic,Grey/Brown,Sword-style,Mixed,7.107425474110705
https://watchbase.com/longines/flagship/l4-774-8-27-2,longines,Flagship,No,Gold Variants,Sapphire,Round,M,Basic,Silver/White,Sword-style,Gem-Set Indexes,8.35490952835879
https://watchbase.com/longines/flagship/l4-799-4-12-6,longines,Flagship,No,Steel,Sapphire,Round,M,Basic,Silver/White,Sword-style,Stick / Dot,7.2520539518528135
https://watchbase.com/longines/flagship/l4-774-3-07-7,longines,Flagship,No,Steel,Sapphire,Round,M,Basic,Grey/Brown,Sword-style,Gem-Set Indexes,7.099201743553092
https://watchbase.com/longines/flagship/l4-716-4-52-6,longines,Flagship,No,Steel,Sapphire,Round,M,Basic,Black,Stick/Minimalist,Stick / Dot,6.803505257608338
https://watchbase.com/longines/flagship/l4-974-4-12-6,longines,Flagship,No,Steel,Sapphire,Round,M,Basic,Silver/White,Sword-style,Stick / Dot,7.523481312573497
https://watchbase.com/longines/flagship/l4-374-4-92-6,longines,Flagship,No,Steel,Sapphire,Round,XS,Basic,Blue,Sword-style,Stick / Dot,7.438971592395862
https://watchbase.com/longines/flagship/l4-774-8-21-2,longines,Flagship,No,Gold Variants,Sapphire,Round,M,Basic,Silver/White,Sword-style,Roman Numerals,8.286773231131251
https://watchbase.com/longines/flagship/l4-799-3-37-7,longines,Flagship,No,Steel,Sapphire,Round,M,Basic,Silver/White,Sword-style,Stick / Dot,7.5126175446745105
https://watchbase.com/longines/flagship/l4-803-3-22-7,longines,Flagship,No,Steel,Sapphire,Round,M,Basic,Silver/White,Sword-style,Stick / Dot,7.732369222284388
https://watchbase.com/longines/flagship/l4-774-3-32-7,longines,Flagship,No,Steel,Sapphire,Round,M,Basic,Silver/White,Sword-style,Stick / Dot,7.273092595999522
https://watchbase.com/longines/flagship/l4-774-4-57-6,longines,Flagship,No,Steel,Sapphire,Round,M,Basic,Black,Sword-style,Gem-Set Indexes,7.327123292259293
https://watchbase.com/longines/flagship/l4-716-4-72-6,longines,Flagship,No,Steel,Sapphire,Round,M,Basic,Silver/White,Stick/Minimalist,Stick / Dot,6.803505257608338
https://watchbase.com/longines/flagship/l4-974-4-21-6,longines,Flagship,No,Steel,Sapphire,Round,M,Basic,Silver/White,Sword-style,Roman Numerals,7.523481312573497
https://watchbase.com/longines/flagship/l4-984-3-79-7,longines,Flagship,No,Steel,Sapphire,Round,L,Basic,Grey/Brown,Dauphine-style,Stick / Dot,7.696667081526462
https://watchbase.com/longines/flagship/l4-984-4-59-6,longines,Flagship,No,Steel,Sapphire,Round,L,Basic,Black,Dauphine-style,Stick / Dot,7.601402334583733
https://watchbase.com/longines/flagship/l4-899-4-21-2,longines,Flagship,No,Steel,Sapphire,Round,M,Basic,Silver/White,Traditional/Special,Roman Numerals,7.438971592395862
https://watchbase.com/longines/flagship/l4-774-3-21-7,longines,Flagship,No,Steel,Sapphire,Round,M,Basic,Silver/White,Sword-style,Roman Numerals,7.273092595999522
https://watchbase.com/longines/flagship/l4-984-4-92-6,longines,Flagship,No,Steel,Sapphire,Round,L,Basic,Blue,Sword-style,Stick / Dot,7.576097340623111
https://watchbase.com/longines/flagship/l4-984-4-21-6,longines,Flagship,No,Steel,Sapphire,Round,L,Basic,Silver/White,Sword-style,Roman Numerals,7.576097340623111
https://watchbase.com/longines/flagship/l4-984-4-12-6,longines,Flagship,No,Steel,Sapphire,Round,L,Basic,Silver/White,Sword-style,Stick / Dot,7.576097340623111
https://watchbase.com/longines/flagship/l4-874-4-96-6,longines,Flagship,No,Steel,Sapphire,Round,M,Basic,Blue,Traditional/Special,Mixed,7.1785454837637
https://watchbase.com/longines/flagship/l4-774-4-76-6,longines,Flagship,No,Steel,Sapphire,Round,M,Basic,Grey/Brown,Sword-style,Mixed,7.107425474110705
https://watchbase.com/longines/flagship/l4-796-4-78-2,longines,Flagship,No,Steel,Sapphire,Round,L,Basic,Silver/White,Dauphine-style,Stick / Dot,7.606387389772652
https://watchbase.com/longines/flagship/l4-716-4-12-6,longines,Flagship,No,Steel,Sapphire,Round,M,Basic,Silver/White,Stick/Minimalist,Stick / Dot,6.803505257608338
https://watchbase.com/longines/flagship/l4-803-3-37-7,longines,Flagship,No,Steel,Sapphire,Round,M,Basic,Silver/White,Sword-style,Stick / Dot,7.848153086199526
https://watchbase.com/longines/flagship/l4-215-4-12-6,longines,Flagship,No,Steel,Sapphire,Round,XS,Basic,Silver/White,Sword-style,Stick / Dot,6.53813982376767
https://watchbase.com/longines/flagship/l4-774-4-96-6,longines,Flagship,No,Steel,Sapphire,Round,M,Basic,Blue,Sword-style,Mixed,7.107425474110705
https://watchbase.com/longines/flagship/l4-803-4-57-6,longines,Flagship,No,Steel,Sapphire,Round,M,Basic,Black,Sword-style,Gem-Set Indexes,7.7752758464868625
https://watchbase.com/longines/flagship/l4-984-4-59-2,longines,Flagship,No,Steel,Sapphire,Round,L,Basic,Black,Dauphine-style,Stick / Dot,7.601402334583733
https://watchbase.com/longines/flagship/l4-774-8-22-2,longines,Flagship,No,Gold Variants,Sapphire,Round,M,Basic,Silver/White,Sword-style,Stick / Dot,8.286773231131251
https://watchbase.com/longines/flagship/l4-774-4-27-6,longines,Flagship,No,Steel,Sapphire,Round,M,Basic,Silver/White,Sword-style,Gem-Set Indexes,7.327123292259293
https://watchbase.com/longines/flagship/l4-799-4-57-6,longines,Flagship,No,Steel,Sapphire,Round,M,Basic,Black,Sword-style,Stick / Dot,7.403061091090091
https://watchbase.com/longines/flagship/l4-803-3-32-7,longines,Flagship,No,Steel,Sapphire,Round,M,Basic,Silver/White,Sword-style,Stick / Dot,7.732369222284388
https://watchbase.com/longines/flagship/l4-274-4-12-6,longines,Flagship,No,Steel,Sapphire,Round,XS,Basic,Silver/White,Sword-style,Stick / Dot,7.438971592395862
https://watchbase.com/longines/flagship/l4-774-4-52-2,longines,Flagship,No,Steel,Sapphire,Round,M,Basic,Black,Sword-style,Stick / Dot,6.85751406254539
https://watchbase.com/longines/flagship/l4-774-4-52-6,longines,Flagship,No,Steel,Sapphire,Round,M,Basic,Black,Sword-style,Stick / Dot,7.155396301896734
https://watchbase.com/longines/flagship/l4-774-4-72-2,longines,Flagship,No,Steel,Sapphire,Round,M,Basic,Silver/White,Sword-style,Stick / Dot,6.85751406254539
https://watchbase.com/longines/flagship/l4-774-3-22-7,longines,Flagship,No,Steel,Sapphire,Round,M,Basic,Silver/White,Sword-style,Stick / Dot,7.273092595999522
https://watchbase.com/longines/flagship/l4-774-4-72-6,longines,Flagship,No,Steel,Sapphire,Round,M,Basic,Silver/White,Sword-style,Stick / Dot,7.155396301896734
https://watchbase.com/longines/flagship/l4-803-4-72-6,longines,Flagship,No,Steel,Sapphire,Round,M,Basic,Silver/White,Sword-style,Stick / Dot,7.669028288589683
https://watchbase.com/longines/flagship/l4-984-4-79-2,longines,Flagship,No,Steel,Sapphire,Round,L,Basic,Grey/Brown,Dauphine-style,Stick / Dot,7.601402334583733
https://watchbase.com/longines/flagship/l4-774-4-12-2,longines,Flagship,No,Steel,Sapphire,Round,M,Basic,Silver/White,Sword-style,Stick / Dot,6.85751406254539
https://watchbase.com/longines/flagship/l4-774-4-12-6,longines,Flagship,No,Steel,Sapphire,Round,M,Basic,Silver/White,Sword-style,Stick / Dot,7.155396301896734
https://watchbase.com/longines/evidenza/l2-155-0-53-6,longines,Evidenza,No,Steel,Sapphire,Tonneau,XS,Basic,Black,Leaf-style,Arabic Numerals,7.736743682453495
https://watchbase.com/longines/evidenza/l2-142-4-73-4,longines,Evidenza,No,Steel,Sapphire,Tonneau,XS,Basic,Silver/White,Leaf-style,Arabic Numerals,7.762596048540069
https://watchbase.com/longines/evidenza/l2-142-4-09-2,longines,Evidenza,No,Steel,Sapphire,Tonneau,XS,Basic,Colorful,Leaf-style,Mixed,7.762596048540069
https://watchbase.com/longines/evidenza/l2-142-4-60-2,longines,Evidenza,No,Steel,Sapphire,Tonneau,XS,Basic,Grey/Brown,Leaf-style,Roman Numerals,7.762596048540069
https://watchbase.com/longines/evidenza/l2-142-4-73-2,longines,Evidenza,No,Steel,Sapphire,Tonneau,XS,Basic,Grey/Brown,Leaf-style,Arabic Numerals,7.496097345175956
https://watchbase.com/longines/evidenza/l2-175-8-71-5,longines,Evidenza,No,Gold Variants,Sapphire,Tonneau,XS,Basic,Grey/Brown,Leaf-style,Roman Numerals,7.732369222284388
https://watchbase.com/longines/evidenza/l2-155-0-57-2,longines,Evidenza,No,Steel,Sapphire,Tonneau,XS,Basic,Black,Leaf-style,Arabic Numerals,8.146419323098003
https://watchbase.com/longines/evidenza/l2-175-4-71-5,longines,Evidenza,No,Steel,Sapphire,Tonneau,XS,Basic,Grey/Brown,Leaf-style,Roman Numerals,7.099201743553092
https://watchbase.com/longines/evidenza/l2-642-8-73-6,longines,Evidenza,No,Gold Variants,Sapphire,Tonneau,S,Basic,Grey/Brown,Leaf-style,Arabic Numerals,9.729193687429403
https://watchbase.com/longines/evidenza/l2-688-4-58-9,longines,Evidenza,No,Steel,Sapphire,Tonneau,L,Basic,Black,Dauphine-style,Roman Numerals,8.11701408773731
https://watchbase.com/longines/evidenza/l2-672-4-73-6,longines,Evidenza,No,Steel,Sapphire,Tonneau,S,Basic,Grey/Brown,Leaf-style,Arabic Numerals,7.659642954564682
https://watchbase.com/longines/evidenza/l2-671-4-58-9,longines,Evidenza,No,Steel,Sapphire,Tonneau,S,Basic,Black,Leaf-style,Roman Numerals,7.852050207265889
https://watchbase.com/longines/evidenza/l2-671-4-78-9,longines,Evidenza,No,Steel,Sapphire,Tonneau,S,Basic,Grey/Brown,Leaf-style,Arabic Numerals,7.8674885686991285
https://watchbase.com/longines/evidenza/l2-175-0-71-6,longines,Evidenza,No,Steel,Sapphire,Tonneau,XS,Basic,Grey/Brown,Leaf-style,Roman Numerals,7.955425088912672
https://watchbase.com/longines/evidenza/l2-155-4-53-5,longines,Evidenza,No,Steel,Sapphire,Tonneau,XS,Basic,Black,Leaf-style,Arabic Numerals,6.836259277277067
https://watchbase.com/longines/evidenza/l2-142-6-73-6,longines,Evidenza,No,Gold Variants,Sapphire,Tonneau,XS,Basic,Grey/Brown,Leaf-style,Arabic Numerals,9.205428327615163
https://watchbase.com/longines/evidenza/l2-643-6-73-9,longines,Evidenza,No,Gold Variants,Sapphire,Tonneau,S,Basic,Grey/Brown,Leaf-style,Arabic Numerals,8.95944014361693
https://watchbase.com/longines/evidenza/l2-670-4-73-6,longines,Evidenza,No,Steel,Sapphire,Tonneau,S,Basic,Grey/Brown,Leaf-style,Arabic Numerals,7.560601162768557
https://watchbase.com/longines/evidenza/l2-672-4-73-9,longines,Evidenza,No,Steel,Sapphire,Tonneau,S,Basic,Grey/Brown,Leaf-style,Arabic Numerals,7.640603826393634
https://watchbase.com/longines/evidenza/l2-155-4-53-6,longines,Evidenza,No,Steel,Sapphire,Tonneau,XS,Basic,Black,Leaf-style,Arabic Numerals,6.966967138613983
https://watchbase.com/longines/evidenza/l2-155-4-71-5,longines,Evidenza,No,Steel,Sapphire,Tonneau,XS,Basic,Grey/Brown,Leaf-style,Roman Numerals,7.313886831633462
https://watchbase.com/longines/evidenza/l2-642-4-73-4,longines,Evidenza,No,Steel,Sapphire,Tonneau,S,Basic,Silver/White,Leaf-style,Arabic Numerals,7.844240718141811
https://watchbase.com/longines/evidenza/l2-671-4-78-6,longines,Evidenza,No,Steel,Sapphire,Tonneau,S,Basic,Grey/Brown,Leaf-style,Arabic Numerals,7.886457270977689
https://watchbase.com/longines/evidenza/l2-155-0-71-5,longines,Evidenza,No,Steel,Sapphire,Tonneau,XS,Basic,Grey/Brown,Leaf-style,Roman Numerals,7.81237820598861
https://watchbase.com/longines/evidenza/l2-642-8-73-4,longines,Evidenza,No,Gold Variants,Sapphire,Tonneau,S,Basic,Grey/Brown,Leaf-style,Arabic Numerals,8.692993531219926
https://watchbase.com/longines/evidenza/l2-670-4-51-6,longines,Evidenza,No,Steel,Sapphire,Tonneau,S,Basic,Black,Leaf-style,Roman Numerals,7.560601162768557
https://watchbase.com/longines/evidenza/l2-643-4-51-4,longines,Evidenza,No,Steel,Sapphire,Tonneau,M,Basic,Black,Leaf-style,Arabic Numerals,7.75833346749091
https://watchbase.com/longines/evidenza/l2-643-8-73-9,longines,Evidenza,No,Gold Variants,Sapphire,Tonneau,S,Basic,Grey/Brown,Leaf-style,Arabic Numerals,8.95944014361693
https://watchbase.com/longines/evidenza/l2-642-6-73-9,longines,Evidenza,No,Gold Variants,Sapphire,Tonneau,S,Basic,Grey/Brown,Leaf-style,Arabic Numerals,8.449128460502108
https://watchbase.com/longines/evidenza/l2-688-4-58-6,longines,Evidenza,No,Steel,Sapphire,Tonneau,L,Basic,Black,Dauphine-style,Roman Numerals,8.128880142125638
https://watchbase.com/longines/evidenza/l2-701-4-58-6,longines,Evidenza,No,Steel,Sapphire,Tonneau,L,Basic,Black,Leaf-style,Roman Numerals,8.03947991910045
https://watchbase.com/longines/evidenza/l2-670-4-51-9,longines,Evidenza,No,Steel,Sapphire,Tonneau,S,Basic,Black,Leaf-style,Roman Numerals,7.53955882930103
https://watchbase.com/longines/evidenza/l2-642-4-73-6,longines,Evidenza,No,Steel,Sapphire,Tonneau,S,Basic,Silver/White,Leaf-style,Arabic Numerals,7.8636512654486515
https://watchbase.com/longines/evidenza/l2-155-8-71-2,longines,Evidenza,No,Gold Variants,Sapphire,Tonneau,XS,Basic,Grey/Brown,Leaf-style,Roman Numerals,8.105005537547246
https://watchbase.com/longines/evidenza/l2-642-4-51-4,longines,Evidenza,No,Steel,Sapphire,Tonneau,S,Basic,Black,Leaf-style,Roman Numerals,7.5126175446745105
https://watchbase.com/longines/evidenza/l2-156-4-73-6,longines,Evidenza,No,Steel,Sapphire,Tonneau,S,Basic,Grey/Brown,Leaf-style,Arabic Numerals,7.766840537085513
https://watchbase.com/longines/evidenza/l2-156-4-51-2,longines,Evidenza,No,Steel,Sapphire,Tonneau,S,Basic,Black,Leaf-style,Roman Numerals,7.719129840906732
https://watchbase.com/longines/evidenza/l2-701-4-78-6,longines,Evidenza,No,Steel,Sapphire,Tonneau,L,Basic,Grey/Brown,Leaf-style,Arabic Numerals,8.03947991910045
https://watchbase.com/longines/evidenza/l2-671-4-58-6,longines,Evidenza,No,Steel,Sapphire,Tonneau,S,Basic,Black,Leaf-style,Roman Numerals,7.886457270977689
https://watchbase.com/longines/evidenza/l2-701-4-58-9,longines,Evidenza,No,Steel,Sapphire,Tonneau,L,Basic,Black,Leaf-style,Roman Numerals,8.026496938945412
https://watchbase.com/longines/evidenza/l2-643-4-73-6,longines,Evidenza,No,Steel,Sapphire,Tonneau,M,Basic,Grey/Brown,Leaf-style,Arabic Numerals,7.901377353792616
https://watchbase.com/longines/evidenza/l2-688-4-78-6,longines,Evidenza,No,Steel,Sapphire,Tonneau,L,Basic,Grey/Brown,Dauphine-style,Arabic Numerals,8.128880142125638
https://watchbase.com/longines/evidenza/l2-688-4-78-9,longines,Evidenza,No,Steel,Sapphire,Tonneau,L,Basic,Grey/Brown,Dauphine-style,Arabic Numerals,8.11701408773731
https://watchbase.com/longines/evidenza/l2-670-4-73-9,longines,Evidenza,No,Steel,Sapphire,Tonneau,S,Basic,Grey/Brown,Leaf-style,Arabic Numerals,7.53955882930103
https://watchbase.com/longines/evidenza/l2-642-4-51-6,longines,Evidenza,No,Steel,Sapphire,Tonneau,S,Basic,Black,Leaf-style,Roman Numerals,7.534228326274089
https://watchbase.com/longines/evidenza/l2-701-4-78-9,longines,Evidenza,No,Steel,Sapphire,Tonneau,L,Basic,Grey/Brown,Leaf-style,Arabic Numerals,8.026496938945412
https://watchbase.com/longines/evidenza/l2-643-4-51-6,longines,Evidenza,No,Steel,Sapphire,Tonneau,M,Basic,Black,Leaf-style,Roman Numerals,7.7752758464868625
https://watchbase.com/longines/evidenza/l2-643-4-73-4,longines,Evidenza,No,Steel,Sapphire,Tonneau,M,Basic,Grey/Brown,Leaf-style,Arabic Numerals,7.886457270977689
https://watchbase.com/longines/conquest-v-h-p/l3-726-4-96-0,longines,Conquest V.H.P.,No,Steel,Sapphire,Round,L,Basic,Blue,Stick/Minimalist,Mixed,6.898714534329988
https://watchbase.com/longines/conquest-v-h-p/l3-726-4-56-3,longines,Conquest V.H.P.,No,Steel,Sapphire,Round,L,Basic,Black,Stick/Minimalist,Mixed,6.898714534329988
https://watchbase.com/longines/conquest-v-h-p/l3-719-4-96-9,longines,Conquest V.H.P.,No,Steel,Sapphire,Round,L,Basic,Blue,Stick/Minimalist,Mixed,7.048386408721883
https://watchbase.com/longines/conquest-v-h-p/l3-719-4-76-6,longines,Conquest V.H.P.,No,Steel,Sapphire,Round,L,Basic,Silver/White,Stick/Minimalist,Mixed,7.048386408721883
https://watchbase.com/longines/conquest-v-h-p/l3-717-4-56-6,longines,Conquest V.H.P.,No,Steel,Sapphire,Round,L,Basic,Black,Stick/Minimalist,Mixed,7.346655163176539
https://watchbase.com/longines/conquest-v-h-p/l3-717-2-96-6,longines,Conquest V.H.P.,No,Steel,Sapphire,Round,L,Basic,Blue,Stick/Minimalist,Mixed,7.450660796211539
https://watchbase.com/longines/conquest-v-h-p/l3-717-2-66-6,longines,Conquest V.H.P.,No,Steel,Sapphire,Round,L,Basic,Black,Stick/Minimalist,Mixed,7.523481312573497
https://watchbase.com/longines/conquest-v-h-p/l3-718-2-96-9,longines,Conquest V.H.P.,No,Steel,Sapphire,Round,L,Basic,Blue,Stick/Minimalist,Mixed,7.273092595999522
https://watchbase.com/longines/conquest-v-h-p/l3-718-2-56-9,longines,Conquest V.H.P.,No,Steel,Sapphire,Round,L,Basic,Black,Stick/Minimalist,Mixed,7.346655163176539
https://watchbase.com/longines/conquest-v-h-p/l3-718-4-96-9,longines,Conquest V.H.P.,No,Steel,Sapphire,Round,L,Basic,Blue,Stick/Minimalist,Mixed,7.1316985104669115
https://watchbase.com/longines/conquest-v-h-p/l3-728-2-66-6,longines,Conquest V.H.P.,No,Steel,Sapphire,Round,L,Basic,Black,Stick/Minimalist,Mixed,7.372118028337787
https://watchbase.com/longines/conquest-v-h-p/l3-728-4-56-6,longines,Conquest V.H.P.,No,Steel,Sapphire,Round,L,Basic,Black,Stick/Minimalist,Mixed,7.1631723908466425
https://watchbase.com/longines/conquest-v-h-p/l3-716-2-66-6,longines,Conquest V.H.P.,No,Steel,Sapphire,Round,L,Basic,Black,Stick/Minimalist,Mixed,7.1316985104669115
https://watchbase.com/longines/conquest-v-h-p/l3-727-4-76-6,longines,Conquest V.H.P.,No,Steel,Sapphire,Round,XL,Basic,Silver/White,Stick/Minimalist,Stick / Dot,7.372118028337787
https://watchbase.com/longines/conquest-v-h-p/l3-717-4-76-9,longines,Conquest V.H.P.,No,Steel,Sapphire,Round,L,Basic,Silver/White,Stick/Minimalist,Mixed,7.346655163176539
https://watchbase.com/longines/conquest-v-h-p/l3-726-2-96-6,longines,Conquest V.H.P.,No,Steel,Sapphire,Round,L,Basic,Blue,Stick/Minimalist,Mixed,7.0909098220799835
https://watchbase.com/longines/conquest-v-h-p/l3-727-4-56-6,longines,Conquest V.H.P.,No,Steel,Sapphire,Round,XL,Basic,Black,Stick/Minimalist,Stick / Dot,7.372118028337787
https://watchbase.com/longines/conquest-v-h-p/l3-718-4-56-9,longines,Conquest V.H.P.,No,Steel,Sapphire,Round,L,Basic,Black,Stick/Minimalist,Mixed,7.1316985104669115
https://watchbase.com/longines/conquest-v-h-p/l3-729-4-56-9,longines,Conquest V.H.P.,No,Steel,Sapphire,Round,L,Basic,Black,Stick/Minimalist,Mixed,7.0825485693553
https://watchbase.com/longines/conquest-v-h-p/l3-719-4-56-9,longines,Conquest V.H.P.,No,Steel,Sapphire,Round,L,Basic,Black,Stick/Minimalist,Mixed,7.048386408721883
https://watchbase.com/longines/conquest-v-h-p/l3-727-2-66-9,longines,Conquest V.H.P.,No,Steel,Sapphire,Round,XL,Basic,Black,Stick/Minimalist,Stick / Dot,7.544861068658458
https://watchbase.com/longines/conquest-v-h-p/l3-716-2-96-6,longines,Conquest V.H.P.,No,Steel,Sapphire,Round,L,Basic,Blue,Stick/Minimalist,Mixed,7.057036981697891
https://watchbase.com/longines/conquest-v-h-p/l3-718-4-56-6,longines,Conquest V.H.P.,No,Steel,Sapphire,Round,L,Basic,Black,Stick/Minimalist,Mixed,7.1316985104669115
https://watchbase.com/longines/conquest-v-h-p/l3-726-4-66-9,longines,Conquest V.H.P.,No,Steel,Sapphire,Round,L,Basic,Black,Stick/Minimalist,Mixed,6.814542897259958
https://watchbase.com/longines/conquest-v-h-p/l3-726-4-56-6,longines,Conquest V.H.P.,No,Steel,Sapphire,Round,L,Basic,Black,Stick/Minimalist,Mixed,6.898714534329988
https://watchbase.com/longines/conquest-v-h-p/l3-726-4-76-5,longines,Conquest V.H.P.,No,Steel,Sapphire,Round,L,Basic,Silver/White,Stick/Minimalist,Mixed,6.898714534329988
https://watchbase.com/longines/conquest-v-h-p/l3-719-4-76-9,longines,Conquest V.H.P.,No,Steel,Sapphire,Round,L,Basic,Silver/White,Stick/Minimalist,Mixed,7.048386408721883
https://watchbase.com/longines/conquest-v-h-p/l3-727-2-96-9,longines,Conquest V.H.P.,No,Steel,Sapphire,Round,XL,Basic,Blue,Stick/Minimalist,Stick / Dot,7.467942332285852
https://watchbase.com/longines/conquest-v-h-p/l3-716-4-76-9,longines,Conquest V.H.P.,No,Steel,Sapphire,Round,L,Basic,Silver/White,Stick/Minimalist,Mixed,6.85751406254539
https://watchbase.com/longines/conquest-v-h-p/l3-726-4-76-6,longines,Conquest V.H.P.,No,Steel,Sapphire,Round,L,Basic,Silver/White,Stick/Minimalist,Mixed,6.898714534329988
https://watchbase.com/longines/conquest-v-h-p/l3-716-4-56-6,longines,Conquest V.H.P.,No,Steel,Sapphire,Round,L,Basic,Black,Stick/Minimalist,Mixed,6.85751406254539
https://watchbase.com/longines/conquest-v-h-p/l3-726-4-66-6,longines,Conquest V.H.P.,No,Steel,Sapphire,Round,L,Basic,Black,Stick/Minimalist,Mixed,6.814542897259958
https://watchbase.com/longines/conquest-v-h-p/l3-728-4-96-6,longines,Conquest V.H.P.,No,Steel,Sapphire,Round,L,Basic,Blue,Stick/Minimalist,Mixed,7.1631723908466425
https://watchbase.com/longines/conquest-v-h-p/l3-728-4-76-6,longines,Conquest V.H.P.,No,Steel,Sapphire,Round,L,Basic,Silver/White,Stick/Minimalist,Mixed,7.1631723908466425
https://watchbase.com/longines/conquest-v-h-p/l3-727-4-66-9,longines,Conquest V.H.P.,No,Steel,Sapphire,Round,XL,Basic,Black,Stick/Minimalist,Stick / Dot,7.293697720601438
https://watchbase.com/longines/conquest-v-h-p/l3-716-4-76-6,longines,Conquest V.H.P.,No,Steel,Sapphire,Round,L,Basic,Silver/White,Stick/Minimalist,Mixed,6.85751406254539
https://watchbase.com/longines/conquest-v-h-p/l3-728-4-66-6,longines,Conquest V.H.P.,No,Steel,Sapphire,Round,L,Basic,Black,Stick/Minimalist,Mixed,7.0909098220799835
https://watchbase.com/longines/conquest-v-h-p/l3-728-2-66-9,longines,Conquest V.H.P.,No,Steel,Sapphire,Round,L,Basic,Black,Stick/Minimalist,Mixed,7.372118028337787
https://watchbase.com/longines/conquest-v-h-p/l3-717-4-96-9,longines,Conquest V.H.P.,No,Steel,Sapphire,Round,L,Basic,Blue,Stick/Minimalist,Mixed,7.346655163176539
https://watchbase.com/longines/conquest-v-h-p/l3-728-4-66-9,longines,Conquest V.H.P.,No,Steel,Sapphire,Round,L,Basic,Black,Stick/Minimalist,Mixed,7.0909098220799835
https://watchbase.com/longines/conquest-v-h-p/l3-716-4-96-6,longines,Conquest V.H.P.,No,Steel,Sapphire,Round,L,Basic,Blue,Stick/Minimalist,Mixed,6.85751406254539
https://watchbase.com/longines/conquest-v-h-p/l3-718-2-66-6,longines,Conquest V.H.P.,No,Steel,Sapphire,Round,L,Basic,Black,Stick/Minimalist,Mixed,7.346655163176539
https://watchbase.com/longines/conquest-v-h-p/l3-718-4-76-6,longines,Conquest V.H.P.,No,Steel,Sapphire,Round,L,Basic,Silver/White,Stick/Minimalist,Mixed,7.1316985104669115
https://watchbase.com/longines/conquest-v-h-p/l3-728-2-96-9,longines,Conquest V.H.P.,No,Steel,Sapphire,Round,L,Basic,Blue,Stick/Minimalist,Mixed,7.293697720601438
https://watchbase.com/longines/conquest-v-h-p/l3-727-4-96-6,longines,Conquest V.H.P.,No,Steel,Sapphire,Round,XL,Basic,Blue,Stick/Minimalist,Stick / Dot,7.372118028337787
https://watchbase.com/longines/conquest-v-h-p/l3-727-4-96-9,longines,Conquest V.H.P.,No,Steel,Sapphire,Round,XL,Basic,Blue,Stick/Minimalist,Stick / Dot,7.372118028337787
https://watchbase.com/longines/conquest-v-h-p/l3-717-2-76-9,longines,Conquest V.H.P.,No,Steel,Sapphire,Round,L,Basic,Silver/White,Stick/Minimalist,Mixed,7.450660796211539
https://watchbase.com/longines/conquest-v-h-p/l3-718-4-66-6,longines,Conquest V.H.P.,No,Steel,Sapphire,Round,L,Basic,Black,Stick/Minimalist,Mixed,7.057036981697891
https://watchbase.com/longines/conquest-v-h-p/l3-316-4-76-6,longines,Conquest V.H.P.,No,Steel,Sapphire,Round,M,Basic,Silver/White,Stick/Minimalist,Mixed,6.85751406254539
https://watchbase.com/longines/lyre/l4-760-4-72-2,longines,Lyre,No,Steel,Sapphire,Round,M,Basic,Silver/White,Stick/Minimalist,Stick / Dot,6.698268054115413
https://watchbase.com/longines/primaluna/l8-111-8-87-2,longines,PrimaLuna,No,Gold Variants,Sapphire,Round,XS,Basic,Silver/White,Sword-style,Gem-Set Indexes,8.24301946898925
https://watchbase.com/longines/primaluna/l8-111-6-87-6,longines,PrimaLuna,No,Gold Variants,Sapphire,Round,XS,Basic,Silver/White,Sword-style,Gem-Set Indexes,9.144307401371744
https://watchbase.com/longines/primaluna/l8-111-6-16-6,longines,PrimaLuna,No,Gold Variants,Sapphire,Round,XS,Basic,Silver/White,Sword-style,Mixed,9.121618441915379
https://watchbase.com/longines/primaluna/l8-111-5-16-6,longines,PrimaLuna,No,Steel,Sapphire,Round,XS,Basic,Silver/White,Sword-style,Mixed,7.937731775260109
https://watchbase.com/longines/primaluna/l8-110-5-94-6,longines,PrimaLuna,No,Steel,Sapphire,Round,XS,Basic,Silver/White,Sword-style,Mixed,8.064950891749143
https://watchbase.com/longines/primaluna/l8-110-5-87-6,longines,PrimaLuna,No,Synthetic,Sapphire,Round,XS,Basic,Silver/White,Sword-style,Gem-Set Indexes,7.989899374942939
https://watchbase.com/longines/primaluna/l8-110-5-79-6,longines,PrimaLuna,No,Steel,Sapphire,Round,XS,Basic,Silver/White,Sword-style,Roman Numerals,8.2482674474469
https://watchbase.com/longines/primaluna/l8-110-5-78-6,longines,PrimaLuna,No,Steel,Sapphire,Round,XS,Basic,Silver/White,Sword-style,Roman Numerals,7.897668150726906
https://watchbase.com/longines/primaluna/l8-110-5-78-2,longines,PrimaLuna,No,Steel,Sapphire,Round,XS,Basic,Silver/White,Sword-style,Roman Numerals,7.065613363597717
https://watchbase.com/longines/primaluna/l8-110-4-16-6,longines,PrimaLuna,No,Steel,Sapphire,Round,XS,Basic,Silver/White,Sword-style,Mixed,6.836259277277067
https://watchbase.com/longines/primaluna/l8-110-0-87-6,longines,PrimaLuna,No,Steel,Sapphire,Round,XS,Basic,Silver/White,Sword-style,Gem-Set Indexes,8.026496938945412
https://watchbase.com/longines/primaluna/l8-109-9-78-6,longines,PrimaLuna,No,Gold Variants,Sapphire,Round,XS,Basic,Silver/White,Sword-style,Roman Numerals,9.018089684104343
https://watchbase.com/longines/primaluna/l8-109-0-87-6,longines,PrimaLuna,No,Steel,Sapphire,Round,XS,Basic,Silver/White,Sword-style,Gem-Set Indexes,7.81237820598861
https://watchbase.com/longines/primaluna/l8-114-4-87-6,longines,PrimaLuna,No,Steel,Sapphire,Round,S,Basic,Silver/White,Sword-style,Gem-Set Indexes,7.201170883281678
https://watchbase.com/longines/primaluna/l8-113-9-16-2,longines,PrimaLuna,No,Gold Variants,Sapphire,Round,XS,Basic,Silver/White,Sword-style,Stick / Dot,8.628913441026645
https://watchbase.com/longines/primaluna/l8-113-9-78-6,longines,PrimaLuna,No,Gold Variants,Sapphire,Round,XS,Basic,Silver/White,Sword-style,Roman Numerals,9.503084610020228
https://watchbase.com/longines/primaluna/l8-112-4-98-6,longines,PrimaLuna,No,Steel,Sapphire,Round,XS,Basic,Blue,Sword-style,Gem-Set Indexes,7.1316985104669115
https://watchbase.com/longines/primaluna/l8-114-4-71-6,longines,PrimaLuna,No,Steel,Sapphire,Round,S,Basic,Silver/White,Sword-style,Roman Numerals,6.976348070447749
https://watchbase.com/longines/primaluna/l8-113-5-16-6,longines,PrimaLuna,No,Steel,Sapphire,Round,XS,Basic,Silver/White,Sword-style,Arabic Numerals,8.172164452111904
https://watchbase.com/longines/primaluna/l8-112-5-93-6,longines,PrimaLuna,No,Steel,Sapphire,Round,XS,Basic,Silver/White,Sword-style,Gem-Set Indexes,7.919719760924575
https://watchbase.com/longines/primaluna/l8-112-5-91-6,longines,PrimaLuna,No,Steel,Sapphire,Round,XS,Basic,Silver/White,Sword-style,Roman Numerals,7.919719760924575
https://watchbase.com/longines/primaluna/l8-112-0-87-6,longines,PrimaLuna,No,Steel,Sapphire,Round,XS,Basic,Silver/White,Sword-style,Gem-Set Indexes,8.092851027538384
https://watchbase.com/longines/primaluna/l8-111-4-71-6,longines,PrimaLuna,No,Steel,Sapphire,Round,XS,Basic,Silver/White,Sword-style,Roman Numerals,7.601402334583733
https://watchbase.com/longines/primaluna/l8-111-0-16-6,longines,PrimaLuna,No,Steel,Sapphire,Round,XS,Basic,Silver/White,Sword-style,Mixed,7.969357742016346
https://watchbase.com/longines/primaluna/l8-110-5-87-2,longines,PrimaLuna,No,Synthetic,Sapphire,Round,XS,Basic,Silver/White,Sword-style,Gem-Set Indexes,7.208600337960199
https://watchbase.com/longines/primaluna/l8-109-5-79-6,longines,PrimaLuna,No,Steel,Sapphire,Round,XS,Basic,Silver/White,Sword-style,Roman Numerals,8.14351740579748
https://watchbase.com/longines/primaluna/l8-120-4-98-6,longines,PrimaLuna,No,Steel,Sapphire,Round,XS,Basic,Blue,Sword-style,Gem-Set Indexes,7.409136443920128
https://watchbase.com/longines/primaluna/l8-111-4-98-6,longines,PrimaLuna,No,Steel,Sapphire,Round,XS,Basic,Blue,Sword-style,Gem-Set Indexes,7.741099090035366
https://watchbase.com/longines/primaluna/l8-112-5-16-6,longines,PrimaLuna,No,Steel,Sapphire,Round,XS,Basic,Silver/White,Sword-style,Mixed,8.033009498596668
https://watchbase.com/longines/primaluna/l8-112-4-16-6,longines,PrimaLuna,No,Steel,Sapphire,Round,XS,Basic,Silver/White,Sword-style,Mixed,6.836259277277067
https://watchbase.com/longines/primaluna/l8-112-4-16-2,longines,PrimaLuna,No,Steel,Sapphire,Round,XS,Basic,Silver/White,Sword-style,Mixed,6.7464121285733745
https://watchbase.com/longines/primaluna/l8-111-8-78-6,longines,PrimaLuna,No,Gold Variants,Sapphire,Round,XS,Basic,Silver/White,Sword-style,Roman Numerals,9.121618441915379
https://watchbase.com/longines/primaluna/l8-111-5-79-6,longines,PrimaLuna,No,Steel,Sapphire,Round,XS,Basic,Silver/White,Sword-style,Roman Numerals,8.503297086224126
https://watchbase.com/longines/primaluna/l8-111-4-16-6,longines,PrimaLuna,No,Steel,Sapphire,Round,XS,Basic,Silver/White,Sword-style,Mixed,7.2520539518528135
https://watchbase.com/longines/primaluna/l8-110-5-19-6,longines,PrimaLuna,No,Steel,Sapphire,Round,XS,Basic,Silver/White,Sword-style,Mixed,8.316544717929398
https://watchbase.com/longines/primaluna/l8-113-9-83-2,longines,PrimaLuna,No,Gold Variants,Sapphire,Round,XS,Basic,Silver/White,Sword-style,Arabic Numerals,8.646641258603124
https://watchbase.com/longines/primaluna/l8-113-6-78-6,longines,PrimaLuna,No,Gold Variants,Sapphire,Round,XS,Basic,Silver/White,Sword-style,Roman Numerals,9.387733135533384
https://watchbase.com/longines/primaluna/l8-113-0-87-6,longines,PrimaLuna,No,Steel,Sapphire,Round,XS,Basic,Silver/White,Sword-style,Gem-Set Indexes,8.105005537547246
https://watchbase.com/longines/primaluna/l8-111-5-87-6,longines,PrimaLuna,No,Steel,Sapphire,Round,XS,Basic,Silver/White,Sword-style,Gem-Set Indexes,8.157943507105037
https://watchbase.com/longines/primaluna/l8-110-4-71-6,longines,PrimaLuna,No,Steel,Sapphire,Round,XS,Basic,Silver/White,Sword-style,Roman Numerals,6.976348070447749
https://watchbase.com/longines/primaluna/l8-112-5-89-6,longines,PrimaLuna,No,Steel,Sapphire,Round,XS,Basic,Silver/White,Sword-style,Gem-Set Indexes,8.515391569469609
https://watchbase.com/longines/primaluna/l8-112-0-71-6,longines,PrimaLuna,No,Steel,Sapphire,Round,XS,Basic,Silver/White,Sword-style,Roman Numerals,8.010027528481734
https://watchbase.com/longines/primaluna/l8-110-5-16-6,longines,PrimaLuna,No,Steel,Sapphire,Round,XS,Basic,Silver/White,Sword-style,Mixed,7.7057128238944275
https://watchbase.com/longines/primaluna/l8-109-4-87-6,longines,PrimaLuna,No,Steel,Sapphire,Round,XS,Basic,Silver/White,Sword-style,Gem-Set Indexes,7.057036981697891
https://watchbase.com/longines/primaluna/l8-112-5-79-6,longines,PrimaLuna,No,Steel,Sapphire,Round,XS,Basic,Silver/White,Sword-style,Roman Numerals,8.535229553902337
https://watchbase.com/longines/primaluna/l8-110-5-89-6,longines,PrimaLuna,No,Synthetic,Sapphire,Round,XS,Basic,Silver/White,Sword-style,Gem-Set Indexes,8.375860015299594
https://watchbase.com/longines/primaluna/l8-120-4-71-6,longines,PrimaLuna,No,Steel,Sapphire,Round,XS,Basic,Silver/White,Sword-style,Roman Numerals,7.170888478512505
https://watchbase.com/longines/primaluna/l8-109-5-93-6,longines,PrimaLuna,No,Steel,Sapphire,Round,XS,Basic,Silver/White,Sword-style,Gem-Set Indexes,7.58629630715272
https://watchbase.com/longines/primaluna/l8-111-6-78-6,longines,PrimaLuna,No,Gold Variants,Sapphire,Round,XS,Basic,Silver/White,Sword-style,Roman Numerals,9.121618441915379
https://watchbase.com/longines/primaluna/l8-109-5-91-6,longines,PrimaLuna,No,Steel,Sapphire,Round,XS,Basic,Silver/White,Sword-style,Roman Numerals,7.490529402060711
https://watchbase.com/longines/lyre/l4-759-2-12-8,longines,Lyre,No,Steel,Sapphire,Round,M,Basic,Silver/White,Stick/Minimalist,Stick / Dot,6.836259277277067
https://watchbase.com/longines/lyre/l4-759-2-12-7,longines,Lyre,No,Steel,Sapphire,Round,M,Basic,Silver/White,Stick/Minimalist,Stick / Dot,6.78105762593618
https://watchbase.com/longines/lyre/l4-259-2-12-2,longines,Lyre,No,Steel,Sapphire,Round,XS,Basic,Silver/White,Stick/Minimalist,Stick / Dot,6.68586094706836
https://watchbase.com/longines/lyre/l4-259-4-11-2,longines,Lyre,No,Steel,Sapphire,Round,XS,Basic,Silver/White,Stick/Minimalist,Roman Numerals,6.621405651764134
https://watchbase.com/longines/lyre/l4-961-4-92-2,longines,Lyre,No,Steel,Sapphire,Round,L,Basic,Blue,Sword-style,Stick / Dot,7.1785454837637
https://watchbase.com/longines/lyre/l4-361-1-12-7,longines,Lyre,No,Steel,Sapphire,Round,XS,Basic,Silver/White,Sword-style,Stick / Dot,7.1785454837637
https://watchbase.com/longines/lyre/l4-359-4-72-2,longines,Lyre,No,Steel,Sapphire,Round,S,Basic,Silver/White,Stick/Minimalist,Stick / Dot,6.53813982376767
https://watchbase.com/longines/lyre/l4-360-4-11-6,longines,Lyre,No,Steel,Sapphire,Round,XS,Basic,Silver/White,Sword-style,Roman Numerals,7.099201743553092
https://watchbase.com/longines/lyre/l4-360-4-72-6,longines,Lyre,No,Steel,Sapphire,Round,XS,Basic,Silver/White,Sword-style,Stick / Dot,7.099201743553092
https://watchbase.com/longines/lyre/l4-860-2-12-2,longines,Lyre,No,Steel,Sapphire,Round,M,Basic,Silver/White,Stick/Minimalist,Stick / Dot,7.057036981697891
https://watchbase.com/longines/lyre/l4-860-2-11-7,longines,Lyre,No,Steel,Sapphire,Round,M,Basic,Silver/White,Stick/Minimalist,Roman Numerals,7.1785454837637
https://watchbase.com/longines/lyre/l4-760-4-11-2,longines,Lyre,No,Steel,Sapphire,Round,M,Basic,Silver/White,Stick/Minimalist,Roman Numerals,6.698268054115413
https://watchbase.com/longines/lyre/l4-260-4-11-6,longines,Lyre,No,Steel,Sapphire,Round,XS,Basic,Silver/White,Stick/Minimalist,Roman Numerals,6.792344427470809
https://watchbase.com/longines/lyre/l4-259-2-11-8,longines,Lyre,No,Steel,Sapphire,Round,XS,Basic,Silver/White,Stick/Minimalist,Roman Numerals,6.836259277277067
https://watchbase.com/longines/lyre/l4-259-2-32-7,longines,Lyre,No,Steel,Sapphire,Round,XS,Basic,Silver/White,Stick/Minimalist,Stick / Dot,6.78105762593618
https://watchbase.com/longines/lyre/l4-759-4-12-6,longines,Lyre,No,Steel,Sapphire,Round,M,Basic,Silver/White,Stick/Minimalist,Stick / Dot,6.68586094706836
https://watchbase.com/longines/lyre/l4-259-4-72-2,longines,Lyre,No,Steel,Sapphire,Round,XS,Basic,Silver/White,Stick/Minimalist,Stick / Dot,6.621405651764134
https://watchbase.com/longines/lyre/l4-361-4-92-2,longines,Lyre,No,Steel,Sapphire,Round,XS,Basic,Blue,Sword-style,Stick / Dot,7.01301578963963
https://watchbase.com/longines/lyre/l4-860-2-32-2,longines,Lyre,No,Steel,Sapphire,Round,M,Basic,Silver/White,Stick/Minimalist,Stick / Dot,7.057036981697891
https://watchbase.com/longines/lyre/l4-760-2-32-2,longines,Lyre,No,Steel,Sapphire,Round,M,Basic,Silver/White,Stick/Minimalist,Stick / Dot,6.7464121285733745
https://watchbase.com/longines/lyre/l4-760-2-11-2,longines,Lyre,No,Steel,Sapphire,Round,M,Basic,Silver/White,Stick/Minimalist,Roman Numerals,6.7464121285733745
https://watchbase.com/longines/lyre/l4-260-2-12-7,longines,Lyre,No,Steel,Sapphire,Round,XS,Basic,Silver/White,Stick/Minimalist,Stick / Dot,6.8885724595653635
https://watchbase.com/longines/lyre/l4-759-4-72-6,longines,Lyre,No,Steel,Sapphire,Round,M,Basic,Silver/White,Stick/Minimalist,Stick / Dot,6.68586094706836
https://watchbase.com/longines/lyre/l4-960-4-72-6,longines,Lyre,No,Steel,Sapphire,Round,M,Basic,Silver/White,Sword-style,Stick / Dot,7.1785454837637
https://watchbase.com/longines/lyre/l4-960-4-12-6,longines,Lyre,No,Steel,Sapphire,Round,M,Basic,Silver/White,Sword-style,Stick / Dot,7.1785454837637
https://watchbase.com/longines/lyre/l4-859-4-11-2,longines,Lyre,No,Steel,Sapphire,Round,M,Basic,Silver/White,Traditional/Special,Roman Numerals,6.7464121285733745
https://watchbase.com/longines/lyre/l4-859-4-12-6,longines,Lyre,No,Steel,Sapphire,Round,M,Basic,Silver/White,Traditional/Special,Stick / Dot,6.85751406254539
https://watchbase.com/longines/lyre/l4-759-2-32-7,longines,Lyre,No,Steel,Sapphire,Round,M,Basic,Silver/White,Stick/Minimalist,Stick / Dot,6.78105762593618
https://watchbase.com/longines/lyre/l4-859-2-32-2,longines,Lyre,No,Steel,Sapphire,Round,M,Basic,Silver/White,Traditional/Special,Stick / Dot,6.803505257608338
https://watchbase.com/longines/lyre/l4-859-2-32-7,longines,Lyre,No,Steel,Sapphire,Round,M,Basic,Silver/White,Traditional/Special,Stick / Dot,6.957497370876951
https://watchbase.com/longines/lyre/l4-759-2-32-8,longines,Lyre,No,Steel,Sapphire,Round,M,Basic,Silver/White,Stick/Minimalist,Stick / Dot,6.836259277277067
https://watchbase.com/longines/lyre/l4-759-4-11-6,longines,Lyre,No,Steel,Sapphire,Round,M,Basic,Silver/White,Stick/Minimalist,Roman Numerals,6.68586094706836
https://watchbase.com/longines/lyre/l4-759-4-12-2,longines,Lyre,No,Steel,Sapphire,Round,M,Basic,Silver/White,Stick/Minimalist,Stick / Dot,6.53813982376767
https://watchbase.com/longines/lyre/l4-760-2-12-7,longines,Lyre,No,Steel,Sapphire,Round,M,Basic,Silver/White,Stick/Minimalist,Stick / Dot,6.8885724595653635
https://watchbase.com/longines/lyre/l4-760-4-72-6,longines,Lyre,No,Steel,Sapphire,Round,M,Basic,Silver/White,Stick/Minimalist,Stick / Dot,6.792344427470809
https://watchbase.com/longines/lyre/l4-259-2-32-2,longines,Lyre,No,Steel,Sapphire,Round,XS,Basic,Silver/White,Stick/Minimalist,Stick / Dot,6.621405651764134
https://watchbase.com/longines/lyre/l4-859-4-11-6,longines,Lyre,No,Steel,Sapphire,Round,M,Basic,Silver/White,Traditional/Special,Roman Numerals,6.85751406254539
https://watchbase.com/longines/lyre/l4-860-4-12-6,longines,Lyre,No,Steel,Sapphire,Round,M,Basic,Silver/White,Stick/Minimalist,Stick / Dot,7.099201743553092
https://watchbase.com/longines/lyre/l4-259-2-12-7,longines,Lyre,No,Steel,Sapphire,Round,XS,Basic,Silver/White,Stick/Minimalist,Stick / Dot,6.85751406254539
https://watchbase.com/longines/lyre/l4-961-4-12-6,longines,Lyre,No,Steel,Sapphire,Round,L,Basic,Silver/White,Sword-style,Stick / Dot,7.2520539518528135
https://watchbase.com/longines/lyre/l4-360-2-32-7,longines,Lyre,No,Steel,Sapphire,Round,XS,Basic,Silver/White,Sword-style,Stick / Dot,7.1785454837637
https://watchbase.com/longines/lyre/l4-860-4-11-6,longines,Lyre,No,Steel,Sapphire,Round,M,Basic,Silver/White,Stick/Minimalist,Roman Numerals,7.099201743553092
https://watchbase.com/longines/lyre/l4-760-4-12-2,longines,Lyre,No,Steel,Sapphire,Round,M,Basic,Silver/White,Stick/Minimalist,Stick / Dot,6.698268054115413
https://watchbase.com/longines/lyre/l4-759-2-32-2,longines,Lyre,No,Steel,Sapphire,Round,M,Basic,Silver/White,Stick/Minimalist,Stick / Dot,6.621405651764134
https://watchbase.com/longines/lyre/l4-961-4-11-6,longines,Lyre,No,Steel,Sapphire,Round,L,Basic,Silver/White,Sword-style,Roman Numerals,7.2520539518528135
https://watchbase.com/longines/lyre/l4-759-2-11-2,longines,Lyre,No,Steel,Sapphire,Round,M,Basic,Silver/White,Stick/Minimalist,Roman Numerals,6.621405651764134
https://watchbase.com/longines/lyre/l4-760-4-12-6,longines,Lyre,No,Steel,Sapphire,Round,M,Basic,Silver/White,Stick/Minimalist,Stick / Dot,6.792344427470809
https://watchbase.com/longines/lyre/l4-759-4-72-2,longines,Lyre,No,Steel,Sapphire,Round,M,Basic,Silver/White,Stick/Minimalist,Stick / Dot,6.53813982376767
https://watchbase.com/longines/lyre/l4-860-4-12-2,longines,Lyre,No,Steel,Sapphire,Round,M,Basic,Silver/White,Stick/Minimalist,Stick / Dot,7.01301578963963
https://watchbase.com/longines/hydroconquest/l3-651-4-76-2,longines,HydroConquest,No,Steel,Sapphire,Round,L,Professional,Silver/White,Stick/Minimalist,Stick / Dot,7.273092595999522
https://watchbase.com/longines/conquest/l3-655-4-56-6,longines,Conquest,No,Steel,Sapphire,Round,M,Professional,Black,Stick/Minimalist,Mixed,7.048386408721883
https://watchbase.com/longines/conquest/l3-835-4-72-6,longines,Conquest,No,Steel,Sapphire,Round,L,Standard,Silver/White,Dauphine-style,Stick / Dot,8.35490952835879
https://watchbase.com/longines/conquest/l3-759-4-58-6,longines,Conquest,No,Steel,Sapphire,Round,L,Professional,Black,Stick/Minimalist,Mixed,6.85751406254539
https://watchbase.com/longines/conquest/l3-759-4-58-3,longines,Conquest,No,Steel,Sapphire,Round,L,Professional,Black,Stick/Minimalist,Mixed,6.85751406254539
https://watchbase.com/longines/conquest/l3-697-4-56-6,longines,Conquest,No,Steel,Sapphire,Round,L,Basic,Black,Stick/Minimalist,Stick / Dot,7.732369222284388
https://watchbase.com/longines/conquest/l3-677-4-56-6,longines,Conquest,No,Steel,Sapphire,Round,L,Professional,Black,Stick/Minimalist,Mixed,6.734591659972948
https://watchbase.com/longines/conquest/l3-661-4-56-2,longines,Conquest,No,Steel,Sapphire,Round,L,Basic,Black,Stick/Minimalist,Stick / Dot,7.456454555176209
https://watchbase.com/longines/conquest/l3-661-4-86-2,longines,Conquest,No,Synthetic,Sapphire,Round,L,Basic,Silver/White,Stick/Minimalist,Stick / Dot,7.456454555176209
https://watchbase.com/longines/conquest/l3-660-4-76-5,longines,Conquest,No,Steel,Sapphire,Round,L,Professional,Silver/White,Stick/Minimalist,Mixed,6.928537818164665
https://watchbase.com/longines/conquest/l3-662-4-56-6,longines,Conquest,No,Steel,Sapphire,Round,L,Basic,Black,Stick/Minimalist,Stick / Dot,7.201170883281678
https://watchbase.com/longines/conquest/l3-662-4-96-6,longines,Conquest,No,Steel,Sapphire,Round,L,Basic,Blue,Stick/Minimalist,Stick / Dot,7.139660335964919
https://watchbase.com/longines/conquest/l3-662-4-56-2,longines,Conquest,No,Steel,Sapphire,Round,L,Professional,Black,Stick/Minimalist,Stick / Dot,7.139660335964919
https://watchbase.com/longines/conquest/l3-320-5-02-6,longines,Conquest,No,Steel,Sapphire,Round,XS,Standard,Colorful,Dauphine-style,Stick / Dot,8.11701408773731
https://watchbase.com/longines/conquest/l3-720-4-92-6,longines,Conquest,No,Steel,Sapphire,Round,M,Standard,Blue,Dauphine-style,Stick / Dot,7.741099090035366
https://watchbase.com/longines/conquest/l3-830-4-02-6,longines,Conquest,No,Steel,Sapphire,Round,L,Standard,Colorful,Dauphine-style,Stick / Dot,7.741099090035366
https://watchbase.com/longines/conquest/l3-700-4-96-6,longines,Conquest,No,Steel,Sapphire,Round,L,Professional,Blue,Stick/Minimalist,Mixed,7.0909098220799835
https://watchbase.com/longines/conquest/l3-759-4-96-6,longines,Conquest,No,Steel,Sapphire,Round,L,Professional,Blue,Stick/Minimalist,Mixed,6.85751406254539
https://watchbase.com/longines/conquest/l2-743-4-56-6,longines,Conquest,No,Steel,Sapphire,Round,L,Basic,Black,Stick/Minimalist,Stick / Dot,7.80016307039296
https://watchbase.com/longines/conquest/l3-697-4-76-6,longines,Conquest,No,Steel,Sapphire,Round,L,Basic,Silver/White,Stick/Minimalist,Stick / Dot,7.732369222284388
https://watchbase.com/longines/conquest/l3-661-4-86-0,longines,Conquest,No,Synthetic,Sapphire,Round,L,Basic,Silver/White,Stick/Minimalist,Stick / Dot,7.390798521735676
https://watchbase.com/longines/conquest/l2-743-4-76-6,longines,Conquest,No,Steel,Sapphire,Round,L,Basic,Silver/White,Stick/Minimalist,Stick / Dot,7.80016307039296
https://watchbase.com/longines/conquest/l3-661-4-56-7,longines,Conquest,No,Steel,Sapphire,Round,L,Basic,Black,Stick/Minimalist,Stick / Dot,7.560601162768557
https://watchbase.com/longines/conquest/l3-661-4-56-6,longines,Conquest,No,Steel,Sapphire,Round,L,Basic,Black,Stick/Minimalist,Stick / Dot,7.456454555176209
https://watchbase.com/longines/conquest/l3-776-4-58-6,longines,Conquest,No,Steel,Sapphire,Round,M,Professional,Black,Stick/Minimalist,Mixed,7.074116816197362
https://watchbase.com/longines/conquest/l3-687-4-99-6,longines,Conquest,No,Steel,Sapphire,Round,L,Basic,Blue,Stick/Minimalist,Mixed,7.273092595999522
https://watchbase.com/longines/conquest/l3-657-4-06-7,longines,Conquest,No,Steel,Sapphire,Round,L,Professional,Grey/Brown,Stick/Minimalist,Mixed,7.327123292259293
https://watchbase.com/longines/conquest/l3-320-5-87-6,longines,Conquest,No,Synthetic,Sapphire,Round,XS,Standard,Silver/White,Dauphine-style,Gem-Set Indexes,8.281723990411392
https://watchbase.com/longines/conquest/l3-687-4-56-6,longines,Conquest,No,Steel,Sapphire,Round,L,Basic,Black,Stick/Minimalist,Mixed,7.273092595999522
https://watchbase.com/longines/conquest/l3-697-4-96-6,longines,Conquest,No,Steel,Sapphire,Round,L,Basic,Black,Stick/Minimalist,Stick / Dot,7.732369222284388
https://watchbase.com/longines/conquest/l3-677-4-76-6,longines,Conquest,No,Steel,Sapphire,Round,L,Professional,Silver/White,Stick/Minimalist,Mixed,6.928537818164665
https://watchbase.com/longines/conquest/l3-678-4-56-6,longines,Conquest,No,Steel,Sapphire,Round,L,Basic,Black,Stick/Minimalist,Stick / Dot,7.208600337960199
https://watchbase.com/longines/conquest/l3-662-4-56-0,longines,Conquest,No,Steel,Sapphire,Round,L,Professional,Black,Stick/Minimalist,Stick / Dot,7.201170883281678
https://watchbase.com/longines/conquest/l3-658-4-76-6,longines,Conquest,No,Steel,Sapphire,Round,L,Professional,Silver/White,Stick/Minimalist,Stick / Dot,6.734591659972948
https://watchbase.com/longines/conquest/l3-697-4-06-6,longines,Conquest,No,Steel,Sapphire,Round,L,Basic,Silver/White,Stick/Minimalist,Stick / Dot,7.732369222284388
https://watchbase.com/longines/conquest/l3-320-5-92-6,longines,Conquest,No,Steel,Sapphire,Round,XS,Standard,Blue,Dauphine-style,Stick / Dot,8.11701408773731
https://watchbase.com/longines/conquest/l3-656-4-56-6,longines,Conquest,No,Steel,Sapphire,Round,M,Professional,Black,Stick/Minimalist,Mixed,6.734591659972948
https://watchbase.com/longines/conquest/l3-676-4-16-6,longines,Conquest,No,Steel,Sapphire,Round,M,Professional,Silver/White,Stick/Minimalist,Mixed,6.928537818164665
https://watchbase.com/longines/conquest/l3-657-4-56-2,longines,Conquest,No,Steel,Sapphire,Round,L,Professional,Black,Stick/Minimalist,Mixed,7.313886831633462
https://watchbase.com/longines/conquest/l2-744-4-56-7,longines,Conquest,No,Steel,Sapphire,Round,L,Basic,Black,Stick/Minimalist,Stick / Dot,8.061802274538348
https://watchbase.com/longines/conquest/l3-830-4-92-6,longines,Conquest,No,Steel,Sapphire,Round,L,Standard,Blue,Dauphine-style,Stick / Dot,7.741099090035366
https://watchbase.com/longines/conquest/l3-720-4-92-9,longines,Conquest,No,Steel,Sapphire,Round,M,Standard,Blue,Dauphine-style,Stick / Dot,7.696667081526462
https://watchbase.com/longines/conquest/l3-658-4-56-6,longines,Conquest,No,Steel,Sapphire,Round,L,Professional,Black,Stick/Minimalist,Stick / Dot,6.734591659972948
https://watchbase.com/longines/conquest/l3-830-4-92-9,longines,Conquest,No,Steel,Sapphire,Round,L,Standard,Blue,Dauphine-style,Stick / Dot,7.696667081526462
https://watchbase.com/longines/conquest/l3-320-5-72-6,longines,Conquest,No,Steel,Sapphire,Round,XS,Standard,Silver/White,Dauphine-style,Stick / Dot,8.11701408773731
https://watchbase.com/longines/conquest/l3-830-4-52-9,longines,Conquest,No,Steel,Sapphire,Round,L,Standard,Black,Dauphine-style,Stick / Dot,7.696667081526462
https://watchbase.com/longines/conquest/l3-830-4-02-9,longines,Conquest,No,Steel,Sapphire,Round,L,Standard,Colorful,Dauphine-style,Stick / Dot,7.696667081526462
https://watchbase.com/longines/conquest/l3-720-4-52-9,longines,Conquest,No,Steel,Sapphire,Round,M,Standard,Black,Dauphine-style,Stick / Dot,7.696667081526462
https://watchbase.com/longines/conquest/l3-677-4-58-6,longines,Conquest,No,Steel,Sapphire,Round,L,Professional,Black,Stick/Minimalist,Stick / Dot,6.928537818164665
https://watchbase.com/longines/conquest/l3-720-4-02-9,longines,Conquest,No,Steel,Sapphire,Round,M,Standard,Colorful,Dauphine-style,Stick / Dot,7.696667081526462
https://watchbase.com/longines/conquest/l3-659-4-56-6,longines,Conquest,No,Steel,Sapphire,Round,L,Professional,Black,Stick/Minimalist,Stick / Dot,6.293419278846481
https://watchbase.com/longines/hydroconquest/l3-783-4-96-6,longines,HydroConquest,No,Steel,Sapphire,Round,L,Professional,Blue,Proprietary,Mixed,7.8083230503910555
https://watchbase.com/longines/hydroconquest/l3-694-4-53-6,longines,HydroConquest,No,Steel,Sapphire,Round,M,Professional,Black,Proprietary,Arabic Numerals,6.976348070447749
https://watchbase.com/longines/hydroconquest/l3-695-4-13-6,longines,HydroConquest,No,Steel,Sapphire,Round,L,Professional,Silver/White,Proprietary,Arabic Numerals,6.976348070447749
https://watchbase.com/longines/hydroconquest/l3-643-4-96-6,longines,HydroConquest,No,Steel,Sapphire,Round,L,Professional,Blue,Proprietary,Mixed,6.90875477931522
https://watchbase.com/longines/hydroconquest/l3-640-4-56-6,longines,HydroConquest,No,Steel,Sapphire,Round,M,Professional,Black,Stick/Minimalist,Stick / Dot,6.734591659972948
https://watchbase.com/longines/hydroconquest/l3-790-4-96-6,longines,HydroConquest,No,Steel,Sapphire,Round,L,Professional,Blue,Proprietary,Stick / Dot,8.101980731853192
https://watchbase.com/longines/hydroconquest/l3-840-4-96-6,longines,HydroConquest,No,Steel,Sapphire,Round,XL,Professional,Blue,Proprietary,Mixed,7.1316985104669115
https://watchbase.com/longines/hydroconquest/l3-742-4-56-6,longines,HydroConquest,No,Steel,Sapphire,Round,L,Professional,Black,Proprietary,Mixed,7.313886831633462
https://watchbase.com/longines/hydroconquest/l3-696-4-19-6,longines,HydroConquest,No,Steel,Sapphire,Round,L,Professional,Silver/White,Proprietary,Arabic Numerals,7.456454555176209
https://watchbase.com/longines/hydroconquest/l3-781-4-05-6,longines,HydroConquest,No,Steel,Sapphire,Round,L,Professional,Black,Proprietary,Mixed,7.601402334583733
https://watchbase.com/longines/hydroconquest/l3-780-4-96-6,longines,HydroConquest,No,Steel,Sapphire,Round,M,Professional,Blue,Proprietary,Mixed,7.601402334583733
https://watchbase.com/longines/hydroconquest/l3-780-4-56-6,longines,HydroConquest,No,Steel,Sapphire,Round,M,Professional,Black,Proprietary,Mixed,7.601402334583733
https://watchbase.com/longines/hydroconquest/l3-783-4-56-6,longines,HydroConquest,No,Steel,Sapphire,Round,L,Professional,Black,Proprietary,Mixed,7.8083230503910555
https://watchbase.com/longines/hydroconquest/l3-742-4-96-6,longines,HydroConquest,No,Steel,Sapphire,Round,L,Professional,Blue,Proprietary,Mixed,7.313886831633462
https://watchbase.com/longines/hydroconquest/l3-781-4-59-6,longines,HydroConquest,Yes,Steel,Sapphire,Round,L,Professional,Black,Proprietary,Mixed,7.496097345175956
https://watchbase.com/longines/hydroconquest/l3-783-4-56-9,longines,HydroConquest,No,Steel,Sapphire,Round,L,Professional,Black,Proprietary,Mixed,7.741099090035366
https://watchbase.com/longines/hydroconquest/l3-688-4-03-6,longines,HydroConquest,No,Steel,Sapphire,Round,M,Basic,Blue,Proprietary,Arabic Numerals,6.734591659972948
https://watchbase.com/longines/hydroconquest/l3-640-3-96-7,longines,HydroConquest,No,Steel,Sapphire,Round,M,Professional,Blue,Proprietary,Mixed,6.734591659972948
https://watchbase.com/longines/hydroconquest/l3-781-4-06-6,longines,HydroConquest,No,Steel,Sapphire,Round,L,Professional,Colorful,Proprietary,Mixed,7.601402334583733
https://watchbase.com/longines/hydroconquest/l3-841-4-96-6,longines,HydroConquest,No,Steel,Sapphire,Round,XL,Professional,Blue,Proprietary,Mixed,7.313886831633462
https://watchbase.com/longines/hydroconquest/l3-643-4-56-6,longines,HydroConquest,No,Steel,Sapphire,Round,L,Professional,Black,Proprietary,Mixed,6.90875477931522
https://watchbase.com/longines/hydroconquest/l3-696-4-53-6,longines,HydroConquest,No,Steel,Sapphire,Round,L,Professional,Black,Proprietary,Arabic Numerals,7.534228326274089
https://watchbase.com/longines/hydroconquest/l3-696-4-13-6,longines,HydroConquest,No,Steel,Sapphire,Round,L,Professional,Silver/White,Proprietary,Arabic Numerals,7.581209826196346
https://watchbase.com/longines/hydroconquest/l3-649-4-56-6,longines,HydroConquest,No,Steel,Sapphire,Round,L,Professional,Black,Stick/Minimalist,Mixed,6.878326468291325
https://watchbase.com/longines/hydroconquest/l3-841-4-56-6,longines,HydroConquest,No,Steel,Sapphire,Round,XL,Professional,Black,Proprietary,Mixed,7.313886831633462
https://watchbase.com/longines/hydroconquest/l3-284-4-56-6,longines,HydroConquest,No,Steel,Sapphire,Round,XS,Professional,Black,Proprietary,Stick / Dot,6.976348070447749
https://watchbase.com/longines/hydroconquest/l3-689-4-53-6,longines,HydroConquest,No,Steel,Sapphire,Round,L,Professional,Black,Proprietary,Arabic Numerals,6.734591659972948
https://watchbase.com/longines/hydroconquest/l3-641-4-96-6,longines,HydroConquest,No,Steel,Sapphire,Round,M,Professional,Blue,Proprietary,Stick / Dot,7.039660349862076
https://watchbase.com/longines/hydroconquest/l3-640-4-96-6,longines,HydroConquest,No,Steel,Sapphire,Round,M,Professional,Blue,Proprietary,Stick / Dot,6.734591659972948
https://watchbase.com/longines/hydroconquest/l3-644-4-96-6,longines,HydroConquest,No,Steel,Sapphire,Round,L,Professional,Blue,Proprietary,Mixed,7.427144133408616
https://watchbase.com/longines/hydroconquest/l3-694-4-53-2,longines,HydroConquest,No,Steel,Sapphire,Round,M,Professional,Black,Proprietary,Arabic Numerals,6.976348070447749
https://watchbase.com/longines/hydroconquest/l3-781-4-96-6,longines,HydroConquest,No,Steel,Sapphire,Round,L,Professional,Blue,Proprietary,Mixed,7.601402334583733
https://watchbase.com/longines/hydroconquest/l3-781-4-56-6,longines,HydroConquest,No,Steel,Sapphire,Round,L,Professional,Black,Proprietary,Mixed,7.601402334583733
https://watchbase.com/longines/hydroconquest/l3-782-4-96-6,longines,HydroConquest,No,Steel,Sapphire,Round,L,Professional,Blue,Proprietary,Mixed,7.601402334583733
https://watchbase.com/longines/hydroconquest/l3-696-4-03-6,longines,HydroConquest,No,Steel,Sapphire,Round,L,Professional,Blue,Proprietary,Arabic Numerals,7.581209826196346
https://watchbase.com/longines/hydroconquest/l3-665-4-76-2,longines,HydroConquest,No,Steel,Sapphire,Round,XXL,Professional,Silver/White,Proprietary,Mixed,7.560601162768557
https://watchbase.com/longines/hydroconquest/l3-650-4-76-6,longines,HydroConquest,No,Steel,Sapphire,Round,L,Professional,Silver/White,Stick/Minimalist,Stick / Dot,7.057036981697891
https://watchbase.com/longines/hydroconquest/l3-785-4-06-6,longines,HydroConquest,No,Steel,Sapphire,Round,L,Professional,Colorful,Proprietary,Mixed,7.787796878181171
https://watchbase.com/longines/hydroconquest/l3-673-4-76-6,longines,HydroConquest,No,Steel,Sapphire,Round,L,Professional,Silver/White,Proprietary,Mixed,7.390798521735676
https://watchbase.com/longines/hydroconquest/l3-644-4-56-6,longines,HydroConquest,No,Steel,Sapphire,Round,L,Professional,Black,Proprietary,Mixed,7.427144133408616
https://watchbase.com/longines/hydroconquest/l3-642-4-56-6,longines,HydroConquest,No,Steel,Sapphire,Round,L,Professional,Black,Proprietary,Stick / Dot,6.976348070447749
https://watchbase.com/longines/hydroconquest/l3-642-4-96-6,longines,HydroConquest,No,Steel,Sapphire,Round,L,Professional,Blue,Proprietary,Stick / Dot,6.976348070447749
https://watchbase.com/longines/hydroconquest/l3-641-4-56-6,longines,HydroConquest,No,Steel,Sapphire,Round,M,Professional,Black,Proprietary,Stick / Dot,6.976348070447749
https://watchbase.com/longines/hydroconquest/l3-694-4-59-6,longines,HydroConquest,No,Steel,Sapphire,Round,M,Professional,Black,Proprietary,Arabic Numerals,6.976348070447749
https://watchbase.com/longines/hydroconquest/l3-671-4-76-6,longines,HydroConquest,No,Steel,Sapphire,Round,L,Professional,Silver/White,Proprietary,Mixed,7.02197642307216
https://watchbase.com/longines/hydroconquest/l3-695-4-53-6,longines,HydroConquest,No,Steel,Sapphire,Round,L,Professional,Black,Proprietary,Arabic Numerals,6.976348070447749
https://watchbase.com/longines/dolcevita/l5-502-6-16-0,longines,DolceVita,No,Gold Variants,Sapphire,Rectangular,XS,Basic,Silver/White,Traditional/Special,Stick / Dot,7.916078096302786
https://watchbase.com/longines/presence/l4-804-2-11-7,longines,Presence,No,Steel,Sapphire,Round,M,Basic,Silver/White,Stick/Minimalist,Roman Numerals,7.139660335964919
https://watchbase.com/longines/presence/l4-778-6-32-2,longines,Presence,No,Gold Variants,Sapphire,Round,M,Basic,Silver/White,Stick/Minimalist,Stick / Dot,7.719129840906732
https://watchbase.com/longines/presence/l4-721-4-11-6,longines,Presence,No,Steel,Sapphire,Round,M,Basic,Silver/White,Stick/Minimalist,Roman Numerals,6.53813982376767
https://watchbase.com/longines/presence/l4-790-2-11-2,longines,Presence,No,Steel,Sapphire,Round,M,Basic,Silver/White,Stick/Minimalist,Roman Numerals,6.7580945044277305
https://watchbase.com/longines/presence/l4-220-4-11-2,longines,Presence,No,Steel,Sapphire,Round,XS,Basic,Silver/White,Stick/Minimalist,Roman Numerals,6.398594934535208
https://watchbase.com/longines/presence/l4-905-1-11-7,longines,Presence,No,Steel,Sapphire,Round,L,Basic,Silver/White,Stick/Minimalist,Roman Numerals,7.427144133408616
https://watchbase.com/longines/presence/l4-905-1-11-2,longines,Presence,No,Steel,Sapphire,Round,L,Basic,Silver/White,Stick/Minimalist,Roman Numerals,7.307202314764738
https://watchbase.com/longines/presence/l4-905-4-11-2,longines,Presence,No,Steel,Sapphire,Round,L,Basic,Silver/White,Stick/Minimalist,Roman Numerals,7.2868764117507
https://watchbase.com/longines/presence/l4-821-4-12-6,longines,Presence,No,Steel,Sapphire,Round,M,Basic,Silver/White,Stick/Minimalist,Stick / Dot,7.074116816197362
https://watchbase.com/longines/presence/l4-744-6-12-0,longines,Presence,No,Gold Variants,Sapphire,Round,S,Basic,Silver/White,Stick/Minimalist,Stick / Dot,7.820439515262181
https://watchbase.com/longines/presence/l4-821-4-11-6,longines,Presence,No,Steel,Sapphire,Round,M,Basic,Silver/White,Stick/Minimalist,Roman Numerals,7.074116816197362
https://watchbase.com/longines/presence/l4-921-4-78-2,longines,Presence,No,Steel,Sapphire,Round,M,Basic,Silver/White,Stick/Minimalist,Stick / Dot,6.93828448401696
https://watchbase.com/longines/presence/l4-221-2-11-2,longines,Presence,No,Steel,Sapphire,Round,XS,Basic,Silver/White,Stick/Minimalist,Roman Numerals,6.415096959171596
https://watchbase.com/longines/presence/l4-790-4-11-2,longines,Presence,No,Steel,Sapphire,Round,M,Basic,Silver/White,Stick/Minimalist,Roman Numerals,6.68586094706836
https://watchbase.com/longines/presence/l4-219-2-12-2,longines,Presence,No,Steel,Sapphire,Round,XS,Basic,Silver/White,Stick/Minimalist,Stick / Dot,6.111467339502679
https://watchbase.com/longines/presence/l4-921-1-11-2,longines,Presence,No,Steel,Sapphire,Round,M,Basic,Silver/White,Stick/Minimalist,Roman Numerals,7.115582126184454
https://watchbase.com/longines/presence/l4-743-6-12-0,longines,Presence,No,Gold Variants,Sapphire,Round,S,Basic,Silver/White,Stick/Minimalist,Stick / Dot,7.912423121473705
https://watchbase.com/longines/presence/l4-804-2-11-2,longines,Presence,No,Steel,Sapphire,Round,M,Basic,Silver/White,Stick/Minimalist,Roman Numerals,7.00397413672268
https://watchbase.com/longines/presence/l4-921-4-11-2,longines,Presence,No,Steel,Sapphire,Round,M,Basic,Silver/White,Stick/Minimalist,Roman Numerals,7.0825485693553
https://watchbase.com/longines/presence/l4-921-2-42-8,longines,Presence,No,Steel,Sapphire,Round,M,Basic,Silver/White,Stick/Minimalist,Stick / Dot,7.139660335964919
https://watchbase.com/longines/presence/l4-721-2-11-2,longines,Presence,No,Steel,Sapphire,Round,M,Basic,Silver/White,Stick/Minimalist,Roman Numerals,6.46302945692067
https://watchbase.com/longines/presence/l4-721-4-78-2,longines,Presence,No,Steel,Sapphire,Round,M,Basic,Silver/White,Stick/Minimalist,Stick / Dot,6.431331081933479
https://watchbase.com/longines/presence/l4-220-2-12-2,longines,Presence,No,Steel,Sapphire,Round,XS,Basic,Silver/White,Stick/Minimalist,Stick / Dot,6.478509642208569
https://watchbase.com/longines/presence/l4-220-4-72-2,longines,Presence,No,Steel,Sapphire,Round,XS,Basic,Silver/White,Stick/Minimalist,Stick / Dot,6.133398042996649
https://watchbase.com/longines/presence/l4-905-2-11-2,longines,Presence,No,Steel,Sapphire,Round,L,Basic,Silver/White,Stick/Minimalist,Roman Numerals,7.307202314764738
https://watchbase.com/longines/presence/l4-277-6-32-2,longines,Presence,No,Gold Variants,Sapphire,Round,XS,Basic,Silver/White,Stick/Minimalist,Stick / Dot,7.2305631534092925
https://watchbase.com/longines/presence/l4-220-2-32-2,longines,Presence,No,Steel,Sapphire,Round,XS,Basic,Silver/White,Stick/Minimalist,Stick / Dot,6.478509642208569
https://watchbase.com/longines/presence/l4-221-4-18-6,longines,Presence,No,Steel,Sapphire,Round,XS,Basic,Silver/White,Stick/Minimalist,Stick / Dot,6.523562306149512
https://watchbase.com/longines/presence/l4-790-4-12-2,longines,Presence,No,Steel,Sapphire,Round,M,Basic,Silver/White,Stick/Minimalist,Stick / Dot,6.68586094706836
https://watchbase.com/longines/presence/l4-790-2-32-2,longines,Presence,No,Steel,Sapphire,Round,M,Basic,Silver/White,Stick/Minimalist,Stick / Dot,6.621405651764134
https://watchbase.com/longines/presence/l4-720-2-32-2,longines,Presence,No,Steel,Sapphire,Round,S,Basic,Silver/White,Stick/Minimalist,Stick / Dot,6.478509642208569
https://watchbase.com/longines/presence/l4-805-4-11-2,longines,Presence,No,Steel,Sapphire,Round,M,Basic,Silver/White,Stick/Minimalist,Roman Numerals,7.139660335964919
https://watchbase.com/longines/presence/l4-921-4-18-6,longines,Presence,No,Steel,Sapphire,Round,M,Basic,Silver/White,Stick/Minimalist,Stick / Dot,7.02197642307216
https://watchbase.com/longines/presence/l4-720-2-11-8,longines,Presence,No,Steel,Sapphire,Round,S,Basic,Silver/White,Stick/Minimalist,Roman Numerals,6.734591659972948
https://watchbase.com/longines/presence/l4-921-4-12-6,longines,Presence,No,Steel,Sapphire,Round,M,Basic,Silver/White,Stick/Minimalist,Stick / Dot,7.1631723908466425
https://watchbase.com/longines/presence/l4-744-6-11-0,longines,Presence,No,Gold Variants,Sapphire,Round,S,Basic,Silver/White,Stick/Minimalist,Roman Numerals,7.820439515262181
https://watchbase.com/longines/presence/l4-921-2-11-2,longines,Presence,No,Steel,Sapphire,Round,M,Basic,Silver/White,Stick/Minimalist,Roman Numerals,7.115582126184454
https://watchbase.com/longines/presence/l4-743-6-32-2,longines,Presence,No,Gold Variants,Sapphire,Round,S,Basic,Silver/White,Stick/Minimalist,Stick / Dot,7.396948602621014
https://watchbase.com/longines/presence/l4-721-4-18-6,longines,Presence,No,Steel,Sapphire,Round,M,Basic,Silver/White,Stick/Minimalist,Stick / Dot,6.53813982376767
https://watchbase.com/longines/presence/l4-220-2-11-2,longines,Presence,No,Steel,Sapphire,Round,XS,Basic,Silver/White,Stick/Minimalist,Roman Numerals,6.478509642208569
https://watchbase.com/longines/presence/l4-720-2-11-2,longines,Presence,No,Steel,Sapphire,Round,S,Basic,Silver/White,Stick/Minimalist,Roman Numerals,6.478509642208569
https://watchbase.com/longines/presence/l4-743-6-32-0,longines,Presence,No,Gold Variants,Sapphire,Round,S,Basic,Silver/White,Stick/Minimalist,Stick / Dot,7.912423121473705
https://watchbase.com/longines/presence/l4-721-2-42-2,longines,Presence,No,Steel,Sapphire,Round,M,Basic,Silver/White,Stick/Minimalist,Stick / Dot,6.46302945692067
https://watchbase.com/longines/presence/l4-720-4-12-2,longines,Presence,No,Steel,Sapphire,Round,S,Basic,Silver/White,Stick/Minimalist,Stick / Dot,6.398594934535208
https://watchbase.com/longines/presence/l4-720-4-11-2,longines,Presence,No,Steel,Sapphire,Round,S,Basic,Silver/White,Stick/Minimalist,Roman Numerals,6.398594934535208
https://watchbase.com/longines/presence/l4-220-2-12-7,longines,Presence,No,Steel,Sapphire,Round,XS,Basic,Silver/White,Stick/Minimalist,Stick / Dot,6.68586094706836
https://watchbase.com/longines/presence/l4-721-2-18-2,longines,Presence,No,Steel,Sapphire,Round,M,Basic,Silver/White,Stick/Minimalist,Stick / Dot,6.447305862541213
https://watchbase.com/longines/presence/l4-720-2-12-2,longines,Presence,No,Steel,Sapphire,Round,S,Basic,Silver/White,Stick/Minimalist,Stick / Dot,6.478509642208569
https://watchbase.com/longines/presence/l4-721-4-18-2,longines,Presence,No,Steel,Sapphire,Round,M,Basic,Silver/White,Stick/Minimalist,Stick / Dot,6.431331081933479
https://watchbase.com/longines/dolcevita/l5-687-4-79-6,longines,DolceVita,No,Steel,Sapphire,Rectangular,S,Basic,Black,Traditional/Special,Roman Numerals,7.293697720601438
https://watchbase.com/longines/dolcevita/l5-686-4-73-4,longines,DolceVita,No,Steel,Sapphire,Rectangular,S,Basic,Grey/Brown,Traditional/Special,Arabic Numerals,6.918695219020472
https://watchbase.com/longines/dolcevita/l5-680-4-79-6,longines,DolceVita,No,Steel,Sapphire,Rectangular,XS,Basic,Black,Traditional/Special,Roman Numerals,7.186144304522325
https://watchbase.com/longines/dolcevita/l5-656-4-73-4,longines,DolceVita,No,Steel,Sapphire,Rectangular,XS,Basic,Grey/Brown,Traditional/Special,Arabic Numerals,6.994849985833071
https://watchbase.com/longines/dolcevita/l5-655-4-76-2,longines,DolceVita,No,Steel,Sapphire,Rectangular,XS,Basic,Black,Traditional/Special,Stick / Dot,6.7464121285733745
https://watchbase.com/longines/dolcevita/l5-155-4-83-6,longines,DolceVita,No,Steel,Sapphire,Rectangular,XS,Basic,Blue,Traditional/Special,Gem-Set Indexes,7.099201743553092
https://watchbase.com/longines/dolcevita/l5-158-4-84-6,longines,DolceVita,No,Steel,Sapphire,Rectangular,XS,Basic,Silver/White,Traditional/Special,Gem-Set Indexes,7.280008252884188
https://watchbase.com/longines/dolcevita/l5-200-4-71-4,longines,DolceVita,No,Steel,Sapphire,Rectangular,XS,Basic,Silver/White,Traditional/Special,Roman Numerals,7.467942332285852
https://watchbase.com/longines/dolcevita/l5-158-0-84-6,longines,DolceVita,No,Steel,Sapphire,Rectangular,XS,Basic,Silver/White,Traditional/Special,Gem-Set Indexes,7.754052639035757
https://watchbase.com/longines/dolcevita/l5-686-4-71-6,longines,DolceVita,No,Steel,Sapphire,Rectangular,S,Basic,Grey/Brown,Traditional/Special,Roman Numerals,6.994849985833071
https://watchbase.com/longines/dolcevita/l5-158-4-16-6,longines,DolceVita,No,Steel,Sapphire,Rectangular,XS,Basic,Silver/White,Traditional/Special,Mixed,6.928537818164665
https://watchbase.com/longines/dolcevita/l5-200-4-71-6,longines,DolceVita,No,Steel,Sapphire,Rectangular,XS,Basic,Silver/White,Traditional/Special,Roman Numerals,7.650168700845001
https://watchbase.com/longines/dolcevita/l5-656-6-13-6,longines,DolceVita,No,Gold Variants,Sapphire,Rectangular,XS,Basic,Silver/White,Traditional/Special,Arabic Numerals,9.18204377282107
https://watchbase.com/longines/dolcevita/l5-155-6-16-6,longines,DolceVita,No,Gold Variants,Sapphire,Rectangular,XS,Basic,Silver/White,Traditional/Special,Stick / Dot,9.076923258535832
https://watchbase.com/longines/dolcevita/l5-502-4-71-2,longines,DolceVita,No,Steel,Sapphire,Rectangular,XS,Basic,Grey/Brown,Traditional/Special,Roman Numerals,6.928537818164665
https://watchbase.com/longines/dolcevita/l5-657-4-71-6,longines,DolceVita,No,Steel,Sapphire,Rectangular,XS,Basic,Grey/Brown,Traditional/Special,Roman Numerals,7.0909098220799835
https://watchbase.com/longines/dolcevita/l5-686-4-79-6,longines,DolceVita,No,Steel,Sapphire,Rectangular,S,Basic,Black,Traditional/Special,Roman Numerals,6.994849985833071
https://watchbase.com/longines/dolcevita/l5-686-4-16-6,longines,DolceVita,No,Steel,Sapphire,Rectangular,S,Basic,Silver/White,Traditional/Special,Stick / Dot,6.994849985833071
https://watchbase.com/longines/dolcevita/l5-656-4-71-6,longines,DolceVita,No,Steel,Sapphire,Rectangular,XS,Basic,Grey/Brown,Traditional/Special,Roman Numerals,7.123672785204607
https://watchbase.com/longines/dolcevita/l5-655-4-16-6,longines,DolceVita,No,Steel,Sapphire,Rectangular,XS,Basic,Silver/White,Traditional/Special,Stick / Dot,6.928537818164665
https://watchbase.com/longines/dolcevita/l5-155-4-84-6,longines,DolceVita,No,Steel,Sapphire,Rectangular,XS,Basic,Silver/White,Traditional/Special,Gem-Set Indexes,7.280008252884188
https://watchbase.com/longines/dolcevita/l5-158-4-16-2,longines,DolceVita,No,Steel,Sapphire,Rectangular,XS,Basic,Silver/White,Traditional/Special,Mixed,6.53813982376767
https://watchbase.com/longines/dolcevita/l5-757-4-73-8,longines,DolceVita,No,Steel,Sapphire,Rectangular,XS,Basic,Silver/White,Traditional/Special,Mixed,7.804251383528112
https://watchbase.com/longines/dolcevita/l5-512-4-91-2,longines,DolceVita,No,Steel,Sapphire,Rectangular,XS,Basic,Colorful,Sword-style,None,7.3783837129967145
https://watchbase.com/longines/dolcevita/l5-686-4-71-4,longines,DolceVita,No,Steel,Sapphire,Rectangular,S,Basic,Grey/Brown,Traditional/Special,Roman Numerals,6.898714534329988
https://watchbase.com/longines/dolcevita/l5-502-4-76-2,longines,DolceVita,No,Steel,Sapphire,Rectangular,XS,Basic,Black,Traditional/Special,Mixed,6.53813982376767
https://watchbase.com/longines/dolcevita/l5-155-4-96-6,longines,DolceVita,No,Steel,Sapphire,Rectangular,XS,Basic,Colorful,Traditional/Special,Stick / Dot,6.7464121285733745
https://watchbase.com/longines/dolcevita/l5-155-4-16-6,longines,DolceVita,No,Steel,Sapphire,Rectangular,XS,Basic,Silver/White,Traditional/Special,Mixed,6.928537818164665
https://watchbase.com/longines/dolcevita/l5-657-4-79-6,longines,DolceVita,No,Steel,Sapphire,Rectangular,XS,Basic,Black,Traditional/Special,Roman Numerals,7.02197642307216
https://watchbase.com/longines/dolcevita/l5-657-4-79-2,longines,DolceVita,No,Steel,Sapphire,Rectangular,XS,Basic,Black,Traditional/Special,Roman Numerals,7.02197642307216
https://watchbase.com/longines/dolcevita/l5-657-4-71-2,longines,DolceVita,No,Steel,Sapphire,Rectangular,XS,Basic,Grey/Brown,Traditional/Special,Roman Numerals,7.0909098220799835
https://watchbase.com/longines/dolcevita/l5-686-4-79-3,longines,DolceVita,No,Steel,Sapphire,Rectangular,S,Basic,Black,Traditional/Special,Roman Numerals,6.918695219020472
https://watchbase.com/longines/dolcevita/l5-155-4-16-2,longines,DolceVita,No,Steel,Sapphire,Rectangular,XS,Basic,Silver/White,Traditional/Special,Stick / Dot,6.928537818164665
https://watchbase.com/longines/dolcevita/l5-655-4-79-6,longines,DolceVita,No,Steel,Sapphire,Rectangular,XS,Basic,Black,Traditional/Special,Roman Numerals,6.7464121285733745
https://watchbase.com/longines/dolcevita/l5-155-0-16-6,longines,DolceVita,No,Steel,Sapphire,Rectangular,XS,Basic,Silver/White,Traditional/Special,Stick / Dot,7.8636512654486515
https://watchbase.com/longines/dolcevita/l5-656-4-79-6,longines,DolceVita,No,Steel,Sapphire,Rectangular,XS,Basic,Black,Traditional/Special,Roman Numerals,7.107425474110705
https://watchbase.com/longines/dolcevita/l5-656-4-73-6,longines,DolceVita,No,Steel,Sapphire,Rectangular,XS,Basic,Grey/Brown,Traditional/Special,Arabic Numerals,7.057036981697891
https://watchbase.com/longines/dolcevita/l5-657-4-16-6,longines,DolceVita,No,Steel,Sapphire,Rectangular,XS,Basic,Silver/White,Traditional/Special,Stick / Dot,7.0909098220799835
https://watchbase.com/longines/dolcevita/l5-657-4-16-0,longines,DolceVita,No,Steel,Sapphire,Rectangular,XS,Basic,Silver/White,Traditional/Special,Stick / Dot,7.0909098220799835
https://watchbase.com/longines/dolcevita/l5-655-4-79-2,longines,DolceVita,No,Steel,Sapphire,Rectangular,XS,Basic,Black,Traditional/Special,Roman Numerals,6.7464121285733745
https://watchbase.com/longines/dolcevita/l5-757-4-71-9,longines,DolceVita,No,Steel,Sapphire,Rectangular,XS,Basic,Silver/White,Traditional/Special,Roman Numerals,7.601402334583733
https://watchbase.com/longines/dolcevita/l5-655-4-71-6,longines,DolceVita,No,Steel,Sapphire,Rectangular,XS,Basic,Grey/Brown,Traditional/Special,Roman Numerals,6.928537818164665
https://watchbase.com/longines/dolcevita/l5-512-4-50-2,longines,DolceVita,No,Steel,Sapphire,Rectangular,XS,Basic,Black,Sword-style,None,7.3783837129967145
https://watchbase.com/longines/dolcevita/l5-200-5-79-7,longines,DolceVita,No,Steel,Sapphire,Rectangular,XS,Basic,Silver/White,Traditional/Special,Roman Numerals,9.105090961257085
https://watchbase.com/longines/dolcevita/l5-655-4-16-2,longines,DolceVita,No,Steel,Sapphire,Rectangular,XS,Basic,Silver/White,Traditional/Special,Stick / Dot,6.928537818164665
https://watchbase.com/longines/dolcevita/l5-655-4-71-2,longines,DolceVita,No,Steel,Sapphire,Rectangular,XS,Basic,Grey/Brown,Traditional/Special,Roman Numerals,6.928537818164665
https://watchbase.com/longines/dolcevita/l5-657-4-78-2,longines,DolceVita,No,Steel,Sapphire,Rectangular,XS,Basic,Grey/Brown,Traditional/Special,Arabic Numerals,6.8679744089702925
https://watchbase.com/longines/dolcevita/l5-200-5-71-7,longines,DolceVita,No,Steel,Sapphire,Rectangular,XS,Basic,Silver/White,Traditional/Special,Roman Numerals,8.77971129020447
https://watchbase.com/longines/dolcevita/l5-656-4-16-6,longines,DolceVita,No,Steel,Sapphire,Rectangular,XS,Basic,Silver/White,Traditional/Special,Stick / Dot,7.123672785204607
https://watchbase.com/longines/la-grande-classique/l4-709-4-71-6,longines,La Grande Classique,No,Steel,Sapphire,Round,S,Basic,Silver/White,Stick/Minimalist,Roman Numerals,6.836259277277067
https://watchbase.com/longines/la-grande-classique/l4-209-4-11-2,longines,La Grande Classique,No,Steel,Sapphire,Round,XS,Basic,Silver/White,Stick/Minimalist,Roman Numerals,7.1316985104669115
https://watchbase.com/longines/la-grande-classique/l4-512-2-37-8,longines,La Grande Classique,No,Steel,Sapphire,Round,XS,Basic,Colorful,Stick/Minimalist,Gem-Set Indexes,7.550135342488429
https://watchbase.com/longines/la-grande-classique/l4-908-2-11-2,longines,La Grande Classique,No,Steel,Sapphire,Round,M,Basic,Silver/White,Stick/Minimalist,Roman Numerals,7.372118028337787
https://watchbase.com/longines/la-grande-classique/l4-898-3-32-7,longines,La Grande Classique,No,Steel,Sapphire,Round,M,Basic,Silver/White,Stick/Minimalist,Stick / Dot,7.346655163176539
https://watchbase.com/longines/la-grande-classique/l4-191-7-11-6,longines,La Grande Classique,No,Gold Variants,Sapphire,Round,XS,Basic,Silver/White,Stick/Minimalist,Roman Numerals,9.237079669165805
https://watchbase.com/longines/la-grande-classique/l4-691-6-11-0,longines,La Grande Classique,No,Gold Variants,Sapphire,Round,S,Basic,Silver/White,Stick/Minimalist,Roman Numerals,8.208219383496834
https://watchbase.com/longines/la-grande-classique/l4-691-6-11-6,longines,La Grande Classique,No,Gold Variants,Sapphire,Round,S,Basic,Silver/White,Stick/Minimalist,Roman Numerals,9.3048320350689
https://watchbase.com/longines/la-grande-classique/l4-788-0-51-6,longines,La Grande Classique,No,Steel,Sapphire,Tonneau,XS,Basic,Black,Stick/Minimalist,Roman Numerals,8.03947991910045
https://watchbase.com/longines/la-grande-classique/l4-766-4-71-6,longines,La Grande Classique,No,Steel,Sapphire,Round,M,Basic,Silver/White,Stick/Minimalist,Roman Numerals,6.7464121285733745
https://watchbase.com/longines/la-grande-classique/l4-512-4-51-2,longines,La Grande Classique,No,Steel,Sapphire,Round,XS,Basic,Black,Stick/Minimalist,Roman Numerals,6.957497370876951
https://watchbase.com/longines/la-grande-classique/l4-209-4-51-6,longines,La Grande Classique,No,Steel,Sapphire,Round,XS,Basic,Black,Stick/Minimalist,Roman Numerals,6.90875477931522
https://watchbase.com/longines/la-grande-classique/l4-908-4-71-6,longines,La Grande Classique,No,Steel,Sapphire,Round,M,Basic,Silver/White,Stick/Minimalist,Roman Numerals,7.333676395657684
https://watchbase.com/longines/la-grande-classique/l4-755-2-32-2,longines,La Grande Classique,No,Steel,Sapphire,Round,M,Basic,Silver/White,Stick/Minimalist,Stick / Dot,7.00397413672268
https://watchbase.com/longines/la-grande-classique/l4-205-2-87-8,longines,La Grande Classique,No,Steel,Sapphire,Tonneau,XS,Basic,Silver/White,Stick/Minimalist,Gem-Set Indexes,7.353081920515432
https://watchbase.com/longines/la-grande-classique/l4-205-4-12-6,longines,La Grande Classique,No,Steel,Sapphire,Tonneau,XS,Basic,Silver/White,Stick/Minimalist,Stick / Dot,6.976348070447749
https://watchbase.com/longines/la-grande-classique/l4-691-6-32-6,longines,La Grande Classique,No,Gold Variants,Sapphire,Round,S,Basic,Silver/White,Stick/Minimalist,Stick / Dot,9.237079669165805
https://watchbase.com/longines/la-grande-classique/l4-786-2-32-7,longines,La Grande Classique,No,Steel,Sapphire,Tonneau,M,Basic,Silver/White,Stick/Minimalist,Stick / Dot,7.039660349862076
https://watchbase.com/longines/la-grande-classique/l4-786-2-12-9,longines,La Grande Classique,No,Steel,Sapphire,Tonneau,M,Basic,Silver/White,Stick/Minimalist,Stick / Dot,6.957497370876951
https://watchbase.com/longines/la-grande-classique/l4-705-2-32-8,longines,La Grande Classique,No,Steel,Sapphire,Tonneau,XS,Basic,Silver/White,Stick/Minimalist,Stick / Dot,7.00397413672268
https://watchbase.com/longines/la-grande-classique/l4-705-2-11-2,longines,La Grande Classique,No,Steel,Sapphire,Tonneau,XS,Basic,Silver/White,Stick/Minimalist,Roman Numerals,7.0825485693553
https://watchbase.com/longines/la-grande-classique/l4-205-4-87-6,longines,La Grande Classique,No,Steel,Sapphire,Tonneau,XS,Basic,Silver/White,Stick/Minimalist,Gem-Set Indexes,7.259116128097101
https://watchbase.com/longines/la-grande-classique/l4-205-4-11-2,longines,La Grande Classique,No,Steel,Sapphire,Tonneau,XS,Basic,Silver/White,Stick/Minimalist,Roman Numerals,6.976348070447749
https://watchbase.com/longines/la-grande-classique/l4-708-2-31-7,longines,La Grande Classique,No,Steel,Sapphire,Round,S,Basic,Silver/White,Stick/Minimalist,Roman Numerals,7.2520539518528135
https://watchbase.com/longines/la-grande-classique/l4-708-2-11-2,longines,La Grande Classique,No,Steel,Sapphire,Round,S,Basic,Silver/White,Stick/Minimalist,Roman Numerals,7.170888478512505
https://watchbase.com/longines/la-grande-classique/l4-708-4-72-2,longines,La Grande Classique,No,Steel,Sapphire,Round,S,Basic,Silver/White,Stick/Minimalist,Stick / Dot,7.139660335964919
https://watchbase.com/longines/la-grande-classique/l4-209-2-32-2,longines,La Grande Classique,No,Steel,Sapphire,Round,XS,Basic,Silver/White,Stick/Minimalist,Stick / Dot,6.8679744089702925
https://watchbase.com/longines/la-grande-classique/l4-766-4-11-2,longines,La Grande Classique,No,Steel,Sapphire,Round,M,Basic,Silver/White,Stick/Minimalist,Roman Numerals,7.057036981697891
https://watchbase.com/longines/la-grande-classique/l4-705-4-12-2,longines,La Grande Classique,No,Steel,Sapphire,Tonneau,XS,Basic,Silver/White,Stick/Minimalist,Stick / Dot,6.825460036255307
https://watchbase.com/longines/la-grande-classique/l4-209-2-11-8,longines,La Grande Classique,No,Steel,Sapphire,Round,XS,Basic,Silver/White,Stick/Minimalist,Roman Numerals,7.346655163176539
https://watchbase.com/longines/la-grande-classique/l4-705-4-58-6,longines,La Grande Classique,No,Steel,Sapphire,Tonneau,XS,Basic,Black,Stick/Minimalist,Gem-Set Indexes,7.223295679562314
https://watchbase.com/longines/la-grande-classique/l4-708-2-12-7,longines,La Grande Classique,No,Steel,Sapphire,Round,S,Basic,Silver/White,Stick/Minimalist,Stick / Dot,7.2520539518528135
https://watchbase.com/longines/la-grande-classique/l4-708-4-11-2,longines,La Grande Classique,No,Steel,Sapphire,Round,S,Basic,Silver/White,Stick/Minimalist,Roman Numerals,7.139660335964919
https://watchbase.com/longines/la-grande-classique/l4-709-4-11-6,longines,La Grande Classique,No,Steel,Sapphire,Round,S,Basic,Silver/White,Stick/Minimalist,Roman Numerals,6.836259277277067
https://watchbase.com/longines/la-grande-classique/l4-205-2-11-7,longines,La Grande Classique,No,Steel,Sapphire,Tonneau,XS,Basic,Silver/White,Stick/Minimalist,Roman Numerals,7.123672785204607
https://watchbase.com/longines/la-grande-classique/l4-709-2-12-8,longines,La Grande Classique,No,Steel,Sapphire,Round,S,Basic,Silver/White,Stick/Minimalist,Stick / Dot,7.039660349862076
https://watchbase.com/longines/la-grande-classique/l4-766-4-13-2,longines,La Grande Classique,No,Steel,Sapphire,Round,M,Basic,Silver/White,Stick/Minimalist,Eastern Arabic Numerals,7.057036981697891
https://watchbase.com/longines/la-grande-classique/l4-708-2-12-8,longines,La Grande Classique,No,Steel,Sapphire,Round,S,Basic,Silver/White,Stick/Minimalist,Stick / Dot,7.280008252884188
https://watchbase.com/longines/la-grande-classique/l4-205-2-32-8,longines,La Grande Classique,No,Steel,Sapphire,Tonneau,XS,Basic,Silver/White,Stick/Minimalist,Stick / Dot,7.155396301896734
https://watchbase.com/longines/la-grande-classique/l4-705-4-87-6,longines,La Grande Classique,No,Steel,Sapphire,Tonneau,XS,Basic,Silver/White,Stick/Minimalist,Gem-Set Indexes,7.2868764117507
https://watchbase.com/longines/la-grande-classique/l4-205-4-58-6,longines,La Grande Classique,No,Steel,Sapphire,Tonneau,XS,Basic,Black,Stick/Minimalist,Gem-Set Indexes,7.170888478512505
https://watchbase.com/longines/la-grande-classique/l4-691-7-32-6,longines,La Grande Classique,No,Gold Variants,Sapphire,Round,S,Basic,Silver/White,Stick/Minimalist,Stick / Dot,9.546169544733285
https://watchbase.com/longines/la-grande-classique/l4-786-4-12-4,longines,La Grande Classique,No,Steel,Sapphire,Tonneau,M,Basic,Silver/White,Stick/Minimalist,Stick / Dot,6.846943139585379
https://watchbase.com/longines/la-grande-classique/l4-691-6-32-2,longines,La Grande Classique,No,Gold Variants,Sapphire,Round,S,Basic,Silver/White,Stick/Minimalist,Stick / Dot,7.930565854233965
https://watchbase.com/longines/la-grande-classique/l4-766-2-11-8,longines,La Grande Classique,No,Steel,Sapphire,Round,M,Basic,Silver/White,Stick/Minimalist,Roman Numerals,7.123672785204607
https://watchbase.com/longines/la-grande-classique/l4-766-4-13-6,longines,La Grande Classique,No,Steel,Sapphire,Round,M,Basic,Silver/White,Stick/Minimalist,Eastern Arabic Numerals,7.057036981697891
https://watchbase.com/longines/la-grande-classique/l4-705-4-11-2,longines,La Grande Classique,No,Steel,Sapphire,Tonneau,XS,Basic,Silver/White,Stick/Minimalist,Roman Numerals,7.01301578963963
https://watchbase.com/longines/heritage/l2-800-4-23-2,longines,Heritage,No,Steel,Sapphire,Round,L,Basic,Silver/White,Leaf-style,Arabic Numerals,7.934155233536322
https://watchbase.com/longines/heritage/l2-699-4-23-2,longines,Heritage,No,Steel,Sapphire,Cushion,M,Basic,Silver/White,Leaf-style,Arabic Numerals,6.78105762593618
https://watchbase.com/longines/heritage/l2-833-4-93-2,longines,Heritage,No,Steel,Sapphire,Round,M,Basic,Grey/Brown,Traditional/Special,Arabic Numerals,7.640603826393634
https://watchbase.com/longines/heritage/l2-811-4-53-0,longines,Heritage,No,Steel,Sapphire,Round,XL,Basic,Black,Traditional/Special,Arabic Numerals,7.450660796211539
https://watchbase.com/longines/heritage/l2-795-4-52-0,longines,Heritage,No,Steel,Sapphire,Round,L,Professional,Black,Stick/Minimalist,Arabic Numerals,7.645397699428633
https://watchbase.com/longines/heritage/l2-684-4-16-3,longines,Heritage,No,Steel,Sapphire,Round,L,Basic,Silver/White,Leaf-style,Stick / Dot,7.396948602621014
https://watchbase.com/longines/heritage/l2-822-4-56-9,longines,Heritage,No,Steel,Sapphire,Round,L,Basic,Black,Other,Arabic Numerals,7.828436359157585
https://watchbase.com/longines/heritage/l2-678-4-11-0,longines,Heritage,No,Steel,Sapphire,Round,XXL,Basic,Silver/White,Traditional/Special,Roman Numerals,8.691314551644853
https://watchbase.com/longines/heritage/l4-792-8-77-2,longines,Heritage,No,Steel,Plexi,Round,L,Basic,Silver/White,Dauphine-style,Stick / Dot,8.884748726451182
https://watchbase.com/longines/heritage/l2-826-4-53-2,longines,Heritage,Yes,Steel,Sapphire,Round,L,Basic,Black,Stick/Minimalist,Arabic Numerals,7.824445930877619
https://watchbase.com/longines/heritage/l2-776-4-21-3,longines,Heritage,No,Steel,Sapphire,Round,L,Basic,Silver/White,Leaf-style,Roman Numerals,8.321421586897879
https://watchbase.com/longines/heritage/l4-785-8-73-2,longines,Heritage,No,Gold Variants,Sapphire,Round,M,Basic,Silver/White,Traditional/Special,Arabic Numerals,8.229777750081887
https://watchbase.com/longines/heritage/l2-830-4-93-0,longines,Heritage,No,Steel,Sapphire,Round,L,Basic,Silver/White,Leaf-style,Arabic Numerals,8.229777750081887
https://watchbase.com/longines/heritage/l2-801-4-23-2,longines,Heritage,No,Steel,Sapphire,Round,L,Basic,Silver/White,Traditional/Special,Arabic Numerals,8.221747728346623
https://watchbase.com/longines/heritage/l2-778-4-53-2,longines,Heritage,No,Steel,Sapphire,Round,L,Basic,Black,Traditional/Special,Arabic Numerals,7.912423121473705
https://watchbase.com/longines/heritage/l4-795-4-78-2,longines,Heritage,No,Steel,Sapphire,Round,M,Basic,Silver/White,Dauphine-style,Stick / Dot,7.62608275807238
https://watchbase.com/longines/heritage/l2-700-4-53-4,longines,Heritage,No,Steel,Sapphire,Cushion,L,Basic,Black,Leaf-style,Arabic Numerals,6.78105762593618
https://watchbase.com/longines/heritage/l2-836-4-52-6,longines,Heritage,No,Steel,Sapphire,Cushion,L,Professional,Black,Stick/Minimalist,Stick / Dot,8.294299608857235
https://watchbase.com/longines/heritage/l2-831-4-53-2,longines,Heritage,No,Steel,Sapphire,Round,XL,Basic,Black,Stick/Minimalist,Arabic Numerals,7.576097340623111
https://watchbase.com/longines/heritage/l2-816-1-93-2,longines,Heritage,No,Titanium,Sapphire,Round,L,Basic,Blue,Stick/Minimalist,Arabic Numerals,8.343077871169383
https://watchbase.com/longines/heritage/l2-704-4-56-3,longines,Heritage,No,Steel,Sapphire,Round,XL,Basic,Black,Leaf-style,Stick / Dot,7.58629630715272
https://watchbase.com/longines/heritage/l2-839-4-52-2,longines,Heritage,No,Steel,Sapphire,Cushion,L,Basic,Black,Stick/Minimalist,Stick / Dot,8.497194544909547
https://watchbase.com/longines/heritage/l2-787-4-16-2,longines,Heritage,No,Steel,Sapphire,Round,M,Basic,Silver/White,Stick/Minimalist,Stick / Dot,7.456454555176209
https://watchbase.com/longines/heritage/l2-751-4-53-4,longines,Heritage,No,Steel,Sapphire,Round,XXL,Basic,Black,Leaf-style,Arabic Numerals,8.281723990411392
https://watchbase.com/longines/heritage/l2-788-4-53-3,longines,Heritage,No,Steel,Sapphire,Round,L,Basic,Black,Stick/Minimalist,Arabic Numerals,7.403061091090091
https://watchbase.com/longines/heritage/l2-749-4-72-2,longines,Heritage,No,Steel,Sapphire,Round,L,Basic,Silver/White,Dauphine-style,Stick / Dot,7.983098940710892
https://watchbase.com/longines/heritage/l2-827-4-73-0,longines,Heritage,No,Steel,Sapphire,Round,L,Basic,Silver/White,Leaf-style,Arabic Numerals,8.03947991910045
https://watchbase.com/longines/heritage/l2-791-4-72-0,longines,Heritage,No,Steel,Sapphire,Tonneau,L,Basic,Silver/White,Stick/Minimalist,Stick / Dot,7.983098940710892
https://watchbase.com/longines/heritage/l2-790-4-53-0,longines,Heritage,No,Steel,Sapphire,Round,L,Basic,Black,Stick/Minimalist,Arabic Numerals,7.687538766201629
https://watchbase.com/longines/heritage/l2-705-4-23-4,longines,Heritage,No,Steel,Sapphire,Cushion,L,Basic,Silver/White,Traditional/Special,Arabic Numerals,7.2520539518528135
https://watchbase.com/longines/heritage/l2-705-4-53-4,longines,Heritage,No,Steel,Sapphire,Cushion,L,Basic,Black,Traditional/Special,Arabic Numerals,7.1785454837637
https://watchbase.com/longines/heritage/l2-836-4-52-9,longines,Heritage,No,Steel,Sapphire,Cushion,L,Professional,Black,Stick/Minimalist,Stick / Dot,8.366602832783736
https://watchbase.com/longines/heritage/l2-792-8-71-0,longines,Heritage,No,Gold Variants,Sapphire,Rectangular,L,Basic,Silver/White,Stick/Minimalist,Roman Numerals,8.706324840138741
https://watchbase.com/longines/heritage/l2-219-8-12-2,longines,Heritage,Yes,Gold Variants,Sapphire,Round,M,Basic,Grey/Brown,Dauphine-style,Stick / Dot,8.03947991910045
https://watchbase.com/longines/heritage/l2-704-4-16-3,longines,Heritage,No,Steel,Sapphire,Round,XL,Basic,Silver/White,Leaf-style,Stick / Dot,7.58629630715272
https://watchbase.com/longines/heritage/l1-641-4-52-4,longines,Heritage,No,Steel,Sapphire,Round,M,Basic,Black,Dauphine-style,Stick / Dot,7.438971592395862
https://watchbase.com/longines/heritage/l2-198-4-53-2,longines,Heritage,No,Steel,Sapphire,Cushion,S,Basic,Black,Leaf-style,Arabic Numerals,6.55250788703459
https://watchbase.com/longines/heritage/l2-816-4-53-2,longines,Heritage,No,Steel,Sapphire,Round,L,Basic,Black,Stick/Minimalist,Arabic Numerals,8.101980731853192
https://watchbase.com/longines/heritage/l4-746-8-72-0,longines,Heritage,No,Gold Variants,Mineral,Round,M,Basic,Silver/White,Dauphine-style,Stick / Dot,8.27664912542186
https://watchbase.com/longines/heritage/l2-601-4-11-2,longines,Heritage,No,Steel,Sapphire,Round,M,Basic,Silver/White,Traditional/Special,Roman Numerals,7.123672785204607
https://watchbase.com/longines/heritage/l2-747-4-92-4,longines,Heritage,No,Steel,Sapphire,Round,L,Basic,Silver/White,Dauphine-style,Stick / Dot,7.403061091090091
https://watchbase.com/longines/heritage/l2-719-8-12-2,longines,Heritage,Yes,Gold Variants,Sapphire,Round,M,Basic,Grey/Brown,Dauphine-style,Stick / Dot,8.0959035329611
https://watchbase.com/longines/master-collection/l2-910-4-92-6,longines,Master Collection,No,Steel,Sapphire,Round,L,Basic,Blue,Leaf-style,Stick / Dot,7.7057128238944275
https://watchbase.com/tudor/north-flag/91210n-0002,tudor,North Flag,No,Steel,Sapphire,Round,L,Standard,Black,Sword-style,Stick / Dot,8.169336395928386
https://watchbase.com/tudor/north-flag/91210n-0001,tudor,North Flag,No,Steel,Sapphire,Round,L,Standard,Black,Sword-style,Stick / Dot,8.19450550976564
https://watchbase.com/longines/master-collection/l2-518-8-78-3,longines,Master Collection,No,Gold Variants,Sapphire,Round,M,Basic,Grey/Brown,Leaf-style,Arabic Numerals,8.431853144249223
https://watchbase.com/longines/master-collection/l2-755-4-78-6,longines,Master Collection,No,Steel,Sapphire,Round,M,Basic,Silver/White,Leaf-style,Arabic Numerals,7.581209826196346
https://watchbase.com/longines/master-collection/l2-773-4-78-3,longines,Master Collection,No,Steel,Sapphire,Round,L,Basic,Silver/White,Leaf-style,Arabic Numerals,8.33110454805304
https://watchbase.com/longines/master-collection/l2-503-0-07-3,longines,Master Collection,No,Steel,Sapphire,Round,M,Basic,Grey/Brown,Leaf-style,Gem-Set Indexes,8.484876589939695
https://watchbase.com/longines/master-collection/l2-629-4-78-6,longines,Master Collection,No,Steel,Sapphire,Round,L,Basic,Silver/White,Leaf-style,Arabic Numerals,8.131824785007195
https://watchbase.com/longines/master-collection/l2-669-4-78-3,longines,Master Collection,No,Steel,Sapphire,Round,M,Basic,Grey/Brown,Leaf-style,Arabic Numerals,7.804251383528112
https://watchbase.com/longines/master-collection/l2-518-4-78-3,longines,Master Collection,No,Steel,Sapphire,Round,M,Basic,Grey/Brown,Leaf-style,Arabic Numerals,7.427144133408616
https://watchbase.com/longines/master-collection/l2-755-4-77-3,longines,Master Collection,No,Steel,Sapphire,Round,M,Basic,Silver/White,Leaf-style,Gem-Set Indexes,7.650168700845001
https://watchbase.com/longines/master-collection/l2-755-5-77-7,longines,Master Collection,No,Steel,Sapphire,Round,M,Basic,Silver/White,Leaf-style,Gem-Set Indexes,8.013343181386672
https://watchbase.com/longines/master-collection/l2-673-4-51-7,longines,Master Collection,No,Steel,Sapphire,Round,L,Basic,Black,Leaf-style,Roman Numerals,8.058643712215618
https://watchbase.com/longines/master-collection/l2-673-4-51-5,longines,Master Collection,No,Steel,Sapphire,Round,L,Basic,Black,Leaf-style,Roman Numerals,7.749753406274437
https://watchbase.com/longines/master-collection/l2-518-4-78-6,longines,Master Collection,No,Steel,Sapphire,Round,M,Basic,Grey/Brown,Leaf-style,Arabic Numerals,7.427144133408616
https://watchbase.com/longines/master-collection/l2-841-4-18-3,longines,Master Collection,No,Steel,Sapphire,Round,XXL,Basic,Silver/White,Leaf-style,Arabic Numerals,7.8826922062890254
https://watchbase.com/longines/master-collection/l2-910-4-51-6,longines,Master Collection,No,Steel,Sapphire,Round,L,Basic,Black,Leaf-style,Roman Numerals,7.7057128238944275
https://watchbase.com/longines/master-collection/l2-910-4-51-7,longines,Master Collection,No,Steel,Sapphire,Round,L,Basic,Black,Leaf-style,Roman Numerals,7.7057128238944275
https://watchbase.com/longines/master-collection/l2-716-4-71-6,longines,Master Collection,No,Steel,Sapphire,Round,XL,Basic,Silver/White,Leaf-style,Roman Numerals,7.937731775260109
https://watchbase.com/longines/master-collection/l2-503-0-03-3,longines,Master Collection,No,Steel,Sapphire,Round,M,Basic,Grey/Brown,Leaf-style,Arabic Numerals,8.409830673087738
https://watchbase.com/longines/master-collection/l2-693-4-78-3,longines,Master Collection,No,Steel,Sapphire,Round,XL,Basic,Grey/Brown,Leaf-style,Arabic Numerals,7.83241092718792
https://watchbase.com/longines/master-collection/l2-910-4-78-6,longines,Master Collection,No,Steel,Sapphire,Round,L,Basic,Silver/White,Leaf-style,Arabic Numerals,7.919719760924575
https://watchbase.com/longines/master-collection/l2-640-4-78-3,longines,Master Collection,No,Steel,Sapphire,Round,XXL,Basic,Silver/White,Leaf-style,Arabic Numerals,7.83241092718792
https://watchbase.com/longines/master-collection/l2-669-4-78-6,longines,Master Collection,No,Steel,Sapphire,Round,M,Basic,Grey/Brown,Leaf-style,Arabic Numerals,7.754052639035757
https://watchbase.com/longines/master-collection/l2-628-4-78-6,longines,Master Collection,No,Steel,Sapphire,Round,M,Basic,Grey/Brown,Leaf-style,Arabic Numerals,7.762596048540069
https://watchbase.com/longines/master-collection/l2-910-4-78-3,longines,Master Collection,No,Steel,Sapphire,Round,L,Basic,Silver/White,Leaf-style,Arabic Numerals,7.919719760924575
https://watchbase.com/longines/master-collection/l2-773-4-92-6,longines,Master Collection,No,Steel,Sapphire,Round,L,Basic,Blue,Leaf-style,Stick / Dot,8.33110454805304
https://watchbase.com/longines/master-collection/l2-908-4-92-6,longines,Master Collection,No,Steel,Sapphire,Round,L,Basic,Blue,Leaf-style,Stick / Dot,7.749753406274437
https://watchbase.com/longines/master-collection/l2-640-4-51-5,longines,Master Collection,No,Steel,Sapphire,Round,XXL,Basic,Black,Leaf-style,Roman Numerals,7.581209826196346
https://watchbase.com/longines/master-collection/l2-676-4-51-6,longines,Master Collection,No,Steel,Sapphire,Round,L,Basic,Black,Leaf-style,Roman Numerals,7.528869256642251
https://watchbase.com/longines/master-collection/l2-773-4-78-6,longines,Master Collection,No,Steel,Sapphire,Round,L,Basic,Silver/White,Leaf-style,Arabic Numerals,8.33110454805304
https://watchbase.com/longines/master-collection/l2-715-4-78-5,longines,Master Collection,No,Steel,Sapphire,Round,L,Basic,Grey/Brown,Leaf-style,Arabic Numerals,8.24301946898925
https://watchbase.com/longines/master-collection/l2-648-4-78-3,longines,Master Collection,No,Steel,Sapphire,Round,L,Basic,Grey/Brown,Leaf-style,Arabic Numerals,7.606387389772652
https://watchbase.com/longines/master-collection/l2-739-4-71-5,longines,Master Collection,No,Steel,Sapphire,Round,XL,Basic,Silver/White,Leaf-style,Roman Numerals,8.213652703029998
https://watchbase.com/longines/master-collection/l2-841-4-18-5,longines,Master Collection,No,Steel,Sapphire,Round,XXL,Basic,Silver/White,Leaf-style,Arabic Numerals,7.8826922062890254
https://watchbase.com/longines/master-collection/l2-755-4-78-3,longines,Master Collection,No,Steel,Sapphire,Round,M,Basic,Silver/White,Leaf-style,Arabic Numerals,7.581209826196346
https://watchbase.com/longines/master-collection/l2-708-4-78-3,longines,Master Collection,No,Steel,Sapphire,Round,M,Basic,Silver/White,Leaf-style,Arabic Numerals,7.7057128238944275
https://watchbase.com/longines/master-collection/l2-738-4-71-3,longines,Master Collection,No,Steel,Sapphire,Round,L,Basic,Silver/White,Leaf-style,Roman Numerals,8.423102268016642
https://watchbase.com/longines/master-collection/l2-773-4-78-5,longines,Master Collection,No,Steel,Sapphire,Round,L,Basic,Silver/White,Leaf-style,Arabic Numerals,8.074337694089515
https://watchbase.com/longines/master-collection/l2-666-4-78-3,longines,Master Collection,No,Steel,Sapphire,Round,L,Basic,Grey/Brown,Leaf-style,Arabic Numerals,7.714677473800927
https://watchbase.com/longines/master-collection/l2-673-4-78-6,longines,Master Collection,No,Steel,Sapphire,Round,L,Basic,Grey/Brown,Leaf-style,Arabic Numerals,8.268988209506656
https://watchbase.com/longines/master-collection/l2-693-4-51-7,longines,Master Collection,No,Steel,Sapphire,Round,XL,Basic,Black,Leaf-style,Roman Numerals,7.83241092718792
https://watchbase.com/longines/master-collection/l2-640-4-78-5,longines,Master Collection,No,Steel,Sapphire,Round,XXL,Basic,Grey/Brown,Leaf-style,Arabic Numerals,7.645397699428633
https://watchbase.com/longines/master-collection/l2-631-8-70-3,longines,Master Collection,No,Gold Variants,Sapphire,Round,M,Basic,Silver/White,Leaf-style,Arabic Numerals,8.643120748014027
https://watchbase.com/longines/master-collection/l2-628-4-78-3,longines,Master Collection,No,Steel,Sapphire,Round,M,Basic,Grey/Brown,Leaf-style,Arabic Numerals,7.762596048540069
https://watchbase.com/longines/master-collection/l2-673-4-51-6,longines,Master Collection,No,Steel,Sapphire,Round,L,Basic,Black,Leaf-style,Roman Numerals,8.058643712215618
https://watchbase.com/longines/master-collection/l2-631-4-70-3,longines,Master Collection,No,Steel,Sapphire,Round,M,Basic,Black,Leaf-style,Arabic Numerals,7.630946580890459
https://watchbase.com/longines/master-collection/l2-629-4-78-3,longines,Master Collection,No,Steel,Sapphire,Round,L,Basic,Silver/White,Leaf-style,Arabic Numerals,8.131824785007195
https://watchbase.com/longines/master-collection/l2-673-4-78-3,longines,Master Collection,No,Steel,Sapphire,Round,L,Basic,Silver/White,Leaf-style,Arabic Numerals,8.268988209506656
https://watchbase.com/tudor/black-bay-54/79000n-0002,tudor,Black Bay 54,No,Steel,Sapphire,Round,M,Professional,Black,Proprietary,Stick / Dot,8.229777750081887
https://watchbase.com/tudor/black-bay-54/79000n-0001,tudor,Black Bay 54,No,Steel,Sapphire,Round,M,Professional,Black,Proprietary,Stick / Dot,8.286773231131251
https://watchbase.com/tudor/fastrider/42000cr-0001,tudor,Fastrider,No,Steel,Sapphire,Round,L,Standard,Black,Dauphine-style,Mixed,8.472405008626103
https://watchbase.com/tudor/fastrider/42000cn-0005,tudor,Fastrider,No,Steel,Sapphire,Round,L,Standard,Black,Dauphine-style,Mixed,8.472405008626103
https://watchbase.com/tudor/fastrider/42000cn-0018,tudor,Fastrider,No,Steel,Sapphire,Round,L,Standard,Black,Dauphine-style,Mixed,8.472405008626103
https://watchbase.com/tudor/fastrider/42000cr-0002,tudor,Fastrider,No,Steel,Sapphire,Round,L,Standard,Black,Dauphine-style,Mixed,8.472405008626103
https://watchbase.com/tudor/fastrider/42000cn-0016,tudor,Fastrider,No,Steel,Sapphire,Round,L,Standard,Black,Dauphine-style,Mixed,8.472405008626103
https://watchbase.com/tudor/fastrider/42000cn-0017,tudor,Fastrider,No,Steel,Sapphire,Round,L,Standard,Black,Dauphine-style,Mixed,8.472405008626103
https://watchbase.com/tudor/ranger/79910-0009,tudor,Ranger,No,Steel,Sapphire,Round,L,Standard,Black,Sword-style,Mixed,7.840312983320164
https://watchbase.com/tudor/black-bay-gmt/79833mn-0004,tudor,Black Bay GMT,No,Steel,Sapphire,Round,L,Standard,Black,Proprietary,Stick / Dot,8.464003362902119
https://watchbase.com/tudor/black-bay-gmt/79830rb-0012,tudor,Black Bay GMT,No,Steel,Sapphire,Round,L,Standard,Silver/White,Proprietary,Stick / Dot,8.323851131338817
https://watchbase.com/tudor/black-bay-gmt/79830rb-0003,tudor,Black Bay GMT,No,Steel,Sapphire,Round,L,Standard,Black,Proprietary,Stick / Dot,8.323851131338817
https://watchbase.com/tudor/black-bay-gmt/79833mn-0001,tudor,Black Bay GMT,No,Steel,Sapphire,Round,L,Standard,Black,Proprietary,Stick / Dot,8.74209519574531
https://watchbase.com/tudor/black-bay-gmt/79833mn-0003,tudor,Black Bay GMT,No,Steel,Sapphire,Round,L,Standard,Black,Proprietary,Stick / Dot,8.464003362902119
https://watchbase.com/tudor/black-bay-gmt/79830rb-0002,tudor,Black Bay GMT,No,Steel,Sapphire,Round,L,Standard,Black,Proprietary,Stick / Dot,8.284251797621916
https://watchbase.com/tudor/black-bay-gmt/79830rb-0010,tudor,Black Bay GMT,No,Steel,Sapphire,Round,L,Standard,Silver/White,Proprietary,Stick / Dot,8.400884069015854
https://watchbase.com/tudor/black-bay-gmt/79830rb-0001,tudor,Black Bay GMT,No,Steel,Sapphire,Round,L,Standard,Black,Proprietary,Stick / Dot,8.400884069015854
https://watchbase.com/tudor/ranger/79910-0012,tudor,Ranger,No,Steel,Sapphire,Round,L,Standard,Black,Sword-style,Mixed,7.840312983320164
https://watchbase.com/tudor/ranger/79910-0010,tudor,Ranger,No,Steel,Sapphire,Round,L,Standard,Black,Sword-style,Mixed,7.840312983320164
https://watchbase.com/tudor/ranger/79910-0013,tudor,Ranger,No,Steel,Sapphire,Round,L,Standard,Black,Sword-style,Mixed,7.840312983320164
https://watchbase.com/tudor/ranger/79950-0003,tudor,Ranger,No,Steel,Sapphire,Round,M,Standard,Black,Sword-style,Mixed,8.019941687677365
https://watchbase.com/tudor/ranger/79950-0002,tudor,Ranger,No,Steel,Sapphire,Round,M,Standard,Black,Sword-style,Mixed,8.019941687677365
https://watchbase.com/tudor/ranger/79910-0011,tudor,Ranger,No,Steel,Sapphire,Round,L,Standard,Black,Sword-style,Mixed,7.9483852851118995
https://watchbase.com/tudor/ranger/79950-0001,tudor,Ranger,No,Steel,Sapphire,Round,M,Standard,Black,Sword-style,Mixed,8.12296471523406
https://watchbase.com/tudor/black-bay-pro/79470-0003,tudor,Black Bay Pro,No,Steel,Sapphire,Round,M,Standard,Black,Proprietary,Stick / Dot,8.284251797621916
https://watchbase.com/tudor/black-bay-pro/79470-0002,tudor,Black Bay Pro,No,Steel,Sapphire,Round,M,Standard,Black,Proprietary,Stick / Dot,8.284251797621916
https://watchbase.com/tudor/black-bay-pro/m79470-0005,tudor,Black Bay Pro,No,Steel,Sapphire,Round,M,Standard,Silver/White,Proprietary,Stick / Dot,8.321421586897879
https://watchbase.com/tudor/black-bay-pro/m79470-0006,tudor,Black Bay Pro,No,Steel,Sapphire,Round,M,Standard,Silver/White,Proprietary,Stick / Dot,8.321421586897879
https://watchbase.com/tudor/black-bay-pro/79470-0001,tudor,Black Bay Pro,No,Steel,Sapphire,Round,M,Standard,Black,Proprietary,Stick / Dot,8.364275084991524
https://watchbase.com/tudor/black-bay-pro/m79470-0004,tudor,Black Bay Pro,No,Steel,Sapphire,Round,M,Standard,Silver/White,Proprietary,Stick / Dot,8.398634855292102
https://watchbase.com/tudor/heritage/70330n-0003,tudor,Heritage,No,Steel,Sapphire,Round,L,Standard,Black,Stick/Minimalist,Stick / Dot,8.373553741214627
https://watchbase.com/tudor/heritage/79620tc-0004,tudor,Heritage,No,Steel,Sapphire,Round,L,Standard,Grey/Brown,Stick/Minimalist,Stick / Dot,8.621733370690162
https://watchbase.com/tudor/heritage/79620tn-0005,tudor,Heritage,No,Steel,Sapphire,Round,L,Standard,Black,Stick/Minimalist,Stick / Dot,8.67265729404031
https://watchbase.com/tudor/heritage/79620tc-0006,tudor,Heritage,No,Steel,Sapphire,Round,L,Standard,Grey/Brown,Stick/Minimalist,Stick / Dot,8.639587799629844
https://watchbase.com/tudor/heritage/79620tn-0004,tudor,Heritage,No,Steel,Sapphire,Round,L,Standard,Black,Stick/Minimalist,Stick / Dot,8.621733370690162
https://watchbase.com/tudor/heritage/79620tn-0006,tudor,Heritage,No,Steel,Sapphire,Round,L,Standard,Black,Stick/Minimalist,Stick / Dot,8.639587799629844
https://watchbase.com/tudor/heritage/79620t-0009,tudor,Heritage,No,Steel,Sapphire,Round,L,Standard,Silver/White,Stick/Minimalist,Stick / Dot,8.621733370690162
https://watchbase.com/tudor/heritage/70330n-0004,tudor,Heritage,No,Steel,Sapphire,Round,L,Standard,Grey/Brown,Stick/Minimalist,Stick / Dot,8.373553741214627
https://watchbase.com/tudor/heritage/79620t-0011,tudor,Heritage,No,Steel,Sapphire,Round,L,Standard,Silver/White,Stick/Minimalist,Stick / Dot,8.639587799629844
https://watchbase.com/tudor/heritage/70330b-0004,tudor,Heritage,No,Steel,Sapphire,Round,L,Standard,Colorful,Stick/Minimalist,Stick / Dot,8.442685139241176
https://watchbase.com/tudor/heritage/70330b-0003,tudor,Heritage,No,Steel,Sapphire,Round,L,Standard,Colorful,Stick/Minimalist,Stick / Dot,8.373553741214627
https://watchbase.com/tudor/heritage/70330n-0006,tudor,Heritage,No,Steel,Sapphire,Round,L,Standard,Grey/Brown,Stick/Minimalist,Stick / Dot,8.442685139241176
https://watchbase.com/tudor/heritage/79620tc-0005,tudor,Heritage,No,Steel,Sapphire,Round,L,Standard,Grey/Brown,Stick/Minimalist,Stick / Dot,8.67265729404031
https://watchbase.com/tudor/heritage/79620t-0010,tudor,Heritage,No,Steel,Sapphire,Round,L,Standard,Silver/White,Stick/Minimalist,Stick / Dot,8.67265729404031
https://watchbase.com/tudor/heritage/70330n-0005,tudor,Heritage,No,Steel,Sapphire,Round,L,Standard,Black,Stick/Minimalist,Stick / Dot,8.442685139241176
https://watchbase.com/tudor/clair-de-rose/35500-0004,tudor,Clair de Rose,No,Steel,Sapphire,Round,XS,Standard,Silver/White,Dauphine-style,Mixed,8.105005537547246
https://watchbase.com/tudor/clair-de-rose/35800-0004,tudor,Clair de Rose,No,Steel,Sapphire,Round,S,Standard,Silver/White,Dauphine-style,Mixed,8.137688184977605
https://watchbase.com/tudor/clair-de-rose/35200-0004,tudor,Clair de Rose,No,Steel,Sapphire,Round,XS,Standard,Silver/White,Dauphine-style,Mixed,8.071218539969863
https://watchbase.com/tudor/clair-de-rose/35500-0010,tudor,Clair de Rose,No,Steel,Sapphire,Round,XS,Standard,Blue,Dauphine-style,Mixed,8.105005537547246
https://watchbase.com/tudor/clair-de-rose/35200-0010,tudor,Clair de Rose,No,Steel,Sapphire,Round,XS,Standard,Blue,Dauphine-style,Mixed,8.071218539969863
https://watchbase.com/tudor/clair-de-rose/35200-0009,tudor,Clair de Rose,No,Steel,Sapphire,Round,XS,Standard,Blue,Dauphine-style,Roman Numerals,7.844240718141811
https://watchbase.com/tudor/clair-de-rose/35500-0001,tudor,Clair de Rose,No,Steel,Sapphire,Round,XS,Standard,Silver/White,Dauphine-style,Roman Numerals,7.886457270977689
https://watchbase.com/tudor/clair-de-rose/35800-0010,tudor,Clair de Rose,No,Steel,Sapphire,Round,S,Standard,Blue,Dauphine-style,Mixed,8.137688184977605
https://watchbase.com/tudor/clair-de-rose/35800-0001,tudor,Clair de Rose,No,Steel,Sapphire,Round,S,Standard,Silver/White,Dauphine-style,Roman Numerals,7.9269635448629785
https://watchbase.com/tudor/clair-de-rose/35200-0001,tudor,Clair de Rose,No,Steel,Sapphire,Round,XS,Standard,Silver/White,Dauphine-style,Roman Numerals,7.844240718141811
https://watchbase.com/tudor/clair-de-rose/35500-0009,tudor,Clair de Rose,No,Steel,Sapphire,Round,XS,Standard,Blue,Dauphine-style,Roman Numerals,7.886457270977689
https://watchbase.com/tudor/clair-de-rose/35800-0009,tudor,Clair de Rose,No,Steel,Sapphire,Round,S,Standard,Blue,Dauphine-style,Roman Numerals,7.9269635448629785
https://watchbase.com/tudor/pelagos/m2542g257nu-0002,tudor,Pelagos,No,Steel,Sapphire,Round,L,Professional,Black,Proprietary,Stick / Dot,8.46611040118692
https://watchbase.com/tudor/pelagos/25717n-0001,tudor,Pelagos,No,Steel,Sapphire,Round,L,Professional,Black,Proprietary,Stick / Dot,8.350193650720067
https://watchbase.com/tudor/pelagos/25707b-21-0001,tudor,Pelagos,No,Steel,Sapphire,Round,L,Professional,Blue,Proprietary,Stick / Dot,8.210939733379021
https://watchbase.com/tudor/pelagos/25707b-23-0001,tudor,Pelagos,No,Steel,Sapphire,Round,L,Professional,Blue,Proprietary,Stick / Dot,8.350193650720067
https://watchbase.com/tudor/pelagos/25707b-22-0001,tudor,Pelagos,No,Steel,Sapphire,Round,L,Professional,Blue,Proprietary,Stick / Dot,8.210939733379021
https://watchbase.com/tudor/pelagos/25707kn-0001,tudor,Pelagos,No,Steel,Sapphire,Round,L,Professional,Blue,Proprietary,Stick / Dot,8.271548374755515
https://watchbase.com/tudor/pelagos/m2542g247nu-0002,tudor,Pelagos,No,Steel,Sapphire,Round,L,Professional,Black,Proprietary,Stick / Dot,8.464003362902119
https://watchbase.com/tudor/pelagos/25610tnl-0001,tudor,Pelagos,No,Steel,Sapphire,Round,L,Extreme,Black,Proprietary,Stick / Dot,8.537191877922927
https://watchbase.com/tudor/pelagos/25600tb-0001,tudor,Pelagos,No,Steel,Sapphire,Round,L,Extreme,Black,Proprietary,Stick / Dot,8.537191877922927
https://watchbase.com/tudor/pelagos/25707b-24-0001,tudor,Pelagos,No,Steel,Sapphire,Round,L,Professional,Blue,Proprietary,Stick / Dot,8.350193650720067
https://watchbase.com/tudor/pelagos/25407n-0001,tudor,Pelagos,No,Steel,Sapphire,Round,M,Professional,Black,Proprietary,Stick / Dot,8.472405008626103
https://watchbase.com/tudor/pelagos/25600tn-0001,tudor,Pelagos,No,Steel,Sapphire,Round,L,Extreme,Black,Proprietary,Stick / Dot,8.537191877922927
https://watchbase.com/tudor/pelagos/25807kn-0001,tudor,Pelagos,No,Steel,Sapphire,Round,L,Professional,Blue,Proprietary,Stick / Dot,8.592486175451668
https://watchbase.com/tudor/pelagos/m2543c1a7nu-0001,tudor,Pelagos,No,Steel,Sapphire,Round,L,Extreme,Black,Proprietary,Stick / Dot,8.704668113450987
https://watchbase.com/tudor/black-bay-chronograph/m79377kn-0001,tudor,Black Bay Chronograph,Yes,Steel,Sapphire,Round,L,Professional,Silver/White,Proprietary,Stick / Dot,8.932080438103307
https://watchbase.com/tudor/black-bay-chronograph/79363n-0002,tudor,Black Bay Chronograph,No,Steel,Sapphire,Round,L,Professional,Black,Proprietary,Stick / Dot,8.79346036105272
https://watchbase.com/tudor/black-bay-chronograph/79360n-0007,tudor,Black Bay Chronograph,No,Steel,Sapphire,Round,L,Professional,Black,Proprietary,Stick / Dot,8.58316818033977
https://watchbase.com/tudor/black-bay-chronograph/79363n-0008,tudor,Black Bay Chronograph,No,Steel,Sapphire,Round,L,Professional,Silver/White,Proprietary,Stick / Dot,8.79346036105272
https://watchbase.com/tudor/black-bay-chronograph/79350-0003,tudor,Black Bay Chronograph,No,Steel,Sapphire,Round,L,Professional,Black,Proprietary,Stick / Dot,8.440528106480752
https://watchbase.com/tudor/black-bay-chronograph/79363n-0003,tudor,Black Bay Chronograph,No,Steel,Sapphire,Round,L,Professional,Black,Proprietary,Stick / Dot,8.79346036105272
https://watchbase.com/tudor/black-bay-chronograph/79363n-0006,tudor,Black Bay Chronograph,No,Steel,Sapphire,Round,L,Professional,Silver/White,Proprietary,Stick / Dot,8.79346036105272
https://watchbase.com/tudor/black-bay-chronograph/79360n-0005,tudor,Black Bay Chronograph,No,Steel,Sapphire,Round,L,Professional,Black,Proprietary,Stick / Dot,8.58316818033977
https://watchbase.com/tudor/black-bay-chronograph/79363n-0007,tudor,Black Bay Chronograph,No,Steel,Sapphire,Round,L,Professional,Silver/White,Proprietary,Stick / Dot,9.000976444070345
https://watchbase.com/tudor/black-bay-chronograph/79350-0005,tudor,Black Bay Chronograph,No,Steel,Sapphire,Round,L,Professional,Black,Proprietary,Stick / Dot,8.440528106480752
https://watchbase.com/tudor/black-bay-chronograph/79360n-0006,tudor,Black Bay Chronograph,No,Steel,Sapphire,Round,L,Professional,Silver/White,Proprietary,Stick / Dot,8.58316818033977
https://watchbase.com/tudor/black-bay-chronograph/79360dk-0001,tudor,Black Bay Chronograph,Yes,Steel,Sapphire,Round,L,Professional,Black,Proprietary,Stick / Dot,8.630700432209832
https://watchbase.com/tudor/black-bay-chronograph/79360n-0001,tudor,Black Bay Chronograph,No,Steel,Sapphire,Round,L,Professional,Black,Proprietary,Stick / Dot,8.643120748014027
https://watchbase.com/tudor/black-bay-chronograph/79360n-0008,tudor,Black Bay Chronograph,No,Steel,Sapphire,Round,L,Professional,Silver/White,Proprietary,Stick / Dot,8.58316818033977
https://watchbase.com/tudor/black-bay-chronograph/79350-0004,tudor,Black Bay Chronograph,No,Steel,Sapphire,Round,L,Professional,Black,Proprietary,Stick / Dot,8.501267040865978
https://watchbase.com/tudor/black-bay-chronograph/79363n-0001,tudor,Black Bay Chronograph,No,Steel,Sapphire,Round,L,Professional,Black,Proprietary,Stick / Dot,9.000976444070345
https://watchbase.com/tudor/black-bay-chronograph/m79360n-0013,tudor,Black Bay Chronograph,No,Steel,Sapphire,Round,L,Professional,Black,Proprietary,Stick / Dot,8.698013622083925
https://watchbase.com/tudor/black-bay-chronograph/79360n-0002,tudor,Black Bay Chronograph,No,Steel,Sapphire,Round,L,Professional,Silver/White,Proprietary,Stick / Dot,8.643120748014027
https://watchbase.com/tudor/black-bay-chronograph/m79360n-0024,tudor,Black Bay Chronograph,No,Steel,Sapphire,Round,L,Professional,Other,Proprietary,Stick / Dot,8.707978826622321
https://watchbase.com/tudor/black-bay-chronograph/m79360n-0014,tudor,Black Bay Chronograph,No,Steel,Sapphire,Round,L,Professional,Black,Proprietary,Stick / Dot,8.698013622083925
https://watchbase.com/tudor/black-bay-58/79030b-0003,tudor,Black Bay 58,No,Steel,Sapphire,Round,M,Professional,Blue,Proprietary,Stick / Dot,8.227108234348146
https://watchbase.com/tudor/royal/28403-0004,tudor,Royal,No,Steel,Sapphire,Other,S,Standard,Silver/White,Stick/Minimalist,Roman Numerals,8.229777750081887
https://watchbase.com/tudor/royal/28500-0004,tudor,Royal,No,Steel,Sapphire,Other,M,Standard,Black,Stick/Minimalist,Mixed,8.105005537547246
https://watchbase.com/tudor/royal/28503-0001,tudor,Royal,No,Steel,Sapphire,Other,M,Standard,Silver/White,Stick/Minimalist,Roman Numerals,8.271548374755515
https://watchbase.com/tudor/royal/28503-0003,tudor,Royal,No,Steel,Sapphire,Other,M,Standard,Silver/White,Stick/Minimalist,Roman Numerals,8.271548374755515
https://watchbase.com/tudor/royal/28503-0005,tudor,Royal,No,Steel,Sapphire,Other,M,Standard,Silver/White,Stick/Minimalist,Mixed,8.449128460502108
https://watchbase.com/tudor/royal/28503-0006,tudor,Royal,No,Steel,Sapphire,Other,M,Standard,Black,Stick/Minimalist,Roman Numerals,8.271548374755515
https://watchbase.com/tudor/royal/28300-0008,tudor,Royal,No,Steel,Sapphire,Other,XS,Standard,Colorful,Stick/Minimalist,Roman Numerals,7.779466967458324
https://watchbase.com/tudor/royal/28303-0008,tudor,Royal,No,Steel,Sapphire,Other,XS,Standard,Grey/Brown,Stick/Minimalist,Roman Numerals,8.213652703029998
https://watchbase.com/tudor/royal/28603-0006,tudor,Royal,No,Steel,Sapphire,Other,L,Standard,Silver/White,Stick/Minimalist,Mixed,8.459775920546287
https://watchbase.com/tudor/royal/28603-0005,tudor,Royal,No,Steel,Sapphire,Other,L,Standard,Black,Stick/Minimalist,Mixed,8.459775920546287
https://watchbase.com/tudor/royal/28403-0005,tudor,Royal,No,Steel,Sapphire,Other,S,Standard,Black,Stick/Minimalist,Mixed,8.414274137408396
https://watchbase.com/tudor/royal/28403-0006,tudor,Royal,No,Steel,Sapphire,Other,S,Standard,Silver/White,Stick/Minimalist,Mixed,8.414274137408396
https://watchbase.com/tudor/royal/28403-0007,tudor,Royal,No,Synthetic,Sapphire,Other,S,Standard,Silver/White,Stick/Minimalist,Mixed,8.438366410870266
https://watchbase.com/tudor/royal/28400-0004,tudor,Royal,No,Steel,Sapphire,Other,S,Standard,Black,Stick/Minimalist,Mixed,8.071218539969863
https://watchbase.com/tudor/royal/28500-0002,tudor,Royal,No,Steel,Sapphire,Other,M,Standard,Silver/White,Stick/Minimalist,Mixed,8.105005537547246
https://watchbase.com/tudor/royal/28400-0002,tudor,Royal,No,Steel,Sapphire,Other,S,Standard,Silver/White,Stick/Minimalist,Mixed,8.071218539969863
https://watchbase.com/tudor/royal/28500-0007,tudor,Royal,No,Steel,Sapphire,Other,M,Standard,Colorful,Stick/Minimalist,Roman Numerals,7.844240718141811
https://watchbase.com/tudor/royal/28603-0002,tudor,Royal,No,Steel,Sapphire,Other,L,Standard,Silver/White,Stick/Minimalist,Mixed,8.459775920546287
https://watchbase.com/tudor/royal/28320-0001,tudor,Royal,No,Steel,Sapphire,Other,XS,Standard,Silver/White,Stick/Minimalist,Mixed,8.326274787396764
https://watchbase.com/tudor/royal/28323-0001,tudor,Royal,No,Synthetic,Sapphire,Other,XS,Standard,Silver/White,Stick/Minimalist,Mixed,8.639587799629844
https://watchbase.com/tudor/royal/28300-0006,tudor,Royal,No,Steel,Sapphire,Other,XS,Standard,Blue,Stick/Minimalist,Roman Numerals,7.779466967458324
https://watchbase.com/tudor/royal/28600-0002,tudor,Royal,No,Steel,Sapphire,Other,L,Standard,Silver/White,Stick/Minimalist,Mixed,8.119993827725105
https://watchbase.com/tudor/royal/28403-0002,tudor,Royal,No,Steel,Sapphire,Other,S,Standard,Silver/White,Stick/Minimalist,Mixed,8.414274137408396
https://watchbase.com/tudor/royal/28400-0001,tudor,Royal,No,Steel,Sapphire,Other,S,Standard,Silver/White,Stick/Minimalist,Roman Numerals,7.80016307039296
https://watchbase.com/tudor/royal/28400-0003,tudor,Royal,No,Steel,Sapphire,Other,S,Standard,Black,Stick/Minimalist,Roman Numerals,7.80016307039296
https://watchbase.com/tudor/royal/28403-0009,tudor,Royal,No,Steel,Sapphire,Other,S,Standard,Grey/Brown,Stick/Minimalist,Mixed,8.414274137408396
https://watchbase.com/tudor/royal/28403-0008,tudor,Royal,No,Steel,Sapphire,Other,S,Standard,Grey/Brown,Stick/Minimalist,Roman Numerals,8.229777750081887
https://watchbase.com/tudor/royal/28400-0006,tudor,Royal,No,Steel,Sapphire,Other,S,Standard,Blue,Stick/Minimalist,Roman Numerals,7.80016307039296
https://watchbase.com/tudor/royal/28400-0007,tudor,Royal,No,Steel,Sapphire,Other,S,Standard,Blue,Stick/Minimalist,Mixed,8.071218539969863
https://watchbase.com/tudor/royal/28603-0001,tudor,Royal,No,Steel,Sapphire,Other,L,Standard,Silver/White,Stick/Minimalist,Roman Numerals,8.284251797621916
https://watchbase.com/tudor/royal/28300-0001,tudor,Royal,No,Steel,Sapphire,Other,XS,Standard,Silver/White,Stick/Minimalist,Roman Numerals,7.779466967458324
https://watchbase.com/tudor/royal/28403-0001,tudor,Royal,No,Steel,Sapphire,Other,S,Standard,Silver/White,Stick/Minimalist,Roman Numerals,8.229777750081887
https://watchbase.com/tudor/royal/28603-0007,tudor,Royal,No,Steel,Sapphire,Other,L,Standard,Silver/White,Stick/Minimalist,Roman Numerals,8.284251797621916
https://watchbase.com/tudor/royal/28503-0007,tudor,Royal,No,Steel,Sapphire,Other,M,Standard,Grey/Brown,Stick/Minimalist,Roman Numerals,8.271548374755515
https://watchbase.com/tudor/royal/28603-0003,tudor,Royal,No,Steel,Sapphire,Other,L,Standard,Black,Stick/Minimalist,Roman Numerals,8.284251797621916
https://watchbase.com/tudor/royal/28303-0007,tudor,Royal,No,Synthetic,Sapphire,Other,XS,Standard,Silver/White,Stick/Minimalist,Mixed,8.4252971767117
https://watchbase.com/tudor/royal/28303-0003,tudor,Royal,No,Steel,Sapphire,Other,XS,Standard,Black,Stick/Minimalist,Roman Numerals,8.213652703029998
https://watchbase.com/tudor/royal/28600-0001,tudor,Royal,No,Steel,Sapphire,Other,L,Standard,Silver/White,Stick/Minimalist,Roman Numerals,7.8636512654486515
https://watchbase.com/tudor/royal/28600-0009,tudor,Royal,No,Steel,Sapphire,Other,L,Standard,Colorful,Stick/Minimalist,Roman Numerals,7.8636512654486515
https://watchbase.com/tudor/royal/28500-0006,tudor,Royal,No,Steel,Sapphire,Other,M,Standard,Blue,Stick/Minimalist,Mixed,8.105005537547246
https://watchbase.com/tudor/royal/28600-0004,tudor,Royal,No,Steel,Sapphire,Other,L,Standard,Black,Stick/Minimalist,Mixed,8.119993827725105
https://watchbase.com/tudor/royal/28403-0003,tudor,Royal,No,Steel,Sapphire,Other,S,Standard,Black,Stick/Minimalist,Roman Numerals,8.229777750081887
https://watchbase.com/tudor/royal/28600-0006,tudor,Royal,No,Steel,Sapphire,Other,L,Standard,Blue,Stick/Minimalist,Mixed,8.119993827725105
https://watchbase.com/tudor/royal/28500-0001,tudor,Royal,No,Steel,Sapphire,Other,M,Standard,Silver/White,Stick/Minimalist,Roman Numerals,7.844240718141811
https://watchbase.com/tudor/royal/28500-0003,tudor,Royal,No,Steel,Sapphire,Other,M,Standard,Black,Stick/Minimalist,Roman Numerals,7.844240718141811
https://watchbase.com/tudor/royal/28600-0003,tudor,Royal,No,Steel,Sapphire,Other,L,Standard,Black,Stick/Minimalist,Roman Numerals,7.8636512654486515
https://watchbase.com/tudor/royal/28603-0004,tudor,Royal,No,Steel,Sapphire,Other,L,Standard,Silver/White,Stick/Minimalist,Roman Numerals,8.284251797621916
https://watchbase.com/tudor/royal/28503-0004,tudor,Royal,No,Steel,Sapphire,Other,M,Standard,Black,Stick/Minimalist,Mixed,8.449128460502108
https://watchbase.com/tudor/royal/m28500-0005,tudor,Royal,No,Steel,Sapphire,Other,M,Standard,Blue,Stick/Minimalist,Roman Numerals,7.844240718141811
https://watchbase.com/tudor/royal/28600-0005,tudor,Royal,No,Steel,Sapphire,Other,L,Standard,Blue,Stick/Minimalist,Roman Numerals,7.8636512654486515
https://watchbase.com/tudor/black-bay-58/79030b-0002,tudor,Black Bay 58,No,Steel,Sapphire,Round,M,Professional,Blue,Proprietary,Stick / Dot,8.227108234348146
https://watchbase.com/tudor/black-bay-58/79030n-0003,tudor,Black Bay 58,No,Steel,Sapphire,Round,M,Professional,Black,Proprietary,Stick / Dot,8.227108234348146
https://watchbase.com/tudor/black-bay-58/m79018v-0006,tudor,Black Bay 58,No,Gold Variants,Sapphire,Round,M,Professional,Grey/Brown,Proprietary,Stick / Dot,10.389026137075234
https://watchbase.com/tudor/black-bay-58/79018v-0001,tudor,Black Bay 58,No,Gold Variants,Sapphire,Round,M,Professional,Grey/Brown,Proprietary,Stick / Dot,9.811975152030021
https://watchbase.com/tudor/black-bay-58/79030n-0002,tudor,Black Bay 58,No,Steel,Sapphire,Round,M,Professional,Black,Proprietary,Stick / Dot,8.227108234348146
https://watchbase.com/tudor/black-bay-58/79010sg-0001,tudor,Black Bay 58,No,Other,Sapphire,Round,M,Professional,Grey/Brown,Proprietary,Stick / Dot,8.459775920546287
https://watchbase.com/tudor/black-bay-58/7939g1a0nru-0002,tudor,Black Bay 58,No,Steel,Sapphire,Round,M,Professional,Black,Proprietary,Stick / Dot,8.400884069015854
https://watchbase.com/tudor/black-bay-58/79012m-0001,tudor,Black Bay 58,No,Bronze,Sapphire,Round,M,Professional,Grey/Brown,Proprietary,Mixed,8.50532301884575
https://watchbase.com/tudor/black-bay-58/m79030n-0025,tudor,Black Bay 58,Yes,Steel,Sapphire,Round,M,Professional,Blue,Proprietary,Stick / Dot,8.37816098272068
https://watchbase.com/tudor/black-bay-58/79010sg-0002,tudor,Black Bay 58,No,Other,Sapphire,Round,M,Professional,Grey/Brown,Proprietary,Stick / Dot,8.459775920546287
https://watchbase.com/tudor/black-bay-58/7939g1a0nru-0001,tudor,Black Bay 58,No,Steel,Sapphire,Round,M,Professional,Black,Proprietary,Stick / Dot,8.449128460502108
https://watchbase.com/tudor/black-bay-58/m7939a1a0ru-0003,tudor,Black Bay 58,No,Steel,Sapphire,Round,M,Professional,Colorful,Proprietary,Stick / Dot,8.373553741214627
https://watchbase.com/tudor/black-bay-58/79030n-0001,tudor,Black Bay 58,No,Steel,Sapphire,Round,M,Professional,Black,Proprietary,Stick / Dot,8.31164394850298
https://watchbase.com/tudor/black-bay-58/m7939a1a0ru-0002,tudor,Black Bay 58,No,Steel,Sapphire,Round,M,Professional,Colorful,Proprietary,Stick / Dot,8.423102268016642
https://watchbase.com/tudor/black-bay-58/79030b-0001,tudor,Black Bay 58,No,Steel,Sapphire,Round,M,Professional,Blue,Proprietary,Stick / Dot,8.31164394850298
https://watchbase.com/tudor/black-bay-58/m7939a1a0ru-0001,tudor,Black Bay 58,No,Steel,Sapphire,Round,M,Professional,Colorful,Proprietary,Stick / Dot,8.446985296372741
https://watchbase.com/tudor/classic/21013-0012,tudor,Classic,No,Steel,Sapphire,Round,M,Standard,Silver/White,Stick/Minimalist,Gem-Set Indexes,8.235095497258357
https://watchbase.com/tudor/classic/21013-0002,tudor,Classic,No,Steel,Sapphire,Round,M,Standard,Silver/White,Stick/Minimalist,Stick / Dot,8.033009498596668
https://watchbase.com/tudor/classic/21020-0005,tudor,Classic,No,Steel,Sapphire,Round,M,Standard,Silver/White,Stick/Minimalist,Gem-Set Indexes,8.689632748355741
https://watchbase.com/tudor/classic/21013-0006,tudor,Classic,No,Steel,Sapphire,Round,M,Standard,Silver/White,Stick/Minimalist,Gem-Set Indexes,8.235095497258357
https://watchbase.com/tudor/classic/21013-0009,tudor,Classic,No,Steel,Sapphire,Round,M,Standard,Silver/White,Stick/Minimalist,Gem-Set Indexes,8.235095497258357
https://watchbase.com/tudor/classic/21023-0002,tudor,Classic,No,Steel,Sapphire,Round,M,Standard,Silver/White,Stick/Minimalist,Gem-Set Indexes,8.82922635473185
https://watchbase.com/tudor/classic/21010-0011,tudor,Classic,No,Steel,Sapphire,Round,M,Standard,Blue,Stick/Minimalist,Gem-Set Indexes,8.000014093678072
https://watchbase.com/tudor/classic/21010-0005,tudor,Classic,No,Steel,Sapphire,Round,M,Standard,Blue,Stick/Minimalist,Stick / Dot,7.736743682453495
https://watchbase.com/tudor/classic/21013-0008,tudor,Classic,No,Steel,Sapphire,Round,M,Standard,Silver/White,Stick/Minimalist,Stick / Dot,8.033009498596668
https://watchbase.com/tudor/classic/21020-0003,tudor,Classic,No,Steel,Sapphire,Round,M,Standard,Silver/White,Stick/Minimalist,Gem-Set Indexes,8.689632748355741
https://watchbase.com/tudor/classic/21020-0002,tudor,Classic,No,Steel,Sapphire,Round,M,Standard,Silver/White,Stick/Minimalist,Stick / Dot,8.566173813637858
https://watchbase.com/tudor/classic/21020-0010,tudor,Classic,No,Steel,Sapphire,Round,M,Standard,Silver/White,Stick/Minimalist,Stick / Dot,8.566173813637858
https://watchbase.com/tudor/classic/21013-0011,tudor,Classic,No,Steel,Sapphire,Round,M,Standard,Silver/White,Stick/Minimalist,Stick / Dot,8.033009498596668
https://watchbase.com/tudor/classic/21023-0001,tudor,Classic,No,Steel,Sapphire,Round,M,Standard,Black,Stick/Minimalist,Stick / Dot,8.722742874329398
https://watchbase.com/tudor/classic/21023-0008,tudor,Classic,No,Steel,Sapphire,Round,M,Standard,Black,Stick/Minimalist,Gem-Set Indexes,8.82922635473185
https://watchbase.com/tudor/classic/21023-0011,tudor,Classic,No,Steel,Sapphire,Round,M,Standard,Silver/White,Stick/Minimalist,Stick / Dot,8.722742874329398
https://watchbase.com/tudor/classic/21023-0004,tudor,Classic,No,Steel,Sapphire,Round,M,Standard,Silver/White,Stick/Minimalist,Gem-Set Indexes,8.82922635473185
https://watchbase.com/tudor/classic/21023-0006,tudor,Classic,No,Steel,Sapphire,Round,M,Standard,Silver/White,Stick/Minimalist,Gem-Set Indexes,8.82922635473185
https://watchbase.com/tudor/classic/21020-0009,tudor,Classic,No,Steel,Sapphire,Round,M,Standard,Blue,Stick/Minimalist,Stick / Dot,8.566173813637858
https://watchbase.com/tudor/classic/21020-0007,tudor,Classic,No,Steel,Sapphire,Round,M,Standard,Black,Stick/Minimalist,Stick / Dot,8.566173813637858
https://watchbase.com/tudor/classic/21020-0008,tudor,Classic,No,Steel,Sapphire,Round,M,Standard,Black,Stick/Minimalist,Gem-Set Indexes,8.689632748355741
https://watchbase.com/tudor/classic/21010-0010,tudor,Classic,No,Steel,Sapphire,Round,M,Standard,Black,Stick/Minimalist,Gem-Set Indexes,8.000014093678072
https://watchbase.com/tudor/classic/21020-0001,tudor,Classic,No,Steel,Sapphire,Round,M,Standard,Silver/White,Stick/Minimalist,Gem-Set Indexes,8.689632748355741
https://watchbase.com/tudor/classic/21013-0007,tudor,Classic,No,Steel,Sapphire,Round,M,Standard,Silver/White,Stick/Minimalist,Gem-Set Indexes,8.235095497258357
https://watchbase.com/tudor/classic/21010-0012,tudor,Classic,No,Steel,Sapphire,Round,M,Standard,Silver/White,Stick/Minimalist,Gem-Set Indexes,8.000014093678072
https://watchbase.com/tudor/classic/21013-0005,tudor,Classic,No,Steel,Sapphire,Round,M,Standard,Black,Stick/Minimalist,Gem-Set Indexes,8.235095497258357
https://watchbase.com/tudor/classic/21010-0004,tudor,Classic,No,Steel,Sapphire,Round,M,Standard,Silver/White,Stick/Minimalist,Stick / Dot,7.736743682453495
https://watchbase.com/tudor/classic/21010-0014,tudor,Classic,No,Steel,Sapphire,Round,M,Standard,Silver/White,Stick/Minimalist,Stick / Dot,7.736743682453495
https://watchbase.com/tudor/classic/21023-0012,tudor,Classic,No,Steel,Sapphire,Round,M,Standard,Silver/White,Stick/Minimalist,Gem-Set Indexes,8.82922635473185
https://watchbase.com/tudor/classic/21023-0007,tudor,Classic,No,Steel,Sapphire,Round,M,Standard,Silver/White,Stick/Minimalist,Stick / Dot,8.722742874329398
https://watchbase.com/tudor/classic/21023-0005,tudor,Classic,No,Steel,Sapphire,Round,M,Standard,Silver/White,Stick/Minimalist,Stick / Dot,8.722742874329398
https://watchbase.com/tudor/classic/21010-0013,tudor,Classic,No,Steel,Sapphire,Round,M,Standard,Silver/White,Stick/Minimalist,Gem-Set Indexes,8.000014093678072
https://watchbase.com/tudor/classic/21010-0002,tudor,Classic,No,Steel,Sapphire,Round,M,Standard,Black,Stick/Minimalist,Stick / Dot,7.736743682453495
https://watchbase.com/tudor/classic/21010-0007,tudor,Classic,No,Steel,Sapphire,Round,M,Standard,Silver/White,Stick/Minimalist,Stick / Dot,7.736743682453495
https://watchbase.com/tudor/classic/21013-0010,tudor,Classic,No,Steel,Sapphire,Round,M,Standard,Silver/White,Stick/Minimalist,Gem-Set Indexes,8.235095497258357
https://watchbase.com/tudor/classic/21023-0009,tudor,Classic,No,Steel,Sapphire,Round,M,Standard,Silver/White,Stick/Minimalist,Stick / Dot,8.82922635473185
https://watchbase.com/tudor/1926/91650-0004,tudor,1926,No,Steel,Sapphire,Round,L,Standard,Black,Leaf-style,Mixed,7.9269635448629785
https://watchbase.com/tudor/1926/91351-0001,tudor,1926,No,Steel,Sapphire,Round,XS,Standard,Silver/White,Leaf-style,Mixed,8.105005537547246
https://watchbase.com/tudor/1926/91651-0009,tudor,1926,No,Steel,Sapphire,Round,L,Standard,Silver/White,Leaf-style,Mixed,8.152198015861787
https://watchbase.com/tudor/1926/91551-0006,tudor,1926,No,Steel,Sapphire,Round,M,Standard,Silver/White,Leaf-style,Mixed,8.03947991910045
https://watchbase.com/tudor/1926/91450-0011,tudor,1926,No,Steel,Sapphire,Round,M,Standard,Silver/White,Leaf-style,Mixed,7.635786861395585
https://watchbase.com/tudor/1926/91650-0006,tudor,1926,No,Steel,Sapphire,Round,L,Standard,Silver/White,Leaf-style,Mixed,7.630946580890459
https://watchbase.com/tudor/1926/91351-0009,tudor,1926,No,Steel,Sapphire,Round,XS,Standard,Silver/White,Leaf-style,Mixed,8.105005537547246
https://watchbase.com/tudor/1926/91350-0002,tudor,1926,No,Steel,Sapphire,Round,XS,Standard,Black,Leaf-style,Mixed,7.606387389772652
https://watchbase.com/tudor/1926/91350-0001,tudor,1926,No,Steel,Sapphire,Round,XS,Standard,Silver/White,Leaf-style,Mixed,7.606387389772652
https://watchbase.com/tudor/1926/91650-0003,tudor,1926,No,Steel,Sapphire,Round,L,Standard,Silver/White,Leaf-style,Mixed,7.9269635448629785
https://watchbase.com/tudor/1926/91651-0011,tudor,1926,No,Steel,Sapphire,Round,L,Standard,Silver/White,Leaf-style,Mixed,8.31164394850298
https://watchbase.com/tudor/1926/91651-0012,tudor,1926,No,Steel,Sapphire,Round,L,Standard,Silver/White,Leaf-style,Mixed,8.055475141757274
https://watchbase.com/tudor/1926/91450-0012,tudor,1926,No,Steel,Sapphire,Round,M,Standard,Silver/White,Leaf-style,Mixed,7.581209826196346
https://watchbase.com/tudor/1926/91450-0013,tudor,1926,No,Steel,Sapphire,Round,M,Standard,Silver/White,Leaf-style,Mixed,7.890208213109961
https://watchbase.com/tudor/1926/91650-0011,tudor,1926,No,Steel,Sapphire,Round,L,Standard,Silver/White,Leaf-style,Mixed,7.682943169878292
https://watchbase.com/tudor/1926/91351-0008,tudor,1926,No,Steel,Sapphire,Round,XS,Standard,Black,Leaf-style,Mixed,8.003363058629947
https://watchbase.com/tudor/1926/91351-0006,tudor,1926,No,Steel,Sapphire,Round,XS,Standard,Silver/White,Leaf-style,Mixed,8.003363058629947
https://watchbase.com/tudor/1926/91350-0010,tudor,1926,No,Steel,Sapphire,Round,XS,Standard,Silver/White,Leaf-style,Mixed,7.550135342488429
https://watchbase.com/tudor/1926/91450-0002,tudor,1926,No,Steel,Sapphire,Round,M,Standard,Black,Leaf-style,Mixed,7.635786861395585
https://watchbase.com/tudor/1926/91551-0003,tudor,1926,No,Steel,Sapphire,Round,M,Standard,Black,Leaf-style,Mixed,8.137688184977605
https://watchbase.com/tudor/1926/91551-0001,tudor,1926,No,Steel,Sapphire,Round,M,Standard,Silver/White,Leaf-style,Mixed,8.137688184977605
https://watchbase.com/tudor/1926/91551-0002,tudor,1926,No,Steel,Sapphire,Round,M,Standard,Silver/White,Leaf-style,Mixed,8.299285906897275
https://watchbase.com/tudor/1926/91550-0002,tudor,1926,No,Steel,Sapphire,Round,M,Standard,Black,Leaf-style,Mixed,7.659642954564682
https://watchbase.com/tudor/1926/91450-0008,tudor,1926,No,Steel,Sapphire,Round,M,Standard,Black,Leaf-style,Mixed,7.581209826196346
https://watchbase.com/tudor/1926/91450-0007,tudor,1926,No,Steel,Sapphire,Round,M,Standard,Silver/White,Leaf-style,Mixed,7.848153086199526
https://watchbase.com/tudor/1926/91451-0011,tudor,1926,No,Steel,Sapphire,Round,M,Standard,Silver/White,Leaf-style,Mixed,8.284251797621916
https://watchbase.com/tudor/1926/91650-0013,tudor,1926,No,Steel,Sapphire,Round,L,Standard,Silver/White,Leaf-style,Mixed,7.9269635448629785
https://watchbase.com/tudor/1926/91350-0013,tudor,1926,No,Steel,Sapphire,Round,XS,Standard,Silver/White,Leaf-style,Mixed,7.8674885686991285
https://watchbase.com/tudor/1926/91350-0011,tudor,1926,No,Steel,Sapphire,Round,XS,Standard,Silver/White,Leaf-style,Mixed,7.606387389772652
https://watchbase.com/tudor/1926/91451-0002,tudor,1926,No,Steel,Sapphire,Round,M,Standard,Silver/White,Leaf-style,Mixed,8.284251797621916
https://watchbase.com/tudor/1926/91450-0004,tudor,1926,No,Steel,Sapphire,Round,M,Standard,Black,Leaf-style,Mixed,7.890208213109961
https://watchbase.com/tudor/1926/91450-0001,tudor,1926,No,Steel,Sapphire,Round,M,Standard,Silver/White,Leaf-style,Mixed,7.635786861395585
https://watchbase.com/tudor/1926/91550-0003,tudor,1926,No,Steel,Sapphire,Round,M,Standard,Silver/White,Leaf-style,Mixed,7.908754738783246
https://watchbase.com/tudor/1926/91550-0010,tudor,1926,No,Steel,Sapphire,Round,M,Standard,Silver/White,Leaf-style,Mixed,7.606387389772652
https://watchbase.com/tudor/1926/91551-0012,tudor,1926,No,Steel,Sapphire,Round,M,Standard,Silver/White,Leaf-style,Mixed,8.03947991910045
https://watchbase.com/tudor/1926/91650-0012,tudor,1926,No,Steel,Sapphire,Round,L,Standard,Silver/White,Leaf-style,Mixed,7.630946580890459
https://watchbase.com/tudor/1926/91651-0004,tudor,1926,No,Steel,Sapphire,Round,L,Standard,Black,Leaf-style,Mixed,8.31164394850298
https://watchbase.com/tudor/1926/91350-0003,tudor,1926,No,Steel,Sapphire,Round,XS,Standard,Silver/White,Leaf-style,Mixed,7.8674885686991285
https://watchbase.com/tudor/1926/91450-0006,tudor,1926,No,Steel,Sapphire,Round,M,Standard,Silver/White,Leaf-style,Mixed,7.581209826196346
https://watchbase.com/tudor/1926/91650-0010,tudor,1926,No,Steel,Sapphire,Round,L,Standard,Silver/White,Leaf-style,Mixed,7.630946580890459
https://watchbase.com/tudor/1926/91450-0003,tudor,1926,No,Steel,Sapphire,Round,M,Standard,Silver/White,Leaf-style,Mixed,7.890208213109961
https://watchbase.com/tudor/1926/91650-0005,tudor,1926,No,Steel,Sapphire,Round,L,Standard,Silver/White,Leaf-style,Mixed,7.682943169878292
https://watchbase.com/tudor/1926/91650-0001,tudor,1926,No,Steel,Sapphire,Round,L,Standard,Silver/White,Leaf-style,Mixed,7.682943169878292
https://watchbase.com/tudor/1926/91550-0008,tudor,1926,No,Steel,Sapphire,Round,M,Standard,Black,Leaf-style,Mixed,7.606387389772652
https://watchbase.com/tudor/1926/91651-0002,tudor,1926,No,Steel,Sapphire,Round,L,Standard,Silver/White,Leaf-style,Mixed,8.31164394850298
https://watchbase.com/tudor/1926/91651-0001,tudor,1926,No,Steel,Sapphire,Round,L,Standard,Silver/White,Leaf-style,Mixed,8.152198015861787
https://watchbase.com/tudor/1926/91650-0002,tudor,1926,No,Steel,Sapphire,Round,L,Standard,Black,Leaf-style,Mixed,7.682943169878292
https://watchbase.com/tudor/1926/91450-0010,tudor,1926,No,Steel,Sapphire,Round,M,Standard,Silver/White,Leaf-style,Mixed,7.581209826196346
https://watchbase.com/tudor/1926/91550-0005,tudor,1926,No,Steel,Sapphire,Round,M,Standard,Silver/White,Leaf-style,Mixed,7.659642954564682
https://watchbase.com/tudor/1926/91450-0005,tudor,1926,No,Steel,Sapphire,Round,M,Standard,Silver/White,Leaf-style,Mixed,7.635786861395585
https://watchbase.com/tudor/black-bay/79250bm-0004,tudor,Black Bay,No,Steel,Sapphire,Round,L,Professional,Grey/Brown,Proprietary,Mixed,8.237743803890933
https://watchbase.com/tudor/black-bay-31-32-36-39-41/79640-0004,tudor,Black Bay 31-32-36-39-41,No,Steel,Sapphire,Round,M,Standard,Black,Proprietary,Gem-Set Indexes,8.484876589939695
https://watchbase.com/tudor/black-bay-31-32-36-39-41/79653-0007,tudor,Black Bay 31-32-36-39-41,No,Steel,Sapphire,Round,M,Standard,Silver/White,Proprietary,Gem-Set Indexes,9.074635189810808
https://watchbase.com/tudor/black-bay-31-32-36-39-41/79683-0006,tudor,Black Bay 31-32-36-39-41,No,Steel,Sapphire,Round,L,Standard,Black,Proprietary,Gem-Set Indexes,8.807022955925477
https://watchbase.com/tudor/black-bay-31-32-36-39-41/79663-0001,tudor,Black Bay 31-32-36-39-41,No,Steel,Sapphire,Round,M,Standard,Black,Proprietary,Stick / Dot,8.639587799629844
https://watchbase.com/tudor/black-bay-31-32-36-39-41/79663-0002,tudor,Black Bay 31-32-36-39-41,No,Steel,Sapphire,Round,M,Standard,Silver/White,Proprietary,Stick / Dot,8.639587799629844
https://watchbase.com/tudor/black-bay-31-32-36-39-41/79643-0005,tudor,Black Bay 31-32-36-39-41,No,Steel,Sapphire,Round,M,Standard,Silver/White,Proprietary,Stick / Dot,8.61993026886735
https://watchbase.com/tudor/black-bay-31-32-36-39-41/79683-0002,tudor,Black Bay 31-32-36-39-41,No,Steel,Sapphire,Round,L,Standard,Silver/White,Proprietary,Stick / Dot,8.667507952075105
https://watchbase.com/tudor/black-bay-31-32-36-39-41/79653-0004,tudor,Black Bay 31-32-36-39-41,No,Steel,Sapphire,Round,M,Standard,Silver/White,Proprietary,Gem-Set Indexes,8.845201135339584
https://watchbase.com/tudor/black-bay-31-32-36-39-41/79540-0013,tudor,Black Bay 31-32-36-39-41,No,Steel,Sapphire,Round,L,Standard,Silver/White,Proprietary,Stick / Dot,8.033009498596668
https://watchbase.com/tudor/black-bay-31-32-36-39-41/79583-0001,tudor,Black Bay 31-32-36-39-41,No,Steel,Sapphire,Round,S,Standard,Black,Proprietary,Stick / Dot,8.237743803890933
https://watchbase.com/tudor/black-bay-31-32-36-39-41/79583-0002,tudor,Black Bay 31-32-36-39-41,No,Steel,Sapphire,Round,S,Standard,Silver/White,Proprietary,Stick / Dot,8.237743803890933
https://watchbase.com/tudor/black-bay-31-32-36-39-41/79540-0009,tudor,Black Bay 31-32-36-39-41,No,Steel,Sapphire,Round,L,Standard,Black,Proprietary,Stick / Dot,8.033009498596668
https://watchbase.com/tudor/black-bay-31-32-36-39-41/79500-0010,tudor,Black Bay 31-32-36-39-41,No,Steel,Sapphire,Round,M,Standard,Black,Proprietary,Stick / Dot,7.9624156801210635
https://watchbase.com/tudor/black-bay-31-32-36-39-41/79500-0006,tudor,Black Bay 31-32-36-39-41,No,Steel,Sapphire,Round,M,Standard,Blue,Proprietary,Stick / Dot,7.9624156801210635
https://watchbase.com/tudor/black-bay-31-32-36-39-41/79640-0006,tudor,Black Bay 31-32-36-39-41,No,Steel,Sapphire,Round,M,Standard,Silver/White,Proprietary,Gem-Set Indexes,8.484876589939695
https://watchbase.com/tudor/black-bay-31-32-36-39-41/79613-0002,tudor,Black Bay 31-32-36-39-41,No,Steel,Sapphire,Round,S,Standard,Silver/White,Proprietary,Stick / Dot,8.738895704934043
https://watchbase.com/tudor/black-bay-31-32-36-39-41/79500-0015,tudor,Black Bay 31-32-36-39-41,No,Steel,Sapphire,Round,M,Standard,Silver/White,Proprietary,Stick / Dot,7.9624156801210635
https://watchbase.com/tudor/black-bay-31-32-36-39-41/79660-0004,tudor,Black Bay 31-32-36-39-41,No,Steel,Sapphire,Round,M,Standard,Black,Proprietary,Gem-Set Indexes,8.507344855361422
https://watchbase.com/tudor/black-bay-31-32-36-39-41/79540-0011,tudor,Black Bay 31-32-36-39-41,No,Steel,Sapphire,Round,L,Standard,Silver/White,Proprietary,Stick / Dot,8.128880142125638
https://watchbase.com/tudor/black-bay-31-32-36-39-41/79503-0002,tudor,Black Bay 31-32-36-39-41,No,Steel,Sapphire,Round,M,Standard,Silver/White,Proprietary,Stick / Dot,8.263848131368906
https://watchbase.com/tudor/black-bay-31-32-36-39-41/79500-0005,tudor,Black Bay 31-32-36-39-41,No,Steel,Sapphire,Round,M,Standard,Blue,Proprietary,Stick / Dot,7.9624156801210635
https://watchbase.com/tudor/black-bay-31-32-36-39-41/79500-0008,tudor,Black Bay 31-32-36-39-41,No,Steel,Sapphire,Round,M,Standard,Black,Proprietary,Stick / Dot,7.9624156801210635
https://watchbase.com/tudor/black-bay-31-32-36-39-41/79680-0002,tudor,Black Bay 31-32-36-39-41,No,Steel,Sapphire,Round,L,Standard,Blue,Proprietary,Stick / Dot,8.338305731356565
https://watchbase.com/tudor/black-bay-31-32-36-39-41/79663-0006,tudor,Black Bay 31-32-36-39-41,No,Steel,Sapphire,Round,M,Standard,Black,Proprietary,Gem-Set Indexes,8.782783017393202
https://watchbase.com/tudor/black-bay-31-32-36-39-41/79580-0009,tudor,Black Bay 31-32-36-39-41,No,Steel,Sapphire,Round,S,Standard,Silver/White,Proprietary,Stick / Dot,7.923348211930154
https://watchbase.com/tudor/black-bay-31-32-36-39-41/79540-0005,tudor,Black Bay 31-32-36-39-41,No,Steel,Sapphire,Round,L,Standard,Blue,Proprietary,Stick / Dot,8.033009498596668
https://watchbase.com/tudor/black-bay-31-32-36-39-41/79600-0002,tudor,Black Bay 31-32-36-39-41,No,Steel,Sapphire,Round,S,Standard,Blue,Proprietary,Stick / Dot,8.258681496264236
https://watchbase.com/tudor/black-bay-31-32-36-39-41/79580-0003,tudor,Black Bay 31-32-36-39-41,No,Steel,Sapphire,Round,S,Standard,Blue,Proprietary,Stick / Dot,8.029758520440822
https://watchbase.com/tudor/black-bay-31-32-36-39-41/79600-0001,tudor,Black Bay 31-32-36-39-41,No,Steel,Sapphire,Round,S,Standard,Black,Proprietary,Stick / Dot,8.258681496264236
https://watchbase.com/tudor/black-bay-31-32-36-39-41/79540-0006,tudor,Black Bay 31-32-36-39-41,No,Steel,Sapphire,Round,L,Standard,Black,Proprietary,Stick / Dot,8.128880142125638
https://watchbase.com/tudor/black-bay-31-32-36-39-41/79640-0002,tudor,Black Bay 31-32-36-39-41,No,Steel,Sapphire,Round,M,Standard,Blue,Proprietary,Stick / Dot,8.286773231131251
https://watchbase.com/tudor/black-bay-31-32-36-39-41/79540-0010,tudor,Black Bay 31-32-36-39-41,No,Steel,Sapphire,Round,L,Standard,Blue,Proprietary,Stick / Dot,8.033009498596668
https://watchbase.com/tudor/black-bay-31-32-36-39-41/79543-0002,tudor,Black Bay 31-32-36-39-41,No,Steel,Sapphire,Round,L,Standard,Silver/White,Proprietary,Stick / Dot,8.289288323000317
https://watchbase.com/tudor/black-bay-31-32-36-39-41/79660-0001,tudor,Black Bay 31-32-36-39-41,No,Steel,Sapphire,Round,M,Standard,Black,Proprietary,Stick / Dot,8.314097335405807
https://watchbase.com/tudor/black-bay-31-32-36-39-41/79580-0001,tudor,Black Bay 31-32-36-39-41,No,Steel,Sapphire,Round,S,Standard,Black,Proprietary,Stick / Dot,8.029758520440822
https://watchbase.com/tudor/black-bay-31-32-36-39-41/79503-0001,tudor,Black Bay 31-32-36-39-41,No,Steel,Sapphire,Round,M,Standard,Black,Proprietary,Stick / Dot,8.263848131368906
https://watchbase.com/tudor/black-bay-31-32-36-39-41/79500-0004,tudor,Black Bay 31-32-36-39-41,No,Steel,Sapphire,Round,M,Standard,Blue,Proprietary,Stick / Dot,8.064950891749143
https://watchbase.com/tudor/black-bay-31-32-36-39-41/79640-0001,tudor,Black Bay 31-32-36-39-41,No,Steel,Sapphire,Round,M,Standard,Black,Proprietary,Stick / Dot,8.286773231131251
https://watchbase.com/tudor/black-bay-31-32-36-39-41/79500-0013,tudor,Black Bay 31-32-36-39-41,No,Steel,Sapphire,Round,M,Standard,Silver/White,Proprietary,Stick / Dot,8.064950891749143
https://watchbase.com/tudor/black-bay-31-32-36-39-41/79540-0004,tudor,Black Bay 31-32-36-39-41,No,Steel,Sapphire,Round,L,Standard,Blue,Proprietary,Stick / Dot,8.128880142125638
https://watchbase.com/tudor/black-bay-31-32-36-39-41/79660-0002,tudor,Black Bay 31-32-36-39-41,No,Steel,Sapphire,Round,M,Standard,Blue,Proprietary,Stick / Dot,8.314097335405807
https://watchbase.com/tudor/black-bay-31-32-36-39-41/79543-0001,tudor,Black Bay 31-32-36-39-41,No,Steel,Sapphire,Round,L,Standard,Black,Proprietary,Stick / Dot,8.289288323000317
https://watchbase.com/tudor/black-bay-31-32-36-39-41/79540-0012,tudor,Black Bay 31-32-36-39-41,No,Steel,Sapphire,Round,L,Standard,Silver/White,Proprietary,Stick / Dot,8.033009498596668
https://watchbase.com/tudor/black-bay-31-32-36-39-41/79680-0001,tudor,Black Bay 31-32-36-39-41,No,Steel,Sapphire,Round,L,Standard,Black,Proprietary,Stick / Dot,8.338305731356565
https://watchbase.com/tudor/black-bay-31-32-36-39-41/79540-0007,tudor,Black Bay 31-32-36-39-41,No,Steel,Sapphire,Round,L,Standard,Black,Proprietary,Stick / Dot,8.033009498596668
https://watchbase.com/tudor/black-bay-31-32-36-39-41/79500-0007,tudor,Black Bay 31-32-36-39-41,No,Steel,Sapphire,Round,M,Standard,Black,Proprietary,Stick / Dot,8.064950891749143
https://watchbase.com/tudor/black-bay/79733n-0005,tudor,Black Bay,No,Steel,Sapphire,Round,L,Standard,Black,Proprietary,Stick / Dot,8.420902531097951
https://watchbase.com/tudor/black-bay/79730-0004,tudor,Black Bay,No,Steel,Sapphire,Round,L,Standard,Black,Proprietary,Stick / Dot,8.15507488781144
https://watchbase.com/tudor/black-bay/79230n-0005,tudor,Black Bay,No,Steel,Sapphire,Round,L,Standard,Black,Proprietary,Stick / Dot,8.25608813381491
https://watchbase.com/tudor/black-bay/79250bm-0005,tudor,Black Bay,No,Steel,Sapphire,Round,L,Professional,Grey/Brown,Proprietary,Mixed,8.237743803890933
https://watchbase.com/tudor/black-bay/79230r-0009,tudor,Black Bay,No,Steel,Sapphire,Round,L,Standard,Black,Proprietary,Stick / Dot,8.216358332386156
https://watchbase.com/tudor/black-bay/79230g-0001,tudor,Black Bay,No,Steel,Sapphire,Round,L,Standard,Black,Proprietary,Stick / Dot,8.296795865770052
https://watchbase.com/tudor/black-bay/7941a1a0ru-0001,tudor,Black Bay,No,Steel,Sapphire,Round,L,Professional,Black,Proprietary,Stick / Dot,8.414274137408396
https://watchbase.com/tudor/black-bay/79230b-0007,tudor,Black Bay,No,Steel,Sapphire,Round,L,Standard,Black,Proprietary,Stick / Dot,8.25608813381491
https://watchbase.com/tudor/black-bay/79230n-0008,tudor,Black Bay,No,Steel,Sapphire,Round,L,Standard,Black,Proprietary,Stick / Dot,8.25608813381491
https://watchbase.com/tudor/black-bay/79250ba-0002,tudor,Black Bay,No,Steel,Sapphire,Round,L,Professional,Grey/Brown,Proprietary,Mixed,8.420902531097951
https://watchbase.com/tudor/black-bay/79230b-0008,tudor,Black Bay,No,Steel,Sapphire,Round,L,Standard,Black,Proprietary,Stick / Dot,8.338305731356565
https://watchbase.com/tudor/black-bay/79230r-0011,tudor,Black Bay,No,Steel,Sapphire,Round,L,Standard,Black,Proprietary,Stick / Dot,8.216358332386156
https://watchbase.com/tudor/black-bay/7941a1a0nu-0001,tudor,Black Bay,No,Steel,Sapphire,Round,L,Professional,Black,Proprietary,Stick / Dot,8.414274137408396
https://watchbase.com/tudor/black-bay/m79210cnu-0001,tudor,Black Bay,No,Steel,Sapphire,Round,L,Professional,Black,Proprietary,Stick / Dot,8.556606193773073
https://watchbase.com/tudor/black-bay/79230r-0012,tudor,Black Bay,No,Steel,Sapphire,Round,L,Standard,Black,Proprietary,Stick / Dot,8.296795865770052
https://watchbase.com/tudor/black-bay/79730-0006,tudor,Black Bay,No,Steel,Sapphire,Round,L,Standard,Black,Proprietary,Stick / Dot,8.235095497258357
https://watchbase.com/tudor/black-bay/m79210cnu-0007,tudor,Black Bay,No,Steel,Sapphire,Round,L,Professional,Blue,Proprietary,Stick / Dot,8.556606193773073
https://watchbase.com/tudor/black-bay/79250ba-0001,tudor,Black Bay,No,Steel,Sapphire,Round,L,Professional,Grey/Brown,Proprietary,Mixed,8.420902531097951
https://watchbase.com/tudor/black-bay/79230n-0009,tudor,Black Bay,No,Steel,Sapphire,Round,L,Standard,Black,Proprietary,Stick / Dot,8.338305731356565
https://watchbase.com/tudor/black-bay/79250bm-0003,tudor,Black Bay,No,Steel,Sapphire,Round,L,Professional,Grey/Brown,Proprietary,Mixed,8.237743803890933
https://watchbase.com/tudor/black-bay/70150-0001,tudor,Black Bay,No,Steel,Sapphire,Round,L,Standard,Black,Proprietary,Stick / Dot,8.38958706681109
https://watchbase.com/tudor/black-bay/7941a1a0nu-0003,tudor,Black Bay,No,Steel,Sapphire,Round,L,Professional,Black,Proprietary,Stick / Dot,8.438366410870266
https://watchbase.com/tudor/black-bay/79230dk-0007,tudor,Black Bay,No,Steel,Sapphire,Round,L,Professional,Black,Proprietary,Stick / Dot,8.314097335405807
https://watchbase.com/tudor/black-bay/79250bb-0001,tudor,Black Bay,No,Steel,Sapphire,Round,L,Professional,Blue,Proprietary,Mixed,8.385032287813898
https://watchbase.com/tudor/black-bay/79250bm-0001,tudor,Black Bay,No,Steel,Sapphire,Round,L,Professional,Grey/Brown,Proprietary,Mixed,8.229777750081887
https://watchbase.com/tudor/black-bay/7941a1a0ru-0003,tudor,Black Bay,No,Steel,Sapphire,Round,L,Professional,Black,Proprietary,Stick / Dot,8.438366410870266
https://watchbase.com/tudor/glamour/57100-0020,tudor,Glamour,No,Steel,Sapphire,Round,L,Standard,Silver/White,Stick/Minimalist,Gem-Set Indexes,8.361941906144946
https://watchbase.com/tudor/glamour/55000-0050,tudor,Glamour,No,Steel,Sapphire,Round,M,Standard,Silver/White,Leaf-style,Stick / Dot,7.824445930877619
https://watchbase.com/tudor/glamour/55020-0058,tudor,Glamour,No,Steel,Sapphire,Round,M,Standard,Silver/White,Leaf-style,Gem-Set Indexes,8.724369949208368
https://watchbase.com/tudor/glamour/55020-0004,tudor,Glamour,No,Steel,Sapphire,Round,M,Standard,Silver/White,Stick/Minimalist,Stick / Dot,8.636042325254618
https://watchbase.com/tudor/glamour/55020-0053,tudor,Glamour,No,Steel,Sapphire,Round,M,Standard,Black,Leaf-style,Gem-Set Indexes,8.724369949208368
https://watchbase.com/tudor/glamour/55000-0005,tudor,Glamour,No,Steel,Sapphire,Round,M,Standard,Silver/White,Stick/Minimalist,Stick / Dot,7.941295570906532
https://watchbase.com/tudor/glamour/51003-0008,tudor,Glamour,No,Steel,Sapphire,Round,XS,Standard,Black,Stick/Minimalist,Stick / Dot,8.080546965824498
https://watchbase.com/tudor/glamour/53003-0004,tudor,Glamour,No,Steel,Sapphire,Round,S,Standard,Silver/White,Stick/Minimalist,Gem-Set Indexes,8.335911094196945
https://watchbase.com/tudor/glamour/55003-0037,tudor,Glamour,No,Steel,Sapphire,Round,M,Standard,Black,Leaf-style,Gem-Set Indexes,8.172164452111904
https://watchbase.com/tudor/glamour/55003-0004,tudor,Glamour,No,Steel,Sapphire,Round,M,Standard,Silver/White,Stick/Minimalist,Gem-Set Indexes,8.407601514786142
https://watchbase.com/tudor/glamour/56000-0008,tudor,Glamour,No,Steel,Sapphire,Round,M,Standard,Black,Stick/Minimalist,Gem-Set Indexes,8.216358332386156
https://watchbase.com/tudor/glamour/56003-0024,tudor,Glamour,No,Steel,Sapphire,Round,M,Standard,Silver/White,Leaf-style,Stick / Dot,7.979681302387741
https://watchbase.com/tudor/glamour/57103-0005,tudor,Glamour,No,Steel,Sapphire,Round,L,Standard,Silver/White,Stick/Minimalist,Gem-Set Indexes,8.627123250788433
https://watchbase.com/tudor/glamour/57103-0003,tudor,Glamour,No,Steel,Sapphire,Round,L,Standard,Silver/White,Stick/Minimalist,Stick / Dot,8.46611040118692
https://watchbase.com/tudor/glamour/57100-0019,tudor,Glamour,No,Steel,Sapphire,Round,L,Standard,Black,Stick/Minimalist,Gem-Set Indexes,8.361941906144946
https://watchbase.com/tudor/glamour/55003-0029,tudor,Glamour,No,Steel,Sapphire,Round,M,Standard,Black,Leaf-style,Stick / Dot,7.905072849498666
https://watchbase.com/tudor/glamour/57103-0001,tudor,Glamour,No,Steel,Sapphire,Round,L,Standard,Silver/White,Stick/Minimalist,Stick / Dot,8.46611040118692
https://watchbase.com/tudor/glamour/53020-0086,tudor,Glamour,No,Steel,Sapphire,Round,S,Standard,Silver/White,Leaf-style,Gem-Set Indexes,8.612685172875459
https://watchbase.com/tudor/glamour/56003-0112,tudor,Glamour,No,Steel,Sapphire,Round,M,Standard,Silver/White,Stick/Minimalist,Stick / Dot,8.271548374755515
https://watchbase.com/tudor/glamour/57100-0004,tudor,Glamour,No,Steel,Sapphire,Round,L,Standard,Black,Stick/Minimalist,Gem-Set Indexes,8.407601514786142
https://watchbase.com/tudor/glamour/53003-0006,tudor,Glamour,No,Steel,Sapphire,Round,S,Standard,Silver/White,Stick/Minimalist,Gem-Set Indexes,8.335911094196945
https://watchbase.com/tudor/glamour/55023-0022,tudor,Glamour,No,Steel,Sapphire,Round,M,Standard,Black,Stick/Minimalist,Gem-Set Indexes,8.928110078202646
https://watchbase.com/tudor/glamour/56000-0004,tudor,Glamour,No,Steel,Sapphire,Round,M,Standard,Silver/White,Stick/Minimalist,Gem-Set Indexes,8.216358332386156
https://watchbase.com/tudor/glamour/57100-0005,tudor,Glamour,No,Steel,Sapphire,Round,L,Standard,Silver/White,Stick/Minimalist,Gem-Set Indexes,8.407601514786142
https://watchbase.com/tudor/glamour/51000-0005,tudor,Glamour,No,Steel,Sapphire,Round,XS,Standard,Silver/White,Stick/Minimalist,Stick / Dot,7.886457270977689
https://watchbase.com/tudor/glamour/55000-0007,tudor,Glamour,No,Steel,Sapphire,Round,M,Standard,Black,Stick/Minimalist,Stick / Dot,7.941295570906532
https://watchbase.com/tudor/glamour/55003-0008,tudor,Glamour,No,Steel,Sapphire,Round,M,Standard,Black,Stick/Minimalist,Gem-Set Indexes,8.407601514786142
https://watchbase.com/tudor/glamour/56000-0006,tudor,Glamour,No,Steel,Sapphire,Round,M,Standard,Silver/White,Stick/Minimalist,Gem-Set Indexes,8.216358332386156
https://watchbase.com/tudor/glamour/57103-0022,tudor,Glamour,No,Steel,Sapphire,Round,L,Standard,Black,Stick/Minimalist,Stick / Dot,8.45553053102413
https://watchbase.com/tudor/glamour/57100-0017,tudor,Glamour,No,Steel,Sapphire,Round,L,Standard,Silver/White,Stick/Minimalist,Stick / Dot,8.146419323098003
https://watchbase.com/tudor/glamour/55020-0001,tudor,Glamour,No,Steel,Sapphire,Round,M,Standard,Silver/White,Stick/Minimalist,Gem-Set Indexes,8.773539383558166
https://watchbase.com/tudor/glamour/56000-0007,tudor,Glamour,No,Steel,Sapphire,Round,M,Standard,Black,Stick/Minimalist,Stick / Dot,7.9624156801210635
https://watchbase.com/tudor/glamour/55000-0003,tudor,Glamour,No,Steel,Sapphire,Round,M,Standard,Silver/White,Stick/Minimalist,Stick / Dot,7.941295570906532
https://watchbase.com/tudor/glamour/57103-0019,tudor,Glamour,No,Steel,Sapphire,Round,L,Standard,Silver/White,Stick/Minimalist,Stick / Dot,8.261268150577648
https://watchbase.com/tudor/glamour/57103-0024,tudor,Glamour,No,Steel,Sapphire,Round,L,Standard,Silver/White,Stick/Minimalist,Gem-Set Indexes,8.45553053102413
https://watchbase.com/tudor/glamour/57103-0006,tudor,Glamour,No,Steel,Sapphire,Round,L,Standard,Silver/White,Stick/Minimalist,Gem-Set Indexes,8.627123250788433
https://watchbase.com/tudor/glamour/51000-0029,tudor,Glamour,No,Steel,Sapphire,Round,XS,Standard,Silver/White,Leaf-style,Stick / Dot,7.762596048540069
https://watchbase.com/tudor/glamour/56000-0003,tudor,Glamour,No,Steel,Sapphire,Round,M,Standard,Silver/White,Stick/Minimalist,Stick / Dot,7.9624156801210635
https://watchbase.com/tudor/glamour/57103-0002,tudor,Glamour,No,Steel,Sapphire,Round,L,Standard,Black,Stick/Minimalist,Stick / Dot,8.46611040118692
https://watchbase.com/tudor/glamour/57100-0003,tudor,Glamour,No,Steel,Sapphire,Round,L,Standard,Black,Stick/Minimalist,Stick / Dot,8.202756381655638
https://watchbase.com/tudor/glamour/57100-0002,tudor,Glamour,No,Steel,Sapphire,Round,L,Standard,Silver/White,Stick/Minimalist,Stick / Dot,8.202756381655638
https://watchbase.com/tudor/glamour/56003-0007,tudor,Glamour,No,Steel,Sapphire,Round,M,Standard,Black,Stick/Minimalist,Stick / Dot,8.271548374755515
https://watchbase.com/tudor/glamour/57103-0020,tudor,Glamour,No,Steel,Sapphire,Round,L,Standard,Black,Stick/Minimalist,Stick / Dot,8.261268150577648
https://watchbase.com/tudor/glamour/57100-0001,tudor,Glamour,No,Steel,Sapphire,Round,L,Standard,Silver/White,Stick/Minimalist,Stick / Dot,8.202756381655638
https://watchbase.com/tudor/glamour/57103-0004,tudor,Glamour,No,Steel,Sapphire,Round,L,Standard,Black,Stick/Minimalist,Stick / Dot,8.627123250788433
https://watchbase.com/tudor/glamour/55000-0042,tudor,Glamour,No,Steel,Sapphire,Round,M,Standard,Silver/White,Stick/Minimalist,Stick / Dot,7.824445930877619
https://watchbase.com/tudor/glamour/56003-0008,tudor,Glamour,No,Steel,Sapphire,Round,M,Standard,Black,Stick/Minimalist,Gem-Set Indexes,8.464003362902119
https://watchbase.com/tudor/glamour/57100-0016,tudor,Glamour,No,Steel,Sapphire,Round,L,Standard,Silver/White,Stick/Minimalist,Stick / Dot,8.146419323098003
https://watchbase.com/tudor/glamour/56000-0023,tudor,Glamour,No,Steel,Sapphire,Round,M,Standard,Black,Leaf-style,Stick / Dot,7.848153086199526
https://watchbase.com/tudor/glamour/57100-0018,tudor,Glamour,No,Steel,Sapphire,Round,L,Standard,Black,Stick/Minimalist,Stick / Dot,8.146419323098003
https://watchbase.com/tudor/style/12703-0002,tudor,Style,No,Steel,Sapphire,Round,L,Standard,Silver/White,Dauphine-style,Stick / Dot,8.0959035329611
https://watchbase.com/tag-heuer/professional-sports-watch/wae1113-ft6004,tag heuer,Professional Sports Watch,No,Steel,Sapphire,Square,L,Basic,Black,Stick/Minimalist,Stick / Dot,7.696667081526462
https://watchbase.com/tudor/style/12713-0013,tudor,Style,No,Steel,Sapphire,Round,L,Standard,Colorful,Stick/Minimalist,Stick / Dot,8.125926802707886
https://watchbase.com/tudor/style/12100-0001,tudor,Style,No,Steel,Sapphire,Round,XS,Standard,Silver/White,Dauphine-style,Stick / Dot,7.669028288589683
https://watchbase.com/tudor/style/12300-0001,tudor,Style,No,Steel,Sapphire,Round,S,Standard,Silver/White,Dauphine-style,Stick / Dot,7.714677473800927
https://watchbase.com/tudor/style/12300-0019,tudor,Style,No,Steel,Sapphire,Round,S,Standard,Silver/White,Dauphine-style,Mixed,7.840312983320164
https://watchbase.com/tudor/style/12500-0015,tudor,Style,No,Steel,Sapphire,Round,M,Standard,Colorful,Dauphine-style,Mixed,7.878912912297132
https://watchbase.com/tudor/style/12700-0001,tudor,Style,No,Steel,Sapphire,Round,L,Standard,Silver/White,Dauphine-style,Stick / Dot,7.80016307039296
https://watchbase.com/tudor/style/12710-0003,tudor,Style,No,Steel,Sapphire,Round,L,Standard,Black,Stick/Minimalist,Stick / Dot,7.840312983320164
https://watchbase.com/tudor/style/12710-0009,tudor,Style,No,Steel,Sapphire,Round,L,Standard,Black,Stick/Minimalist,Mixed,7.951911381854188
https://watchbase.com/tudor/style/12710-0019,tudor,Style,No,Steel,Sapphire,Round,L,Standard,Colorful,Stick/Minimalist,Mixed,7.951911381854188
https://watchbase.com/tudor/style/12710-0013,tudor,Style,No,Steel,Sapphire,Round,L,Standard,Blue,Stick/Minimalist,Stick / Dot,7.840312983320164
https://watchbase.com/tudor/style/12103-0006,tudor,Style,No,Steel,Sapphire,Round,XS,Standard,Black,Dauphine-style,Mixed,8.049107721326406
https://watchbase.com/tudor/style/12513-0001,tudor,Style,No,Steel,Sapphire,Round,M,Standard,Silver/White,Stick/Minimalist,Stick / Dot,8.080546965824498
https://watchbase.com/tudor/style/12310-0017,tudor,Style,No,Steel,Sapphire,Round,S,Standard,Blue,Stick/Minimalist,Mixed,7.878912912297132
https://watchbase.com/tudor/style/12310-0003,tudor,Style,No,Steel,Sapphire,Round,S,Standard,Black,Stick/Minimalist,Stick / Dot,7.75833346749091
https://watchbase.com/tudor/style/12500-0011,tudor,Style,No,Steel,Sapphire,Round,M,Standard,Colorful,Dauphine-style,Stick / Dot,7.75833346749091
https://watchbase.com/tudor/style/12500-0013,tudor,Style,No,Steel,Sapphire,Round,M,Standard,Blue,Stick/Minimalist,Mixed,7.878912912297132
https://watchbase.com/tudor/style/12710-0017,tudor,Style,No,Steel,Sapphire,Round,L,Standard,Blue,Stick/Minimalist,Mixed,7.951911381854188
https://watchbase.com/tudor/style/12313-0007,tudor,Style,No,Steel,Sapphire,Round,S,Standard,Silver/White,Stick/Minimalist,Mixed,8.125926802707886
https://watchbase.com/tudor/style/m12503-0001,tudor,Style,No,Steel,Sapphire,Round,M,Standard,Silver/White,Dauphine-style,Stick / Dot,8.049107721326406
https://watchbase.com/tudor/style/12513-0009,tudor,Style,No,Steel,Sapphire,Round,M,Standard,Silver/White,Stick/Minimalist,Mixed,8.169336395928386
https://watchbase.com/tudor/style/12510-0017,tudor,Style,No,Steel,Sapphire,Round,M,Standard,Blue,Dauphine-style,Mixed,7.916078096302786
https://watchbase.com/tudor/style/12510-0001,tudor,Style,No,Steel,Sapphire,Round,M,Standard,Silver/White,Stick/Minimalist,Stick / Dot,7.80016307039296
https://watchbase.com/tudor/style/12113-0007,tudor,Style,No,Steel,Sapphire,Round,XS,Standard,Silver/White,Stick/Minimalist,Mixed,8.080546965824498
https://watchbase.com/tudor/style/12503-0003,tudor,Style,No,Steel,Sapphire,Round,M,Standard,Black,Dauphine-style,Stick / Dot,8.049107721326406
https://watchbase.com/tudor/style/12713-0007,tudor,Style,No,Steel,Sapphire,Round,L,Standard,Silver/White,Stick/Minimalist,Mixed,8.210939733379021
https://watchbase.com/tudor/style/12100-0002,tudor,Style,No,Steel,Sapphire,Round,XS,Standard,Black,Dauphine-style,Stick / Dot,7.669028288589683
https://watchbase.com/tudor/style/12103-0001,tudor,Style,No,Steel,Sapphire,Round,XS,Standard,Silver/White,Dauphine-style,Stick / Dot,7.9483852851118995
https://watchbase.com/tudor/style/12510-0013,tudor,Style,No,Steel,Sapphire,Round,M,Standard,Blue,Stick/Minimalist,Stick / Dot,7.80016307039296
https://watchbase.com/tudor/style/12510-0003,tudor,Style,No,Steel,Sapphire,Round,M,Standard,Black,Stick/Minimalist,Stick / Dot,7.80016307039296
https://watchbase.com/tudor/style/12500-0003,tudor,Style,No,Steel,Sapphire,Round,M,Standard,Silver/White,Dauphine-style,Mixed,7.878912912297132
https://watchbase.com/tudor/style/12700-0017,tudor,Style,No,Steel,Sapphire,Round,L,Standard,Silver/White,Dauphine-style,Stick / Dot,7.80016307039296
https://watchbase.com/tudor/style/12713-0001,tudor,Style,No,Steel,Sapphire,Round,L,Standard,Silver/White,Stick/Minimalist,Stick / Dot,8.125926802707886
https://watchbase.com/tudor/style/12500-0002,tudor,Style,No,Steel,Sapphire,Round,M,Standard,Black,Dauphine-style,Stick / Dot,7.75833346749091
https://watchbase.com/tudor/style/12710-0015,tudor,Style,No,Steel,Sapphire,Round,L,Standard,Colorful,Stick/Minimalist,Stick / Dot,7.840312983320164
https://watchbase.com/tudor/style/12710-0001,tudor,Style,No,Steel,Sapphire,Round,L,Standard,Silver/White,Stick/Minimalist,Stick / Dot,7.840312983320164
https://watchbase.com/tudor/style/12503-0005,tudor,Style,No,Steel,Sapphire,Round,M,Standard,Silver/White,Dauphine-style,Mixed,8.14060704285845
https://watchbase.com/tudor/style/12310-0013,tudor,Style,No,Steel,Sapphire,Round,S,Standard,Blue,Stick/Minimalist,Stick / Dot,7.75833346749091
https://watchbase.com/tudor/style/12500-0004,tudor,Style,No,Steel,Sapphire,Round,M,Standard,Black,Dauphine-style,Mixed,7.878912912297132
https://watchbase.com/tudor/style/12713-0003,tudor,Style,No,Steel,Sapphire,Round,L,Standard,Silver/White,Stick/Minimalist,Stick / Dot,8.125926802707886
https://watchbase.com/tag-heuer/silverstone/cam2111-fc6259,tag heuer,Silverstone,Yes,Steel,Sapphire,Cushion,XL,Standard,Grey/Brown,Stick/Minimalist,Stick / Dot,9.065430200180375
https://watchbase.com/tag-heuer/targa-florio/cx2110-fc6172,tag heuer,Targa Florio,No,Steel,Sapphire,Round,L,Standard,Black,Stick/Minimalist,Arabic Numerals,8.174984532943087
https://watchbase.com/tag-heuer/targa-florio/cx2113-fc6177,tag heuer,Targa Florio,Yes,Steel,Sapphire,Round,L,Standard,Black,Stick/Minimalist,Arabic Numerals,8.412054873292933
https://watchbase.com/tag-heuer/silverstone/cam2110-fc6258,tag heuer,Silverstone,Yes,Steel,Sapphire,Cushion,XL,Basic,Black,Stick/Minimalist,Stick / Dot,9.065430200180375
https://watchbase.com/tag-heuer/6000/wh5216-ba0676,tag heuer,6000,No,Steel,Sapphire,Round,M,Professional,Colorful,Traditional/Special,Mixed,8.055475141757274
https://watchbase.com/tag-heuer/carrera-chronograph-extreme-sport/cbu5080-ft6272,tag heuer,Carrera Chronograph Extreme Sport,No,Steel,Sapphire,Round,XL,Standard,Skeleton,Stick/Minimalist,Stick / Dot,10.154285180632154
https://watchbase.com/tag-heuer/carrera-chronograph-extreme-sport/cbu5050-ft6273,tag heuer,Carrera Chronograph Extreme Sport,No,Steel,Sapphire,Round,XL,Standard,Skeleton,Stick/Minimalist,Stick / Dot,10.381304329495126
https://watchbase.com/tag-heuer/carrera-chronograph-extreme-sport/cbu2050-ft6273,tag heuer,Carrera Chronograph Extreme Sport,No,Steel,Sapphire,Round,XL,Standard,Skeleton,Stick/Minimalist,Stick / Dot,9.401043372798053
https://watchbase.com/tag-heuer/carrera-chronograph-extreme-sport/cbu2081-ft6274,tag heuer,Carrera Chronograph Extreme Sport,No,Steel,Sapphire,Round,XL,Standard,Skeleton,Stick/Minimalist,Stick / Dot,8.993551586299981
https://watchbase.com/tag-heuer/carrera-chronograph-extreme-sport/cbu5081-ft6274,tag heuer,Carrera Chronograph Extreme Sport,Yes,Steel,Sapphire,Round,XL,Standard,Skeleton,Stick/Minimalist,Stick / Dot,10.526775414924009
https://watchbase.com/tag-heuer/carrera-chronograph-extreme-sport/cbu2082-ft6275,tag heuer,Carrera Chronograph Extreme Sport,No,Steel,Sapphire,Round,XL,Standard,Skeleton,Stick/Minimalist,Stick / Dot,8.993551586299981
https://watchbase.com/tag-heuer/carrera-chronograph-extreme-sport/cbu2080-ft6272,tag heuer,Carrera Chronograph Extreme Sport,No,Steel,Sapphire,Round,XL,Standard,Skeleton,Stick/Minimalist,Stick / Dot,9.018089684104343
https://watchbase.com/tag-heuer/6000/wh5215-ba0676,tag heuer,6000,No,Steel,Sapphire,Round,L,Standard,Black,Traditional/Special,Mixed,8.055475141757274
https://watchbase.com/tag-heuer/6000/wh5212-ba0676,tag heuer,6000,No,Steel,Sapphire,Round,L,Standard,Grey/Brown,Traditional/Special,Mixed,8.055475141757274
https://watchbase.com/tag-heuer/s-el/wg121c-fc6149,tag heuer,S/EL,No,Steel,Sapphire,Round,S,Professional,Colorful,Traditional/Special,Stick / Dot,7.244941546337007
https://watchbase.com/tag-heuer/alter-ego/wp1314-ba0751,tag heuer,Alter Ego,No,Steel,Sapphire,Other,XS,Standard,Silver/White,Stick/Minimalist,Stick / Dot,7.719129840906732
https://watchbase.com/tag-heuer/alter-ego/wp1312-ba0750,tag heuer,Alter Ego,No,Steel,Sapphire,Other,XS,Standard,Blue,Stick/Minimalist,Stick / Dot,7.719129840906732
https://watchbase.com/tag-heuer/alter-ego/wp1352-bd0752,tag heuer,Alter Ego,No,Synthetic,Sapphire,Cushion,XS,Standard,Silver/White,Stick/Minimalist,Gem-Set Indexes,8.35490952835879
https://watchbase.com/tag-heuer/alter-ego/wp1318-ba0751,tag heuer,Alter Ego,No,Steel,Sapphire,Other,XS,Standard,Blue,Stick/Minimalist,Stick / Dot,8.665785595466064
https://watchbase.com/tag-heuer/alter-ego/wp1315-ba0751,tag heuer,Alter Ego,No,Steel,Sapphire,Other,XS,Standard,Silver/White,Stick/Minimalist,Stick / Dot,7.719129840906732
https://watchbase.com/tag-heuer/alter-ego/wp1311-ba0750,tag heuer,Alter Ego,No,Steel,Sapphire,Other,XS,Standard,Silver/White,Stick/Minimalist,Stick / Dot,7.719129840906732
https://watchbase.com/tag-heuer/alter-ego/wp1316-ba0751,tag heuer,Alter Ego,No,Steel,Sapphire,Other,XS,Standard,Blue,Stick/Minimalist,Stick / Dot,8.566173813637858
https://watchbase.com/tag-heuer/alter-ego/wp1317-ba0751,tag heuer,Alter Ego,No,Steel,Sapphire,Other,XS,Standard,Silver/White,Stick/Minimalist,Stick / Dot,8.566173813637858
https://watchbase.com/tag-heuer/alter-ego/wp1319-ba0751,tag heuer,Alter Ego,No,Steel,Sapphire,Other,XS,Standard,Silver/White,Stick/Minimalist,Stick / Dot,8.665785595466064
https://watchbase.com/tag-heuer/alter-ego/wp1313-ba0751,tag heuer,Alter Ego,No,Steel,Sapphire,Other,XS,Standard,Blue,Stick/Minimalist,Stick / Dot,7.719129840906732
https://watchbase.com/tag-heuer/alter-ego/wp1351-bd0752,tag heuer,Alter Ego,No,Steel,Sapphire,Cushion,XS,Standard,Grey/Brown,Stick/Minimalist,Stick / Dot,8.11701408773731
https://watchbase.com/tag-heuer/alter-ego/wp1350-bd0752,tag heuer,Alter Ego,No,Steel,Sapphire,Cushion,XS,Standard,Silver/White,Stick/Minimalist,Stick / Dot,8.11701408773731
https://watchbase.com/tag-heuer/alter-ego/wp1310-ba0750,tag heuer,Alter Ego,No,Steel,Sapphire,Other,XS,Standard,Black,Stick/Minimalist,Stick / Dot,7.719129840906732
https://watchbase.com/tag-heuer/s-el/wg1218-fc6145,tag heuer,S/EL,No,Steel,Sapphire,Round,S,Professional,Black,Traditional/Special,Stick / Dot,7.244941546337007
https://watchbase.com/tag-heuer/s-el/wg1213-ba0435,tag heuer,S/EL,No,Steel,Sapphire,Round,S,Professional,Grey/Brown,Traditional/Special,Stick / Dot,7.467942332285852
https://watchbase.com/tag-heuer/s-el/wg121b-ba0474,tag heuer,S/EL,No,Steel,Sapphire,Round,S,Professional,Silver/White,Traditional/Special,Stick / Dot,7.496097345175956
https://watchbase.com/tag-heuer/s-el/wg1213-ba0474,tag heuer,S/EL,No,Steel,Sapphire,Round,S,Professional,Black,Traditional/Special,Stick / Dot,7.496097345175956
https://watchbase.com/tag-heuer/s-el/wg1210-ba0467,tag heuer,S/EL,No,Steel,Sapphire,Round,S,Professional,Silver/White,Traditional/Special,Stick / Dot,7.496097345175956
https://watchbase.com/tag-heuer/s-el/wg121a-fc6148,tag heuer,S/EL,No,Steel,Sapphire,Round,S,Professional,Blue,Traditional/Special,Stick / Dot,7.244941546337007
https://watchbase.com/tag-heuer/s-el/wg1212-ba0437,tag heuer,S/EL,No,Steel,Sapphire,Round,S,Professional,Silver/White,Traditional/Special,Stick / Dot,7.496097345175956
https://watchbase.com/tag-heuer/s-el/wg1219-ba0437,tag heuer,S/EL,No,Steel,Sapphire,Round,S,Professional,Colorful,Traditional/Special,Stick / Dot,7.496097345175956
https://watchbase.com/tag-heuer/kirium/wl1311-ba0708,tag heuer,Kirium,No,Steel,Sapphire,Round,S,Professional,Grey/Brown,Stick/Minimalist,Mixed,7.741099090035366
https://watchbase.com/tag-heuer/monza/cr514a-fc8145,tag heuer,Monza,No,Gold Variants,Sapphire,Cushion,M,Standard,Silver/White,Sword-style,Stick / Dot,9.564582358673212
https://watchbase.com/tag-heuer/monza/cr5090-fn6001,tag heuer,Monza,No,Steel,Sapphire,Cushion,L,Standard,Skeleton,Stick/Minimalist,Stick / Dot,9.499346567390095
https://watchbase.com/tag-heuer/monza/cr514a-fc8146,tag heuer,Monza,No,Gold Variants,Sapphire,Cushion,M,Standard,Silver/White,Sword-style,Stick / Dot,9.564582358673212
https://watchbase.com/tag-heuer/monza/cr2111-fc6161,tag heuer,Monza,No,Steel,Sapphire,Cushion,M,Basic,Black,Sword-style,Stick / Dot,8.46611040118692
https://watchbase.com/tag-heuer/monza/cr2080-fc6375,tag heuer,Monza,No,Titanium,Sapphire,Cushion,L,Standard,Black,Stick/Minimalist,Stick / Dot,8.657129031713755
https://watchbase.com/tag-heuer/monza/cr2111-fc6162,tag heuer,Monza,No,Steel,Sapphire,Cushion,M,Basic,Silver/White,Sword-style,Stick / Dot,8.546946149565585
https://watchbase.com/tag-heuer/monza/cr5112-fc6290,tag heuer,Monza,No,Steel,Sapphire,Cushion,L,Basic,Silver/White,Traditional/Special,Arabic Numerals,9.059633754551479
https://watchbase.com/tag-heuer/monza/cr2110-fc6161,tag heuer,Monza,No,Steel,Sapphire,Cushion,M,Basic,Black,Sword-style,Mixed,8.546946149565585
https://watchbase.com/tag-heuer/kirium/wl131d-ft6001,tag heuer,Kirium,No,Steel,Sapphire,Round,S,Professional,Black,Stick/Minimalist,Mixed,7.601402334583733
https://watchbase.com/tag-heuer/kirium/wl131e-ft6001,tag heuer,Kirium,No,Steel,Sapphire,Round,S,Professional,Silver/White,Stick/Minimalist,Mixed,7.601402334583733
https://watchbase.com/tag-heuer/kirium/wl1310-ba0708,tag heuer,Kirium,No,Steel,Sapphire,Round,S,Professional,Silver/White,Stick/Minimalist,Mixed,7.741099090035366
https://watchbase.com/tag-heuer/kirium/wl1312-ba0709,tag heuer,Kirium,No,Steel,Sapphire,Round,S,Professional,Black,Stick/Minimalist,Mixed,7.741099090035366
https://watchbase.com/tag-heuer/kirium/wl131h-ba0709,tag heuer,Kirium,No,Steel,Sapphire,Round,S,Professional,Blue,Stick/Minimalist,Mixed,7.741099090035366
https://watchbase.com/tag-heuer/kirium/wl131f-ba0710,tag heuer,Kirium,No,Steel,Sapphire,Round,S,Professional,Blue,Stick/Minimalist,Mixed,7.741099090035366
https://watchbase.com/tag-heuer/kirium/wl1314-ba0709,tag heuer,Kirium,No,Steel,Sapphire,Round,S,Professional,Silver/White,Stick/Minimalist,Mixed,7.741099090035366
https://watchbase.com/tag-heuer/kirium/wl1316-ba0710,tag heuer,Kirium,No,Steel,Sapphire,Round,S,Professional,Blue,Stick/Minimalist,Mixed,7.741099090035366
https://watchbase.com/tag-heuer/kirium/wl1313-ba0709,tag heuer,Kirium,No,Steel,Sapphire,Round,S,Professional,Blue,Stick/Minimalist,Mixed,7.741099090035366
https://watchbase.com/tag-heuer/kirium/wl1113-ba0701,tag heuer,Kirium,No,Steel,Sapphire,Round,M,Professional,Blue,Sword-style,Mixed,7.741099090035366
https://watchbase.com/tag-heuer/connected-watch/sbf8a8001-11ft6104,tag heuer,Connected Watch,No,Steel,Sapphire,Round,XL,Basic,Black,Stick/Minimalist,Digital,7.62608275807238
https://watchbase.com/tag-heuer/connected-watch/sbf8a8014-11ft6082,tag heuer,Connected Watch,No,Steel,Sapphire,Round,XL,Basic,Black,Stick/Minimalist,Digital,7.346655163176539
https://watchbase.com/tag-heuer/connected-watch/sbf8a8014-11ft6080,tag heuer,Connected Watch,No,Steel,Sapphire,Round,XL,Basic,Black,Stick/Minimalist,Digital,7.346655163176539
https://watchbase.com/tag-heuer/connected-watch/sbf8a8016-11ft6081,tag heuer,Connected Watch,No,Steel,Sapphire,Round,XL,Basic,Black,Stick/Minimalist,Digital,7.550135342488429
https://watchbase.com/tag-heuer/connected-watch/sbf8a8014-11ft6103,tag heuer,Connected Watch,No,Steel,Sapphire,Round,XL,Basic,Black,Stick/Minimalist,Digital,7.346655163176539
https://watchbase.com/tag-heuer/connected-watch/sbf8a8018-11ft6076,tag heuer,Connected Watch,No,Steel,Sapphire,Round,XL,Basic,Black,Stick/Minimalist,Digital,7.550135342488429
https://watchbase.com/tag-heuer/connected-watch/sbf8a8001-11ft6083,tag heuer,Connected Watch,No,Steel,Sapphire,Round,XL,Basic,Black,Stick/Minimalist,Digital,7.523481312573497
https://watchbase.com/tag-heuer/connected-watch/sbf8a8014-11ft6076,tag heuer,Connected Watch,No,Steel,Sapphire,Round,XL,Basic,Black,Stick/Minimalist,Digital,7.346655163176539
https://watchbase.com/tag-heuer/connected-watch/sbf8a8013-82ft6104,tag heuer,Connected Watch,No,Steel,Sapphire,Round,XL,Basic,Black,Stick/Minimalist,Digital,7.762596048540069
https://watchbase.com/tag-heuer/connected-watch/sbf8a8011-10bf0608,tag heuer,Connected Watch,No,Steel,Sapphire,Round,XL,Basic,Black,Stick/Minimalist,Digital,8.691314551644853
https://watchbase.com/tag-heuer/connected-watch/sbf8a8019-11ft6076,tag heuer,Connected Watch,No,Steel,Sapphire,Round,XL,Basic,Black,Stick/Minimalist,Digital,7.550135342488429
https://watchbase.com/tag-heuer/connected-watch/sbf8a8012-11ft6104,tag heuer,Connected Watch,No,Steel,Sapphire,Round,XL,Basic,Black,Stick/Minimalist,Digital,7.62608275807238
https://watchbase.com/tag-heuer/connected-watch/sbf8a8016-11ft6079,tag heuer,Connected Watch,No,Steel,Sapphire,Round,XL,Basic,Black,Stick/Minimalist,Digital,7.601402334583733
https://watchbase.com/tag-heuer/connected-watch/sbf8a8017-11ft6079,tag heuer,Connected Watch,No,Steel,Sapphire,Round,XL,Basic,Black,Stick/Minimalist,Digital,7.601402334583733
https://watchbase.com/tag-heuer/connected-watch/sar8a80-ft6059,tag heuer,Connected Watch,No,Titanium,Sapphire,Round,XL,Low,Black,Stick/Minimalist,Digital,7.1316985104669115
https://watchbase.com/tag-heuer/connected-watch/sbf8a8013-82ft6110,tag heuer,Connected Watch,No,Steel,Sapphire,Round,XL,Basic,Black,Stick/Minimalist,Digital,7.762596048540069
https://watchbase.com/tag-heuer/connected-watch/sbg8a80-bt6221,tag heuer,Connected Watch,No,Steel,Sapphire,Round,XL,Basic,Colorful,Stick/Minimalist,Digital,7.3783837129967145
https://watchbase.com/tag-heuer/connected-watch/sbg8a12-bt6239,tag heuer,Connected Watch,No,Steel,Sapphire,Round,XL,Basic,Colorful,Stick/Minimalist,Digital,7.1316985104669115
https://watchbase.com/tag-heuer/connected-watch/sbg8a11-ba0646,tag heuer,Connected Watch,No,Steel,Sapphire,Round,XL,Basic,Colorful,Stick/Minimalist,Digital,7.208600337960199
https://watchbase.com/tag-heuer/connected-watch/sar8a80-ft6060,tag heuer,Connected Watch,No,Titanium,Sapphire,Round,XL,Low,Black,Stick/Minimalist,Digital,7.1316985104669115
https://watchbase.com/tag-heuer/connected-watch/sbg8a11-bt6220,tag heuer,Connected Watch,No,Steel,Sapphire,Round,XL,Basic,Colorful,Stick/Minimalist,Digital,7.0909098220799835
https://watchbase.com/tag-heuer/connected-watch/sbg8a81-bt6222,tag heuer,Connected Watch,No,Steel,Sapphire,Round,XL,Basic,Colorful,Stick/Minimalist,Digital,7.280008252884188
https://watchbase.com/tag-heuer/connected-watch/sbg8a10-bt6219,tag heuer,Connected Watch,No,Steel,Sapphire,Round,XL,Basic,Colorful,Stick/Minimalist,Digital,7.0909098220799835
https://watchbase.com/tag-heuer/connected-watch/sbg8a10-ba0646,tag heuer,Connected Watch,No,Steel,Sapphire,Round,XL,Basic,Colorful,Stick/Minimalist,Digital,7.208600337960199
https://watchbase.com/tag-heuer/connected-watch/sar8a80-ft6057,tag heuer,Connected Watch,No,Titanium,Sapphire,Round,XL,Low,Black,Stick/Minimalist,Digital,7.1316985104669115
https://watchbase.com/tag-heuer/connected-watch/sbf8a8001-11ft6110,tag heuer,Connected Watch,No,Steel,Sapphire,Round,XL,Basic,Black,Stick/Minimalist,Digital,7.576097340623111
https://watchbase.com/tag-heuer/connected-watch/sar8a50-ft6070,tag heuer,Connected Watch,No,Steel,Sapphire,Round,XL,Low,Black,Stick/Minimalist,Digital,9.239996256883693
https://watchbase.com/tag-heuer/connected-watch/sbg8a12-bt6219,tag heuer,Connected Watch,No,Steel,Sapphire,Round,XL,Basic,Colorful,Stick/Minimalist,Digital,7.0909098220799835
https://watchbase.com/tag-heuer/connected-watch/sbf8a5000-80bh0933,tag heuer,Connected Watch,No,Steel,Sapphire,Round,XL,Basic,Black,Stick/Minimalist,Digital,8.412054873292933
https://watchbase.com/tag-heuer/connected-watch/sbg8a13-eb0238,tag heuer,Connected Watch,Yes,Steel,Sapphire,Round,XL,Basic,Colorful,Stick/Minimalist,Digital,7.280008252884188
https://watchbase.com/tag-heuer/connected-watch/sar8a80-ft6056,tag heuer,Connected Watch,No,Titanium,Sapphire,Round,XL,Low,Black,Stick/Minimalist,Digital,7.1316985104669115
https://watchbase.com/tag-heuer/connected-watch/sar8a80-ft6058,tag heuer,Connected Watch,No,Titanium,Sapphire,Round,XL,Low,Black,Stick/Minimalist,Digital,7.1316985104669115
https://watchbase.com/tag-heuer/connected-watch/sar8a80-ft6061,tag heuer,Connected Watch,No,Titanium,Sapphire,Round,XL,Low,Black,Stick/Minimalist,Digital,7.1316985104669115
https://watchbase.com/tag-heuer/connected-watch/sbr8a82-eb0264,tag heuer,Connected Watch,No,Steel,Sapphire,Round,XL,Basic,Colorful,Stick/Minimalist,Digital,7.8826922062890254
https://watchbase.com/tag-heuer/connected-watch/sar8a80-ft6045,tag heuer,Connected Watch,No,Titanium,Sapphire,Round,XL,Low,Black,Stick/Minimalist,Digital,7.1316985104669115
https://watchbase.com/tag-heuer/2000/cn111h-ba0337,tag heuer,2000,No,Steel,Sapphire,Round,M,Professional,Black,Stick/Minimalist,Mixed,7.741099090035366
https://watchbase.com/tag-heuer/2000/cn111g-ba0337,tag heuer,2000,No,Steel,Sapphire,Round,M,Professional,Blue,Stick/Minimalist,Mixed,7.8636512654486515
https://watchbase.com/tag-heuer/2000/cn111d-ba0337,tag heuer,2000,Yes,Steel,Sapphire,Round,M,Professional,Blue,Stick/Minimalist,Mixed,7.8826922062890254
https://watchbase.com/tag-heuer/2000/cn111f-ba0337,tag heuer,2000,No,Steel,Sapphire,Round,M,Professional,Black,Stick/Minimalist,Mixed,7.741099090035366
https://watchbase.com/tag-heuer/2000/cn111c-ba0337,tag heuer,2000,Yes,Steel,Sapphire,Round,M,Professional,Silver/White,Stick/Minimalist,Mixed,7.8826922062890254
https://watchbase.com/tag-heuer/2000/ck1113-ba0328,tag heuer,2000,No,Steel,Sapphire,Round,M,Professional,Grey/Brown,Traditional/Special,Mixed,7.719129840906732
https://watchbase.com/tag-heuer/2000/wn1111-ba0332,tag heuer,2000,No,Steel,Sapphire,Round,M,Professional,Silver/White,Stick/Minimalist,Mixed,7.496097345175956
https://watchbase.com/tag-heuer/2000/wn1112-ba0332,tag heuer,2000,No,Steel,Sapphire,Round,M,Professional,Blue,Stick/Minimalist,Mixed,7.496097345175956
https://watchbase.com/tag-heuer/2000/cn1112-ba0337,tag heuer,2000,No,Steel,Sapphire,Round,M,Professional,Blue,Stick/Minimalist,Mixed,7.741099090035366
https://watchbase.com/tag-heuer/2000/cn1111-ba0337,tag heuer,2000,No,Steel,Sapphire,Round,M,Professional,Silver/White,Stick/Minimalist,Mixed,7.741099090035366
https://watchbase.com/tag-heuer/2000/ck1110-ba0327,tag heuer,2000,No,Steel,Sapphire,Round,M,Professional,Black,Traditional/Special,Stick / Dot,7.576097340623111
https://watchbase.com/tag-heuer/2000/wn1110-ba0332,tag heuer,2000,No,Steel,Sapphire,Round,M,Professional,Black,Stick/Minimalist,Mixed,7.496097345175956
https://watchbase.com/tag-heuer/2000/cn1110-ba0337,tag heuer,2000,No,Steel,Sapphire,Round,M,Professional,Black,Stick/Minimalist,Mixed,7.741099090035366
https://watchbase.com/tag-heuer/2000/ck1112-ba0328,tag heuer,2000,No,Steel,Sapphire,Round,M,Professional,Blue,Traditional/Special,Mixed,7.719129840906732
https://watchbase.com/tag-heuer/2000/ck1111-ba0328,tag heuer,2000,No,Steel,Sapphire,Round,M,Professional,Silver/White,Traditional/Special,Mixed,7.719129840906732
https://watchbase.com/tag-heuer/2000/ck111r-ba0328,tag heuer,2000,No,Steel,Sapphire,Round,M,Professional,Black,Traditional/Special,Stick / Dot,7.762596048540069
https://watchbase.com/tag-heuer/grand-carrera/wav5114-fc6238,tag heuer,Grand Carrera,Yes,Steel,Sapphire,Round,L,Standard,Black,Stick/Minimalist,Stick / Dot,8.909370405197466
https://watchbase.com/tag-heuer/autavia/wbe5114-fc8266,tag heuer,Autavia,No,Steel,Sapphire,Round,L,Standard,Black,Sword-style,Stick / Dot,8.02322468471667
https://watchbase.com/tag-heuer/autavia/cbe2115-fc8226,tag heuer,Autavia,Yes,Steel,Sapphire,Round,L,Standard,Blue,Stick/Minimalist,Stick / Dot,8.732465848349879
https://watchbase.com/tag-heuer/autavia/cbe5115-fc8280,tag heuer,Autavia,No,Steel,Sapphire,Round,L,Standard,Black,Stick/Minimalist,Arabic Numerals,8.909370405197466
https://watchbase.com/tag-heuer/autavia/wbe5111-fc8267,tag heuer,Autavia,No,Steel,Sapphire,Round,L,Standard,Grey/Brown,Sword-style,Stick / Dot,8.216358332386156
https://watchbase.com/tag-heuer/autavia/wbe5116-fc8266,tag heuer,Autavia,No,Steel,Sapphire,Round,L,Standard,Blue,Sword-style,Stick / Dot,8.02322468471667
https://watchbase.com/tag-heuer/autavia/wbe5191-fc8276,tag heuer,Autavia,No,Steel,Sapphire,Round,L,Standard,Grey/Brown,Sword-style,Stick / Dot,8.24301946898925
https://watchbase.com/tag-heuer/autavia/wbe5192-fc8300,tag heuer,Autavia,No,Steel,Sapphire,Round,L,Standard,Colorful,Sword-style,Stick / Dot,8.24301946898925
https://watchbase.com/tag-heuer/autavia/cbe2113-fc8226,tag heuer,Autavia,Yes,Steel,Sapphire,Round,L,Standard,Grey/Brown,Stick/Minimalist,Stick / Dot,8.724369949208368
https://watchbase.com/tag-heuer/autavia/cbe5150-fc8280,tag heuer,Autavia,No,Steel,Sapphire,Round,L,Standard,Black,Stick/Minimalist,Arabic Numerals,9.012011377036412
https://watchbase.com/tag-heuer/autavia/cbe5113-fc8279,tag heuer,Autavia,No,Steel,Sapphire,Round,L,Standard,Black,Stick/Minimalist,Arabic Numerals,8.81001204797317
https://watchbase.com/tag-heuer/autavia/wbe5114-eb0173,tag heuer,Autavia,No,Steel,Sapphire,Round,L,Standard,Black,Sword-style,Stick / Dot,8.086717920303906
https://watchbase.com/tag-heuer/autavia/wbe5116-eb0173,tag heuer,Autavia,No,Steel,Sapphire,Round,L,Standard,Blue,Sword-style,Stick / Dot,8.086717920303906
https://watchbase.com/tag-heuer/autavia/cbe5114-fc8279,tag heuer,Autavia,No,Steel,Sapphire,Round,L,Standard,Silver/White,Stick/Minimalist,Arabic Numerals,8.81001204797317
https://watchbase.com/tag-heuer/autavia/wbe5110-fc8266,tag heuer,Autavia,No,Steel,Sapphire,Round,L,Standard,Black,Sword-style,Stick / Dot,8.25608813381491
https://watchbase.com/tag-heuer/autavia/wbe5190-fc8268,tag heuer,Autavia,No,Steel,Sapphire,Round,L,Standard,Colorful,Sword-style,Stick / Dot,8.24301946898925
https://watchbase.com/tag-heuer/autavia/cbe511b-fc8279,tag heuer,Autavia,No,Steel,Sapphire,Round,L,Standard,Silver/White,Stick/Minimalist,Arabic Numerals,8.787372988731876
https://watchbase.com/tag-heuer/autavia/wbe5193-fc8300,tag heuer,Autavia,No,Steel,Sapphire,Round,L,Standard,Grey/Brown,Sword-style,Stick / Dot,8.35490952835879
https://watchbase.com/tag-heuer/autavia/wbe511a-ba0650,tag heuer,Autavia,No,Steel,Sapphire,Round,L,Standard,Blue,Stick/Minimalist,Arabic Numerals,8.343077871169383
https://watchbase.com/tag-heuer/autavia/wbe5110-eb0173,tag heuer,Autavia,No,Steel,Sapphire,Round,L,Standard,Black,Sword-style,Stick / Dot,8.343077871169383
https://watchbase.com/tag-heuer/autavia/wbe5112-fc8266,tag heuer,Autavia,No,Steel,Sapphire,Round,L,Standard,Blue,Sword-style,Stick / Dot,8.25608813381491
https://watchbase.com/tag-heuer/autavia/cbe511c-fc8280,tag heuer,Autavia,No,Steel,Sapphire,Round,L,Standard,Black,Stick/Minimalist,Arabic Numerals,8.867990898182093
https://watchbase.com/tag-heuer/autavia/cbe2115-ba0687,tag heuer,Autavia,Yes,Steel,Sapphire,Round,L,Standard,Blue,Stick/Minimalist,Stick / Dot,8.756367559802975
https://watchbase.com/tag-heuer/autavia/wbe5112-eb0173,tag heuer,Autavia,No,Steel,Sapphire,Round,L,Standard,Blue,Sword-style,Stick / Dot,8.343077871169383
https://watchbase.com/tag-heuer/autavia/cbe2118-fc8246,tag heuer,Autavia,No,Steel,Sapphire,Round,L,Standard,Black,Stick/Minimalist,Stick / Dot,8.724369949208368
https://watchbase.com/tag-heuer/autavia/cbe5113-ba0650,tag heuer,Autavia,No,Steel,Sapphire,Round,L,Standard,Black,Stick/Minimalist,Arabic Numerals,8.839421607620602
https://watchbase.com/tag-heuer/autavia/cbe2117-ba0687,tag heuer,Autavia,No,Steel,Sapphire,Round,L,Standard,Black,Stick/Minimalist,Stick / Dot,8.748463629942055
https://watchbase.com/tag-heuer/autavia/cbe2111-ba0687,tag heuer,Autavia,Yes,Steel,Sapphire,Round,L,Standard,Silver/White,Stick/Minimalist,Stick / Dot,8.756367559802975
https://watchbase.com/tag-heuer/autavia/cbe2110-ba0687,tag heuer,Autavia,No,Steel,Sapphire,Round,L,Standard,Black,Stick/Minimalist,Stick / Dot,8.657129031713755
https://watchbase.com/tag-heuer/autavia/cbe2110-fc8226,tag heuer,Autavia,No,Steel,Sapphire,Round,L,Standard,Black,Stick/Minimalist,Stick / Dot,8.621733370690162
https://watchbase.com/tag-heuer/autavia/cbe2116-eb0156,tag heuer,Autavia,No,Steel,Sapphire,Round,L,Standard,Silver/White,Stick/Minimalist,Stick / Dot,8.787372988731876
https://watchbase.com/tag-heuer/autavia/cbe511a-fc8279,tag heuer,Autavia,No,Steel,Sapphire,Round,L,Standard,Black,Sword-style,Arabic Numerals,8.787372988731876
https://watchbase.com/tag-heuer/grand-carrera/cav511j-fc6312,tag heuer,Grand Carrera,No,Steel,Sapphire,Round,L,Standard,Grey/Brown,Sword-style,Stick / Dot,9.059633754551479
https://watchbase.com/tag-heuer/grand-carrera/wav5112-fc6231,tag heuer,Grand Carrera,No,Steel,Sapphire,Round,L,Standard,Silver/White,Stick/Minimalist,Stick / Dot,8.366602832783736
https://watchbase.com/tag-heuer/grand-carrera/cav511c-ba0904,tag heuer,Grand Carrera,No,Steel,Sapphire,Round,L,Standard,Black,Sword-style,Stick / Dot,8.824824939175638
https://watchbase.com/tag-heuer/grand-carrera/cav5115-ft6019,tag heuer,Grand Carrera,No,Steel,Sapphire,Round,L,Standard,Black,Stick/Minimalist,Stick / Dot,9.059633754551479
https://watchbase.com/tag-heuer/grand-carrera/wav5112-fc6225,tag heuer,Grand Carrera,No,Steel,Sapphire,Round,L,Standard,Silver/White,Stick/Minimalist,Stick / Dot,8.366602832783736
https://watchbase.com/tag-heuer/grand-carrera/cav511b-fc6225,tag heuer,Grand Carrera,No,Steel,Sapphire,Round,L,Standard,Silver/White,Sword-style,Stick / Dot,8.771990436532242
https://watchbase.com/tag-heuer/grand-carrera/cav511j-ba0902,tag heuer,Grand Carrera,No,Steel,Sapphire,Round,L,Standard,Grey/Brown,Sword-style,Stick / Dot,9.059633754551479
https://watchbase.com/tag-heuer/grand-carrera/cav511b-fc6231,tag heuer,Grand Carrera,No,Steel,Sapphire,Round,L,Standard,Silver/White,Sword-style,Stick / Dot,8.771990436532242
https://watchbase.com/tag-heuer/grand-carrera/cav511e-ba0902,tag heuer,Grand Carrera,No,Steel,Sapphire,Round,L,Standard,Grey/Brown,Sword-style,Stick / Dot,8.771990436532242
https://watchbase.com/tag-heuer/grand-carrera/wav5115-fc6225,tag heuer,Grand Carrera,No,Steel,Sapphire,Round,L,Standard,Black,Stick/Minimalist,Stick / Dot,9.153875834995056
https://watchbase.com/tag-heuer/grand-carrera/wav5115-ba0901,tag heuer,Grand Carrera,No,Steel,Sapphire,Round,L,Standard,Black,Stick/Minimalist,Stick / Dot,9.153875834995056
https://watchbase.com/tag-heuer/grand-carrera/cav511a-ba0902,tag heuer,Grand Carrera,No,Steel,Sapphire,Round,L,Standard,Black,Stick/Minimalist,Stick / Dot,8.771990436532242
https://watchbase.com/tag-heuer/grand-carrera/wav5111-fc6225,tag heuer,Grand Carrera,No,Steel,Sapphire,Round,L,Standard,Black,Stick/Minimalist,Stick / Dot,8.366602832783736
https://watchbase.com/tag-heuer/grand-carrera/cav511a-fc6225,tag heuer,Grand Carrera,No,Steel,Sapphire,Round,L,Standard,Black,Sword-style,Stick / Dot,8.771990436532242
https://watchbase.com/tag-heuer/grand-carrera/cav511f-ba0902,tag heuer,Grand Carrera,Yes,Steel,Sapphire,Round,L,Standard,Black,Sword-style,Stick / Dot,9.059633754551479
https://watchbase.com/tag-heuer/grand-carrera/wav5112-ba0901,tag heuer,Grand Carrera,No,Steel,Sapphire,Round,L,Standard,Silver/White,Stick/Minimalist,Stick / Dot,8.366602832783736
https://watchbase.com/tag-heuer/grand-carrera/cav5185-fc6237,tag heuer,Grand Carrera,No,Titanium,Sapphire,Round,L,Standard,Black,Stick/Minimalist,Stick / Dot,9.19023970026918
https://watchbase.com/tag-heuer/grand-carrera/cav514c-fc8171,tag heuer,Grand Carrera,No,Gold Variants,Sapphire,Round,L,Standard,Grey/Brown,Stick/Minimalist,Stick / Dot,10.167811434160654
https://watchbase.com/tag-heuer/grand-carrera/cav511h-fc6306,tag heuer,Grand Carrera,No,Steel,Sapphire,Round,L,Standard,Black,Sword-style,Stick / Dot,9.059633754551479
https://watchbase.com/tag-heuer/grand-carrera/cav514b-fc8171,tag heuer,Grand Carrera,No,Gold Variants,Sapphire,Round,L,Standard,Silver/White,Stick/Minimalist,Stick / Dot,9.954703343920398
https://watchbase.com/tag-heuer/grand-carrera/cav5186-fc6304,tag heuer,Grand Carrera,No,Titanium,Sapphire,Round,L,Standard,Black,Stick/Minimalist,Stick / Dot,9.19023970026918
https://watchbase.com/tag-heuer/grand-carrera/wav5113-ba0901,tag heuer,Grand Carrera,No,Steel,Sapphire,Round,L,Standard,Grey/Brown,Stick/Minimalist,Stick / Dot,8.366602832783736
https://watchbase.com/tag-heuer/grand-carrera/cav5115-ba0902,tag heuer,Grand Carrera,No,Steel,Sapphire,Round,L,Standard,Black,Stick/Minimalist,Stick / Dot,9.059633754551479
https://watchbase.com/tag-heuer/grand-carrera/cav511b-ba0902,tag heuer,Grand Carrera,No,Steel,Sapphire,Round,L,Standard,Silver/White,Sword-style,Stick / Dot,8.771990436532242
https://watchbase.com/tag-heuer/grand-carrera/cav511e-fc6231,tag heuer,Grand Carrera,No,Steel,Sapphire,Round,L,Standard,Grey/Brown,Sword-style,Stick / Dot,8.771990436532242
https://watchbase.com/tag-heuer/grand-carrera/cav518j-fc6274,tag heuer,Grand Carrera,Yes,Titanium,Sapphire,Round,L,Standard,Black,Stick/Minimalist,Stick / Dot,9.200391041122515
https://watchbase.com/tag-heuer/grand-carrera/cav5117-fc6237,tag heuer,Grand Carrera,No,Steel,Sapphire,Round,L,Standard,Black,Stick/Minimalist,Stick / Dot,9.97119292889014
https://watchbase.com/tag-heuer/grand-carrera/cav518k-fc6268,tag heuer,Grand Carrera,No,Titanium,Sapphire,Round,L,Standard,Black,Stick/Minimalist,Stick / Dot,9.024131268455035
https://watchbase.com/tag-heuer/grand-carrera/cav515c-fc6231,tag heuer,Grand Carrera,No,Steel,Sapphire,Round,L,Standard,Grey/Brown,Stick/Minimalist,Stick / Dot,9.143238568435446
https://watchbase.com/tag-heuer/grand-carrera/cav5185-ft6020,tag heuer,Grand Carrera,No,Titanium,Sapphire,Round,L,Standard,Black,Stick/Minimalist,Stick / Dot,9.19023970026918
https://watchbase.com/tag-heuer/grand-carrera/wav5111-ba0901,tag heuer,Grand Carrera,No,Steel,Sapphire,Round,L,Standard,Black,Stick/Minimalist,Stick / Dot,8.366602832783736
https://watchbase.com/tag-heuer/grand-carrera/cav518h-fc6273,tag heuer,Grand Carrera,Yes,Titanium,Sapphire,Round,L,Standard,Black,Stick/Minimalist,Stick / Dot,9.200391041122515
https://watchbase.com/tag-heuer/grand-carrera/cav518e-ft6016,tag heuer,Grand Carrera,No,Steel,Sapphire,Round,L,Standard,Black,Stick/Minimalist,Stick / Dot,9.564582358673212
https://watchbase.com/tag-heuer/grand-carrera/wav5113-fc6231,tag heuer,Grand Carrera,No,Steel,Sapphire,Round,L,Standard,Grey/Brown,Stick/Minimalist,Stick / Dot,8.366602832783736
https://watchbase.com/tag-heuer/grand-carrera/cav518b-ft6016,tag heuer,Grand Carrera,No,Steel,Sapphire,Round,L,Standard,Black,Stick/Minimalist,Stick / Dot,8.942591637231851
https://watchbase.com/tag-heuer/grand-carrera/cav518b-fc6237,tag heuer,Grand Carrera,No,Steel,Sapphire,Round,L,Standard,Black,Stick/Minimalist,Stick / Dot,8.942591637231851
https://watchbase.com/tag-heuer/link/wbc1390-bh0744,tag heuer,Link,No,Synthetic,Sapphire,Round,S,Standard,Black,Dauphine-style,Stick / Dot,8.603554357064281
https://watchbase.com/tag-heuer/monaco/cbw2181-fc8322,tag heuer,Monaco,No,Titanium,Sapphire,Square,M,Basic,Skeleton,Stick/Minimalist,Stick / Dot,11.813037464800539
https://watchbase.com/tag-heuer/monaco/cw2111-ba0780,tag heuer,Monaco,No,Steel,Plexi,Square,M,Basic,Black,Stick/Minimalist,Stick / Dot,8.603554357064281
https://watchbase.com/tag-heuer/monaco/caw211b-fc6241,tag heuer,Monaco,Yes,Steel,Sapphire,Square,M,Standard,Grey/Brown,Stick/Minimalist,Stick / Dot,8.881975184248867
https://watchbase.com/tag-heuer/monaco/caw211m-fc6324,tag heuer,Monaco,No,Steel,Sapphire,Square,M,Standard,Black,Stick/Minimalist,Stick / Dot,8.881975184248867
https://watchbase.com/tag-heuer/monaco/caw2110-fc6177,tag heuer,Monaco,No,Steel,Sapphire,Square,M,Standard,Black,Stick/Minimalist,Stick / Dot,8.665785595466064
https://watchbase.com/tag-heuer/monaco/cbl2118-fc6518,tag heuer,Monaco,No,Steel,Sapphire,Square,M,Standard,Colorful,Stick/Minimalist,Stick / Dot,8.839421607620602
https://watchbase.com/tag-heuer/monaco/waw2110-ft6005,tag heuer,Monaco,No,Steel,Plexi,Square,M,Basic,Black,Stick/Minimalist,Stick / Dot,7.719129840906732
https://watchbase.com/tag-heuer/monaco/cal2113-fc6536,tag heuer,Monaco,No,Steel,Sapphire,Square,M,Standard,Black,Stick/Minimalist,Stick / Dot,8.902591637374087
https://watchbase.com/tag-heuer/monaco/caw211j-fc6476,tag heuer,Monaco,Yes,Steel,Sapphire,Rectangular,M,Standard,Grey/Brown,Stick/Minimalist,Stick / Dot,8.787372988731876
https://watchbase.com/tag-heuer/monaco/caw2114-fc6177,tag heuer,Monaco,No,Steel,Sapphire,Rectangular,M,Standard,Black,Stick/Minimalist,Stick / Dot,8.639587799629844
https://watchbase.com/tag-heuer/monaco/caw2190-fc6437,tag heuer,Monaco,Yes,Steel,Sapphire,Square,M,Standard,Black,Stick/Minimalist,Stick / Dot,9.088285725968877
https://watchbase.com/tag-heuer/monaco/caw218e-fc6565,tag heuer,Monaco,Yes,Titanium,Sapphire,Square,M,Standard,Silver/White,Stick/Minimalist,Stick / Dot,9.121618441915379
https://watchbase.com/tag-heuer/monaco/cal5113-fc6329,tag heuer,Monaco,No,Steel,Sapphire,Square,L,Standard,Black,Stick/Minimalist,Stick / Dot,9.205428327615163
https://watchbase.com/tag-heuer/monaco/cal5111-fc6299,tag heuer,Monaco,No,Steel,Sapphire,Square,L,Standard,Blue,Stick/Minimalist,Stick / Dot,9.205428327615163
https://watchbase.com/tag-heuer/monaco/caw211w-fc6467,tag heuer,Monaco,Yes,Steel,Sapphire,Square,M,Standard,Colorful,Stick/Minimalist,Stick / Dot,8.881975184248867
https://watchbase.com/tag-heuer/monaco/caw2118-fc6285,tag heuer,Monaco,Yes,Steel,Sapphire,Square,M,Standard,Black,Stick/Minimalist,Stick / Dot,8.875007486048396
https://watchbase.com/tag-heuer/monaco/ww2112-fc6215,tag heuer,Monaco,No,Steel,Sapphire,Square,M,Basic,Silver/White,Stick/Minimalist,Stick / Dot,8.131824785007195
https://watchbase.com/tag-heuer/monaco/ww2119-fc6338,tag heuer,Monaco,No,Steel,Sapphire,Square,M,Basic,Black,Stick/Minimalist,Stick / Dot,8.294299608857235
https://watchbase.com/tag-heuer/monaco/cbl218b-ft6236,tag heuer,Monaco,No,Titanium,Sapphire,Square,M,Standard,Skeleton,Stick/Minimalist,Stick / Dot,9.314790473332646
https://watchbase.com/tag-heuer/monaco/caw218d-bc6663,tag heuer,Monaco,Yes,Titanium,Sapphire,Square,M,Standard,Silver/White,Stick/Minimalist,Stick / Dot,9.305741456739435
https://watchbase.com/tag-heuer/monaco/cal2110-fc6257,tag heuer,Monaco,No,Steel,Sapphire,Square,L,Standard,Black,Stick/Minimalist,Stick / Dot,8.922791623969637
https://watchbase.com/tag-heuer/monaco/ww2110-fc6177,tag heuer,Monaco,No,Steel,Sapphire,Square,M,Basic,Black,Stick/Minimalist,Stick / Dot,8.131824785007195
https://watchbase.com/tag-heuer/monaco/caw2113-fc6250,tag heuer,Monaco,No,Steel,Sapphire,Square,M,Standard,Black,Stick/Minimalist,Stick / Dot,8.732465848349879
https://watchbase.com/tag-heuer/monaco/cbl2111-ba0644,tag heuer,Monaco,No,Steel,Sapphire,Square,M,Standard,Blue,Stick/Minimalist,Stick / Dot,8.875007486048396
https://watchbase.com/tag-heuer/monaco/caw211t-fc6440,tag heuer,Monaco,Yes,Steel,Sapphire,Rectangular,M,Standard,Blue,Stick/Minimalist,Stick / Dot,8.846640813100485
https://watchbase.com/tag-heuer/monaco/cbl2116-fc6497,tag heuer,Monaco,Yes,Steel,Sapphire,Square,M,Standard,Colorful,Stick/Minimalist,Stick / Dot,8.888894669371593
https://watchbase.com/tag-heuer/monaco/cr2110-fc6162,tag heuer,Monaco,No,Steel,Sapphire,Cushion,M,Basic,Black,Sword-style,Stick / Dot,8.46611040118692
https://watchbase.com/tag-heuer/monaco/caw211r-fc6401,tag heuer,Monaco,No,Steel,Sapphire,Square,M,Standard,Blue,Stick/Minimalist,Stick / Dot,8.875007486048396
https://watchbase.com/tag-heuer/monaco/caw211n-fc6177,tag heuer,Monaco,No,Steel,Sapphire,Square,M,Standard,Grey/Brown,Stick/Minimalist,Stick / Dot,8.665785595466064
https://watchbase.com/tag-heuer/monaco/cw2113-ba0780,tag heuer,Monaco,No,Steel,Plexi,Square,M,Basic,Blue,Stick/Minimalist,Stick / Dot,8.603554357064281
https://watchbase.com/tag-heuer/monaco/cw2114-eb0017,tag heuer,Monaco,No,Steel,Plexi,Square,M,Basic,Grey/Brown,Stick/Minimalist,Stick / Dot,8.527341522468053
https://watchbase.com/tag-heuer/monaco/cw211a-fc6228,tag heuer,Monaco,Yes,Steel,Plexi,Square,M,Basic,Silver/White,Stick/Minimalist,Stick / Dot,8.682877107057168
https://watchbase.com/tag-heuer/monaco/cw2111-fc6177,tag heuer,Monaco,No,Steel,Plexi,Square,M,Basic,Black,Stick/Minimalist,Stick / Dot,8.603554357064281
https://watchbase.com/tag-heuer/monaco/caw211e-fc6414,tag heuer,Monaco,No,Steel,Sapphire,Square,M,Standard,Colorful,Stick/Minimalist,Stick / Dot,8.853808274977197
https://watchbase.com/tag-heuer/monaco/caw2111-fc6356,tag heuer,Monaco,No,Steel,Sapphire,Square,M,Standard,Blue,Stick/Minimalist,Stick / Dot,8.674367865788236
https://watchbase.com/tag-heuer/monaco/cbl2111-fc6453,tag heuer,Monaco,No,Steel,Sapphire,Square,M,Standard,Blue,Stick/Minimalist,Stick / Dot,8.832149906002899
https://watchbase.com/tag-heuer/monaco/cal5110-fc6265,tag heuer,Monaco,No,Steel,Sapphire,Square,L,Standard,Black,Stick/Minimalist,Stick / Dot,9.205428327615163
https://watchbase.com/tag-heuer/monaco/caw211d-fc6300,tag heuer,Monaco,No,Steel,Sapphire,Rectangular,M,Standard,Blue,Stick/Minimalist,Stick / Dot,8.881975184248867
https://watchbase.com/tag-heuer/monaco/ww2111-fc6204,tag heuer,Monaco,No,Steel,Sapphire,Square,M,Basic,Blue,Stick/Minimalist,Stick / Dot,8.131824785007195
https://watchbase.com/tag-heuer/monaco/cbl2115-fc6494,tag heuer,Monaco,No,Steel,Sapphire,Square,M,Standard,Blue,Stick/Minimalist,Stick / Dot,8.875007486048396
https://watchbase.com/tag-heuer/monaco/cw2113-fc6183,tag heuer,Monaco,No,Steel,Plexi,Square,M,Basic,Blue,Stick/Minimalist,Stick / Dot,8.603554357064281
https://watchbase.com/tag-heuer/monaco/caw211p-fc6356,tag heuer,Monaco,No,Steel,Sapphire,Square,M,Standard,Blue,Stick/Minimalist,Stick / Dot,8.860924729719041
https://watchbase.com/tag-heuer/monaco/cw2111-fc6171,tag heuer,Monaco,No,Steel,Plexi,Square,M,Basic,Black,Stick/Minimalist,Stick / Dot,8.566173813637858
https://watchbase.com/tag-heuer/monaco/caw2111-fc6183,tag heuer,Monaco,No,Steel,Sapphire,Square,M,Standard,Blue,Stick/Minimalist,Stick / Dot,8.682877107057168
https://watchbase.com/tag-heuer/monaco/cbw2190-fc8356,tag heuer,Monaco,Yes,Steel,Sapphire,Square,L,Basic,Skeleton,Stick/Minimalist,Stick / Dot,11.951186847493476
https://watchbase.com/tag-heuer/link/wbc131e-ba0649,tag heuer,Link,No,Steel,Sapphire,Round,S,Standard,Grey/Brown,Dauphine-style,Gem-Set Indexes,7.919719760924575
https://watchbase.com/tag-heuer/link/wat2113-ba0950,tag heuer,Link,No,Steel,Sapphire,Round,L,Professional,Silver/White,Stick/Minimalist,Stick / Dot,8.03947991910045
https://watchbase.com/tag-heuer/link/cat2050-fc6322,tag heuer,Link,No,Steel,Sapphire,Round,L,Standard,Silver/White,Stick/Minimalist,Stick / Dot,8.888894669371593
https://watchbase.com/tag-heuer/link/wbc1315-ba0600,tag heuer,Link,No,Steel,Sapphire,Round,S,Standard,Blue,Dauphine-style,Stick / Dot,8.281723990411392
https://watchbase.com/tag-heuer/link/wbc1317-ba0600,tag heuer,Link,No,Steel,Sapphire,Round,S,Standard,Colorful,Dauphine-style,Stick / Dot,7.496097345175956
https://watchbase.com/tag-heuer/link/wbc1316-ba0600,tag heuer,Link,No,Steel,Sapphire,Round,S,Standard,Silver/White,Dauphine-style,Gem-Set Indexes,8.45553053102413
https://watchbase.com/tag-heuer/link/wj1313-ba0572,tag heuer,Link,No,Steel,Sapphire,Round,XS,Professional,Silver/White,Stick/Minimalist,Gem-Set Indexes,7.496097345175956
https://watchbase.com/tag-heuer/link/wbc1313-ba0600,tag heuer,Link,No,Steel,Sapphire,Round,S,Standard,Blue,Dauphine-style,Gem-Set Indexes,7.804251383528112
https://watchbase.com/tag-heuer/link/wbc1319-ba0600,tag heuer,Link,No,Steel,Sapphire,Round,S,Standard,Blue,Dauphine-style,Gem-Set Indexes,8.45553053102413
https://watchbase.com/tag-heuer/link/wjf1317-ba0572,tag heuer,Link,No,Steel,Sapphire,Round,XS,Professional,Silver/White,Stick/Minimalist,Gem-Set Indexes,7.824445930877619
https://watchbase.com/tag-heuer/link/cat2010-ba0952,tag heuer,Link,No,Steel,Sapphire,Round,L,Professional,Black,Stick/Minimalist,Stick / Dot,8.35490952835879
https://watchbase.com/tag-heuer/link/wbc2110-ba0603,tag heuer,Link,No,Steel,Sapphire,Round,L,Standard,Black,Stick/Minimalist,Stick / Dot,8.055475141757274
https://watchbase.com/tag-heuer/link/wjf1319-ba0572,tag heuer,Link,No,Steel,Sapphire,Round,XS,Professional,Silver/White,Stick/Minimalist,Gem-Set Indexes,8.46611040118692
https://watchbase.com/tag-heuer/link/wat1110-ba0950,tag heuer,Link,No,Steel,Sapphire,Round,M,Professional,Black,Stick/Minimalist,Stick / Dot,7.8636512654486515
https://watchbase.com/tag-heuer/link/wat2112-ba0950,tag heuer,Link,No,Steel,Sapphire,Round,L,Professional,Black,Stick/Minimalist,Stick / Dot,8.160803920954665
https://watchbase.com/tag-heuer/link/wj201c-ba0591,tag heuer,Link,No,Steel,Sapphire,Round,L,Professional,Blue,Stick/Minimalist,Stick / Dot,8.101980731853192
https://watchbase.com/tag-heuer/link/wjf1353-bb0581,tag heuer,Link,No,Synthetic,Sapphire,Round,XS,Professional,Silver/White,Stick/Minimalist,Gem-Set Indexes,7.989899374942939
https://watchbase.com/tag-heuer/link/wj201b-ba0591,tag heuer,Link,No,Steel,Sapphire,Round,L,Professional,Silver/White,Stick/Minimalist,Stick / Dot,8.101980731853192
https://watchbase.com/tag-heuer/link/cat2110-ba0952,tag heuer,Link,No,Steel,Sapphire,Round,L,Professional,Black,Stick/Minimalist,Stick / Dot,8.03947991910045
https://watchbase.com/tag-heuer/link/cjf7113-ba0592,tag heuer,Link,No,Steel,Sapphire,Round,L,Professional,Blue,Stick/Minimalist,Stick / Dot,8.45553053102413
https://watchbase.com/tag-heuer/link/wj1110-ba0570,tag heuer,Link,No,Steel,Sapphire,Round,M,Professional,Black,Stick/Minimalist,Stick / Dot,7.919719760924575
https://watchbase.com/tag-heuer/link/wat1111-ba0950,tag heuer,Link,No,Steel,Sapphire,Round,M,Professional,Silver/White,Stick/Minimalist,Stick / Dot,7.8636512654486515
https://watchbase.com/tag-heuer/link/wj1112-ba0570,tag heuer,Link,No,Steel,Sapphire,Round,M,Professional,Blue,Stick/Minimalist,Stick / Dot,7.919719760924575
https://watchbase.com/tag-heuer/link/cjf2110-ba0576,tag heuer,Link,No,Steel,Sapphire,Round,L,Professional,Black,Stick/Minimalist,Stick / Dot,8.366602832783736
https://watchbase.com/tag-heuer/link/cjf2111-ba0594,tag heuer,Link,No,Steel,Sapphire,Round,L,Professional,Silver/White,Stick/Minimalist,Stick / Dot,8.476579508530941
https://watchbase.com/tag-heuer/link/wat2150-bb0953,tag heuer,Link,No,Steel,Sapphire,Round,L,Professional,Silver/White,Stick/Minimalist,Stick / Dot,8.33110454805304
https://watchbase.com/tag-heuer/link/cjf211a-ba0594,tag heuer,Link,No,Steel,Sapphire,Round,L,Professional,Black,Stick/Minimalist,Stick / Dot,8.575650760987806
https://watchbase.com/tag-heuer/link/cjf2150-bb0595,tag heuer,Link,No,Steel,Sapphire,Round,L,Professional,Silver/White,Stick/Minimalist,Stick / Dot,8.691314551644853
https://watchbase.com/tag-heuer/link/cjf2110-ba0594,tag heuer,Link,No,Steel,Sapphire,Round,L,Professional,Black,Stick/Minimalist,Stick / Dot,8.476579508530941
https://watchbase.com/tag-heuer/link/cjf7110-ba0592,tag heuer,Link,No,Steel,Sapphire,Round,L,Professional,Black,Stick/Minimalist,Stick / Dot,8.45553053102413
https://watchbase.com/tag-heuer/link/wj201d-ba0591,tag heuer,Link,No,Steel,Sapphire,Round,L,Professional,Grey/Brown,Stick/Minimalist,Stick / Dot,8.101980731853192
https://watchbase.com/tag-heuer/link/wjf1352-bb0581,tag heuer,Link,No,Synthetic,Sapphire,Round,XS,Professional,Silver/White,Stick/Minimalist,Stick / Dot,7.762596048540069
https://watchbase.com/tag-heuer/link/wjf1354-bb0581,tag heuer,Link,No,Synthetic,Sapphire,Round,XS,Professional,Silver/White,Stick/Minimalist,Gem-Set Indexes,8.546946149565585
https://watchbase.com/tag-heuer/link/cjf7112-ba0596,tag heuer,Link,No,Steel,Sapphire,Round,L,Professional,Black,Stick/Minimalist,Stick / Dot,8.45553053102413
https://watchbase.com/tag-heuer/link/cjf2115-ba0594,tag heuer,Link,No,Steel,Sapphire,Round,L,Professional,Grey/Brown,Stick/Minimalist,Stick / Dot,8.476579508530941
https://watchbase.com/tag-heuer/link/wj201a-ba0591,tag heuer,Link,No,Steel,Sapphire,Round,L,Professional,Black,Stick/Minimalist,Stick / Dot,8.101980731853192
https://watchbase.com/tag-heuer/link/cjf7111-ba0587,tag heuer,Link,No,Steel,Sapphire,Round,L,Professional,Silver/White,Stick/Minimalist,Stick / Dot,8.343077871169383
https://watchbase.com/tag-heuer/link/cjf211b-ba0594,tag heuer,Link,No,Steel,Sapphire,Round,L,Professional,Silver/White,Stick/Minimalist,Stick / Dot,8.575650760987806
https://watchbase.com/tag-heuer/link/cj1111-ba0576,tag heuer,Link,No,Steel,Sapphire,Round,L,Professional,Silver/White,Stick/Minimalist,Stick / Dot,8.071218539969863
https://watchbase.com/tag-heuer/link/cjf7110-ba0587,tag heuer,Link,No,Steel,Sapphire,Round,L,Professional,Black,Stick/Minimalist,Stick / Dot,8.343077871169383
https://watchbase.com/tag-heuer/link/cjf2114-ba0594,tag heuer,Link,No,Steel,Sapphire,Round,L,Professional,Blue,Stick/Minimalist,Stick / Dot,8.476579508530941
https://watchbase.com/tag-heuer/link/wjf211c-ba0570,tag heuer,Link,No,Steel,Sapphire,Round,M,Professional,Grey/Brown,Stick/Minimalist,Stick / Dot,8.160803920954665
https://watchbase.com/tag-heuer/link/wjf211b-ba0570,tag heuer,Link,No,Steel,Sapphire,Round,M,Professional,Silver/White,Stick/Minimalist,Stick / Dot,8.160803920954665
https://watchbase.com/tag-heuer/link/cj1112-ba0576,tag heuer,Link,No,Steel,Sapphire,Round,L,Professional,Blue,Stick/Minimalist,Stick / Dot,8.071218539969863
https://watchbase.com/tag-heuer/link/cj1110-ba0576,tag heuer,Link,No,Steel,Sapphire,Round,L,Professional,Black,Stick/Minimalist,Stick / Dot,8.071218539969863
https://watchbase.com/tag-heuer/link/ct511b-ba0564,tag heuer,Link,No,Steel,Sapphire,Round,L,Professional,Silver/White,Stick/Minimalist,Stick / Dot,9.088285725968877
https://watchbase.com/tag-heuer/link/cjf7111-ba0592,tag heuer,Link,No,Steel,Sapphire,Round,L,Professional,Silver/White,Stick/Minimalist,Stick / Dot,8.45553053102413
https://watchbase.com/tag-heuer/link/wjf211a-ba0570,tag heuer,Link,No,Steel,Sapphire,Round,M,Professional,Black,Stick/Minimalist,Stick / Dot,8.160803920954665
https://watchbase.com/tag-heuer/link/ct511a-ba0564,tag heuer,Link,No,Steel,Sapphire,Round,L,Professional,Black,Stick/Minimalist,Stick / Dot,9.088285725968877
https://watchbase.com/tag-heuer/formula-1/waz1110-ba0875,tag heuer,Formula 1,No,Steel,Sapphire,Round,L,Professional,Black,Stick/Minimalist,Stick / Dot,7.346655163176539
https://watchbase.com/tag-heuer/formula-1/wah111c-ba0850,tag heuer,Formula 1,No,Steel,Plexi,Round,L,Professional,Black,Stick/Minimalist,Stick / Dot,7.244941546337007
https://watchbase.com/tag-heuer/formula-1/cah1011-ba0860,tag heuer,Formula 1,No,Steel,Sapphire,Round,XL,Professional,Silver/White,Stick/Minimalist,Stick / Dot,7.601402334583733
https://watchbase.com/tag-heuer/formula-1/ca1211-ba0493,tag heuer,Formula 1,No,Steel,Sapphire,Round,L,Professional,Black,Stick/Minimalist,Stick / Dot,7.1316985104669115
https://watchbase.com/tag-heuer/formula-1/waz1013-fc8198,tag heuer,Formula 1,No,Steel,Sapphire,Round,L,Professional,Black,Stick/Minimalist,Stick / Dot,7.170888478512505
https://watchbase.com/tag-heuer/formula-1/caz1010-ft8024,tag heuer,Formula 1,No,Steel,Sapphire,Round,L,Professional,Black,Stick/Minimalist,Stick / Dot,7.3783837129967145
https://watchbase.com/tag-heuer/formula-1/cau1117-ft6024,tag heuer,Formula 1,No,Steel,Sapphire,Round,L,Professional,Black,Stick/Minimalist,Stick / Dot,7.576097340623111
https://watchbase.com/tag-heuer/formula-1/wah1013-ba0860,tag heuer,Formula 1,No,Steel,Sapphire,Round,XL,Professional,Black,Stick/Minimalist,Mixed,7.244941546337007
https://watchbase.com/tag-heuer/formula-1/cah1012-bt0717,tag heuer,Formula 1,No,Titanium,Sapphire,Round,XL,Professional,Black,Stick/Minimalist,Stick / Dot,7.804251383528112
https://watchbase.com/tag-heuer/formula-1/cah1111-ba0850,tag heuer,Formula 1,No,Steel,Sapphire,Round,L,Professional,Silver/White,Stick/Minimalist,Stick / Dot,7.496097345175956
https://watchbase.com/tag-heuer/formula-1/cah1113-ba0850,tag heuer,Formula 1,No,Steel,Sapphire,Round,L,Professional,Colorful,Stick/Minimalist,Stick / Dot,7.496097345175956
https://watchbase.com/tag-heuer/formula-1/caz101s-ba0842,tag heuer,Formula 1,Yes,Steel,Sapphire,Round,L,Professional,Grey/Brown,Stick/Minimalist,Mixed,7.523481312573497
https://watchbase.com/tag-heuer/formula-1/waz1112-ba0875,tag heuer,Formula 1,No,Steel,Sapphire,Round,L,Professional,Black,Stick/Minimalist,Mixed,7.313886831633462
https://watchbase.com/tag-heuer/formula-1/cau1111-ba0858,tag heuer,Formula 1,No,Steel,Sapphire,Round,L,Professional,Silver/White,Stick/Minimalist,Stick / Dot,7.3783837129967145
https://watchbase.com/tag-heuer/formula-1/wah1110-ba0858,tag heuer,Formula 1,No,Steel,Sapphire,Round,L,Professional,Black,Stick/Minimalist,Mixed,7.170888478512505
https://watchbase.com/tag-heuer/formula-1/caz1010-ba0842,tag heuer,Formula 1,No,Steel,Sapphire,Round,L,Standard,Black,Stick/Minimalist,Stick / Dot,7.496097345175956
https://watchbase.com/tag-heuer/formula-1/cbz2085-ft8093,tag heuer,Formula 1,No,Steel,Sapphire,Round,XL,Standard,Black,Stick/Minimalist,Stick / Dot,8.486940148245216
https://watchbase.com/tag-heuer/formula-1/wah1010-ba0854,tag heuer,Formula 1,No,Steel,Sapphire,Round,XL,Professional,Black,Stick/Minimalist,Mixed,7.170888478512505
https://watchbase.com/tag-heuer/formula-1/wah1112-ba0850,tag heuer,Formula 1,No,Steel,Sapphire,Round,L,Professional,Colorful,Stick/Minimalist,Stick / Dot,7.170888478512505
https://watchbase.com/tag-heuer/formula-1/cbz2082-ft8096,tag heuer,Formula 1,No,Steel,Sapphire,Round,XL,Standard,Black,Stick/Minimalist,Stick / Dot,8.444837529224097
https://watchbase.com/tag-heuer/formula-1/cau1113-ba0858,tag heuer,Formula 1,No,Steel,Sapphire,Round,L,Professional,Grey/Brown,Stick/Minimalist,Stick / Dot,7.496097345175956
https://watchbase.com/tag-heuer/formula-1/waz1110-ft8023,tag heuer,Formula 1,No,Steel,Sapphire,Round,L,Professional,Black,Stick/Minimalist,Mixed,7.208600337960199
https://watchbase.com/tag-heuer/formula-1/cah1110-bt0714,tag heuer,Formula 1,No,Steel,Sapphire,Round,L,Professional,Black,Stick/Minimalist,Stick / Dot,7.496097345175956
https://watchbase.com/tag-heuer/formula-1/cah1112-ba0850,tag heuer,Formula 1,No,Steel,Sapphire,Round,L,Professional,Colorful,Stick/Minimalist,Stick / Dot,7.496097345175956
https://watchbase.com/tag-heuer/formula-1/cah1110-ba0850,tag heuer,Formula 1,No,Steel,Sapphire,Round,L,Professional,Black,Stick/Minimalist,Stick / Dot,7.496097345175956
https://watchbase.com/tag-heuer/formula-1/cah7010-ba0854,tag heuer,Formula 1,No,Steel,Sapphire,Round,XL,Professional,Black,Stick/Minimalist,Mixed,7.804251383528112
https://watchbase.com/tag-heuer/formula-1/ca1214-ba0493,tag heuer,Formula 1,No,Steel,Sapphire,Round,L,Professional,Colorful,Stick/Minimalist,Stick / Dot,7.1316985104669115
https://watchbase.com/tag-heuer/formula-1/caz1014-ba0842,tag heuer,Formula 1,No,Steel,Sapphire,Round,L,Professional,Blue,Stick/Minimalist,Stick / Dot,7.523481312573497
https://watchbase.com/tag-heuer/formula-1/waz111a-ba0875,tag heuer,Formula 1,No,Steel,Sapphire,Round,L,Professional,Black,Stick/Minimalist,Stick / Dot,7.467942332285852
https://watchbase.com/tag-heuer/formula-1/cah1111-bt0714,tag heuer,Formula 1,No,Steel,Sapphire,Round,L,Professional,Silver/White,Dauphine-style,Stick / Dot,7.496097345175956
https://watchbase.com/tag-heuer/formula-1/waz1118-ba0875,tag heuer,Formula 1,No,Steel,Sapphire,Round,L,Standard,Blue,Stick/Minimalist,Stick / Dot,7.313886831633462
https://watchbase.com/tag-heuer/formula-1/wby1162-ft8105,tag heuer,Formula 1,No,Steel,Sapphire,Tonneau,M,Standard,Silver/White,Stick/Minimalist,Stick / Dot,7.467942332285852
https://watchbase.com/tag-heuer/formula-1/wah1110-ba0850,tag heuer,Formula 1,No,Steel,Sapphire,Round,L,Professional,Black,Stick/Minimalist,Stick / Dot,7.170888478512505
https://watchbase.com/tag-heuer/formula-1/waz1010-ba0842,tag heuer,Formula 1,No,Steel,Sapphire,Round,L,Standard,Blue,Stick/Minimalist,Stick / Dot,7.3783837129967145
https://watchbase.com/tag-heuer/formula-1/wby1161-ft8086,tag heuer,Formula 1,No,Steel,Sapphire,Tonneau,M,Standard,Silver/White,Stick/Minimalist,Stick / Dot,7.467942332285852
https://watchbase.com/tag-heuer/formula-1/ca1210-ba0493,tag heuer,Formula 1,No,Steel,Sapphire,Round,L,Professional,Blue,Stick/Minimalist,Stick / Dot,7.1316985104669115
https://watchbase.com/tag-heuer/formula-1/wby1160-ft8085,tag heuer,Formula 1,No,Steel,Sapphire,Tonneau,M,Standard,Silver/White,Stick/Minimalist,Stick / Dot,7.467942332285852
https://watchbase.com/tag-heuer/formula-1/wby111a-ft8106,tag heuer,Formula 1,No,Steel,Sapphire,Tonneau,M,Standard,Silver/White,Stick/Minimalist,Mixed,7.467942332285852
https://watchbase.com/tag-heuer/formula-1/ca1213-ba0493,tag heuer,Formula 1,No,Steel,Sapphire,Round,L,Professional,Colorful,Stick/Minimalist,Stick / Dot,7.1316985104669115
https://watchbase.com/tag-heuer/formula-1/ca1215-ba0493,tag heuer,Formula 1,No,Steel,Sapphire,Round,L,Professional,Colorful,Stick/Minimalist,Stick / Dot,7.1316985104669115
https://watchbase.com/tag-heuer/formula-1/wby1117-ft8087,tag heuer,Formula 1,No,Steel,Sapphire,Tonneau,M,Standard,Black,Stick/Minimalist,Stick / Dot,7.467942332285852
https://watchbase.com/tag-heuer/formula-1/wah1111-ba0850,tag heuer,Formula 1,No,Steel,Sapphire,Round,L,Professional,Silver/White,Stick/Minimalist,Stick / Dot,7.170888478512505
https://watchbase.com/tag-heuer/formula-1/cac111b-ba0850,tag heuer,Formula 1,No,Steel,Sapphire,Round,L,Professional,Black,Stick/Minimalist,Stick / Dot,7.523481312573497
https://watchbase.com/tag-heuer/formula-1/wby1112-ba0042,tag heuer,Formula 1,No,Steel,Sapphire,Tonneau,M,Standard,Silver/White,Stick/Minimalist,Stick / Dot,7.523481312573497
https://watchbase.com/tag-heuer/formula-1/wby1113-ba0042,tag heuer,Formula 1,No,Steel,Sapphire,Tonneau,M,Standard,Silver/White,Stick/Minimalist,Stick / Dot,7.523481312573497
https://watchbase.com/tag-heuer/formula-1/wac111a-ba0850,tag heuer,Formula 1,No,Steel,Sapphire,Round,L,Professional,Black,Stick/Minimalist,Stick / Dot,7.280008252884188
https://watchbase.com/tag-heuer/formula-1/ca1212-ba0493,tag heuer,Formula 1,No,Steel,Sapphire,Round,L,Professional,Silver/White,Stick/Minimalist,Stick / Dot,7.1316985104669115
https://watchbase.com/tag-heuer/formula-1/wby1114-ft8084,tag heuer,Formula 1,No,Steel,Sapphire,Tonneau,M,Standard,Black,Stick/Minimalist,Stick / Dot,7.467942332285852
https://watchbase.com/tag-heuer/formula-1/caz2016-fc6473,tag heuer,Formula 1,No,Steel,Sapphire,Round,XL,Professional,Colorful,Stick/Minimalist,Stick / Dot,8.071218539969863
https://watchbase.com/tag-heuer/formula-1/wby1111-ba0042,tag heuer,Formula 1,No,Steel,Sapphire,Tonneau,M,Standard,Silver/White,Stick/Minimalist,Stick / Dot,7.523481312573497
https://watchbase.com/tag-heuer/aquaracer/way101b-ba0746,tag heuer,Aquaracer,No,Steel,Sapphire,Round,L,Professional,Black,Stick/Minimalist,Stick / Dot,7.576097340623111
https://watchbase.com/tag-heuer/carrera/cv5110-fc6310,tag heuer,Carrera,No,Steel,Sapphire,Round,L,Standard,Grey/Brown,Stick/Minimalist,Stick / Dot,8.707978826622321
https://watchbase.com/tag-heuer/carrera/car2111-ba0724,tag heuer,Carrera,No,Steel,Sapphire,Round,L,Basic,Silver/White,Stick/Minimalist,Stick / Dot,8.486940148245216
https://watchbase.com/tag-heuer/carrera/was2112-fc6181,tag heuer,Carrera,No,Steel,Sapphire,Round,M,Basic,Silver/White,Stick/Minimalist,Arabic Numerals,8.202756381655638
https://watchbase.com/tag-heuer/carrera/cas2110-ba0730,tag heuer,Carrera,No,Steel,Sapphire,Round,L,Standard,Black,Stick/Minimalist,Arabic Numerals,8.546946149565585
https://watchbase.com/tag-heuer/carrera/wv2116-fc6181,tag heuer,Carrera,No,Steel,Sapphire,Round,M,Basic,Silver/White,Stick/Minimalist,Stick / Dot,8.131824785007195
https://watchbase.com/tag-heuer/carrera/cbs2214-fc6567,tag heuer,Carrera,No,Steel,Sapphire,Round,M,Standard,Blue,Stick/Minimalist,Gem-Set Indexes,9.053803514155955
https://watchbase.com/tag-heuer/carrera/cbs2213-fn6002,tag heuer,Carrera,No,Steel,Sapphire,Round,M,Standard,Blue,Stick/Minimalist,Stick / Dot,8.832149906002899
https://watchbase.com/tag-heuer/carrera/cv2a1p-fc6301,tag heuer,Carrera,Yes,Steel,Sapphire,Round,L,Standard,Black,Stick/Minimalist,Arabic Numerals,8.691314551644853
https://watchbase.com/tag-heuer/carrera/car2012-ba0799,tag heuer,Carrera,No,Steel,Sapphire,Round,L,Standard,Silver/White,Stick/Minimalist,Arabic Numerals,8.556606193773073
https://watchbase.com/tag-heuer/carrera/cv2119-ba0722,tag heuer,Carrera,Yes,Steel,Sapphire,Round,L,Standard,Silver/White,Stick/Minimalist,Stick / Dot,8.691314551644853
https://watchbase.com/tag-heuer/carrera/car2111-fc6291,tag heuer,Carrera,No,Steel,Sapphire,Round,L,Standard,Silver/White,Stick/Minimalist,Stick / Dot,8.486940148245216
https://watchbase.com/tag-heuer/carrera/car2111-ba0720,tag heuer,Carrera,No,Steel,Sapphire,Round,L,Standard,Silver/White,Stick/Minimalist,Stick / Dot,8.486940148245216
https://watchbase.com/tag-heuer/carrera/wv211a-ba0787,tag heuer,Carrera,No,Steel,Sapphire,Round,M,Basic,Silver/White,Stick/Minimalist,Stick / Dot,7.989899374942939
https://watchbase.com/tag-heuer/carrera/cbk221f-fc6479,tag heuer,Carrera,Yes,Steel,Sapphire,Round,M,Standard,Colorful,Stick/Minimalist,Stick / Dot,8.771990436532242
https://watchbase.com/tag-heuer/carrera/cv2119-fc6310,tag heuer,Carrera,No,Steel,Sapphire,Round,L,Standard,Silver/White,Stick/Minimalist,Stick / Dot,8.691314551644853
https://watchbase.com/tag-heuer/carrera/cv2010-ba0794,tag heuer,Carrera,No,Steel,Sapphire,Round,L,Standard,Black,Stick/Minimalist,Stick / Dot,8.476579508530941
https://watchbase.com/tag-heuer/carrera/cbk221h-fc8317,tag heuer,Carrera,Yes,Steel,Sapphire,Round,L,Standard,Silver/White,Stick/Minimalist,Stick / Dot,8.787372988731876
https://watchbase.com/tag-heuer/carrera/cbs2211-fc6545,tag heuer,Carrera,No,Steel,Sapphire,Round,M,Standard,Colorful,Stick/Minimalist,Stick / Dot,8.771990436532242
https://watchbase.com/tag-heuer/carrera/cbs2212-fc6535,tag heuer,Carrera,No,Steel,Sapphire,Round,M,Standard,Blue,Stick/Minimalist,Stick / Dot,8.77971129020447
https://watchbase.com/tag-heuer/carrera/car2a1z-ft6044,tag heuer,Carrera,No,Steel,Sapphire,Round,XL,Standard,Skeleton,Stick/Minimalist,Stick / Dot,8.657129031713755
https://watchbase.com/tag-heuer/carrera/war2a80-fc6337,tag heuer,Carrera,No,Titanium,Sapphire,Round,L,Standard,Black,Sword-style,Arabic Numerals,8.30671904320269
https://watchbase.com/tag-heuer/carrera/car2110-ba0720,tag heuer,Carrera,No,Steel,Sapphire,Round,L,Standard,Black,Stick/Minimalist,Stick / Dot,8.486940148245216
https://watchbase.com/tag-heuer/carrera/war201e-ba0723,tag heuer,Carrera,No,Steel,Sapphire,Round,L,Standard,Blue,Stick/Minimalist,Stick / Dot,8.006700845440367
https://watchbase.com/tag-heuer/carrera/cv2a80-fc6256,tag heuer,Carrera,No,Titanium,Sapphire,Round,L,Standard,Black,Stick/Minimalist,Arabic Numerals,8.691314551644853
https://watchbase.com/tag-heuer/carrera/cbs2210-fc6534,tag heuer,Carrera,No,Steel,Sapphire,Round,M,Standard,Black,Stick/Minimalist,Stick / Dot,8.77971129020447
https://watchbase.com/tag-heuer/carrera/cbs2211-fc6534,tag heuer,Carrera,No,Steel,Sapphire,Round,M,Standard,Colorful,Stick/Minimalist,Stick / Dot,8.771990436532242
https://watchbase.com/tag-heuer/carrera/car2a90-ft6071,tag heuer,Carrera,No,Steel,Sapphire,Round,XL,Standard,Skeleton,Stick/Minimalist,Stick / Dot,8.81001204797317
https://watchbase.com/tag-heuer/carrera/wv211a-fc6203,tag heuer,Carrera,No,Steel,Sapphire,Round,M,Basic,Silver/White,Stick/Minimalist,Stick / Dot,7.955425088912672
https://watchbase.com/tag-heuer/carrera/cv2111-fc6182,tag heuer,Carrera,No,Steel,Sapphire,Round,M,Standard,Black,Stick/Minimalist,Stick / Dot,8.639587799629844
https://watchbase.com/tag-heuer/carrera/cv2a10-ba0796,tag heuer,Carrera,No,Steel,Sapphire,Round,L,Standard,Black,Stick/Minimalist,Arabic Numerals,8.527341522468053
https://watchbase.com/tag-heuer/carrera/cs3112-bc0793,tag heuer,Carrera,No,Steel,Plexi,Round,M,Basic,Colorful,Stick/Minimalist,Stick / Dot,8.281723990411392
https://watchbase.com/tag-heuer/carrera/cbs2216-ba0041,tag heuer,Carrera,No,Steel,Sapphire,Round,M,Standard,Silver/White,Stick/Minimalist,Stick / Dot,8.787372988731876
https://watchbase.com/tag-heuer/carrera/wv3010-eb0025,tag heuer,Carrera,Yes,Steel,Sapphire,Round,L,Basic,Black,Stick/Minimalist,Stick / Dot,8.691314551644853
https://watchbase.com/tag-heuer/carrera/cv2111-fc6180,tag heuer,Carrera,No,Steel,Sapphire,Round,M,Standard,Black,Stick/Minimalist,Stick / Dot,8.639587799629844
https://watchbase.com/tag-heuer/carrera/cv2a1ab-ba0738,tag heuer,Carrera,No,Steel,Sapphire,Round,L,Standard,Black,Stick/Minimalist,Arabic Numerals,8.575650760987806
https://watchbase.com/tag-heuer/carrera/wda2111-bd0001,tag heuer,Carrera,No,Steel,Sapphire,Round,L,Standard,Black,Stick/Minimalist,Stick / Dot,9.03013657115323
https://watchbase.com/tag-heuer/carrera/cv2110-fc6180,tag heuer,Carrera,No,Steel,Sapphire,Round,M,Standard,Silver/White,Stick/Minimalist,Stick / Dot,8.639587799629844
https://watchbase.com/tag-heuer/carrera/wda2110-fc6614,tag heuer,Carrera,No,Steel,Sapphire,Round,L,Standard,Black,Stick/Minimalist,Stick / Dot,8.281723990411392
https://watchbase.com/tag-heuer/carrera/wda2111-ba0043,tag heuer,Carrera,No,Steel,Sapphire,Round,L,Standard,Black,Stick/Minimalist,Stick / Dot,8.33110454805304
https://watchbase.com/tag-heuer/carrera/wda2114-ba0043,tag heuer,Carrera,No,Steel,Sapphire,Round,L,Standard,Colorful,Stick/Minimalist,Arabic Numerals,8.476579508530941
https://watchbase.com/tag-heuer/carrera/wda2112-ba0043,tag heuer,Carrera,No,Steel,Sapphire,Round,L,Standard,Blue,Stick/Minimalist,Stick / Dot,8.33110454805304
https://watchbase.com/tag-heuer/carrera/cbs2212-ba0048,tag heuer,Carrera,No,Steel,Sapphire,Round,M,Standard,Blue,Stick/Minimalist,Stick / Dot,8.824824939175638
https://watchbase.com/tag-heuer/carrera/wda2113-ba0043,tag heuer,Carrera,No,Steel,Sapphire,Round,L,Standard,Colorful,Stick/Minimalist,Stick / Dot,8.33110454805304
https://watchbase.com/tag-heuer/carrera/cs3110-bc0725,tag heuer,Carrera,No,Steel,Plexi,Round,M,Basic,Silver/White,Stick/Minimalist,Stick / Dot,8.174984532943087
https://watchbase.com/tag-heuer/carrera/cbs2216-ba0048,tag heuer,Carrera,No,Steel,Sapphire,Round,M,Standard,Silver/White,Stick/Minimalist,Stick / Dot,8.824824939175638
https://watchbase.com/tag-heuer/carrera/car2a12-ft6033,tag heuer,Carrera,No,Steel,Sapphire,Round,L,Standard,Silver/White,Stick/Minimalist,Arabic Numerals,8.756367559802975
https://watchbase.com/tag-heuer/aquaracer/way201a-ba0927,tag heuer,Aquaracer,No,Steel,Sapphire,Round,L,Professional,Black,Stick/Minimalist,Stick / Dot,7.989899374942939
https://watchbase.com/tag-heuer/aquaracer/wap1111-ba0831,tag heuer,Aquaracer,No,Steel,Sapphire,Round,M,Professional,Silver/White,Stick/Minimalist,Stick / Dot,7.438971592395862
https://watchbase.com/tag-heuer/aquaracer/waf1110-ba0800,tag heuer,Aquaracer,No,Steel,Sapphire,Round,M,Professional,Black,Stick/Minimalist,Stick / Dot,7.438971592395862
https://watchbase.com/tag-heuer/aquaracer/wak2122-bb0835,tag heuer,Aquaracer,No,Steel,Sapphire,Round,L,Extreme,Black,Stick/Minimalist,Stick / Dot,8.216358332386156
https://watchbase.com/tag-heuer/aquaracer/waf1120-bb0807,tag heuer,Aquaracer,No,Steel,Sapphire,Round,M,Professional,Silver/White,Stick/Minimalist,Stick / Dot,7.762596048540069
https://watchbase.com/tag-heuer/aquaracer/wbp1114-ba0000,tag heuer,Aquaracer,No,Steel,Sapphire,Round,L,Professional,Black,Stick/Minimalist,Stick / Dot,7.741099090035366
https://watchbase.com/tag-heuer/aquaracer/wbp1180-bf0000,tag heuer,Aquaracer,No,Titanium,Sapphire,Round,L,Professional,Black,Stick/Minimalist,Stick / Dot,7.989899374942939
https://watchbase.com/tag-heuer/aquaracer/way201j-fc6370,tag heuer,Aquaracer,No,Steel,Sapphire,Round,L,Professional,Black,Sword-style,Stick / Dot,8.006700845440367
https://watchbase.com/tag-heuer/aquaracer/way111a-ba0928,tag heuer,Aquaracer,No,Steel,Sapphire,Round,L,Professional,Black,Stick/Minimalist,Stick / Dot,7.523481312573497
https://watchbase.com/tag-heuer/aquaracer/caf2011-ba0815,tag heuer,Aquaracer,No,Steel,Sapphire,Round,L,Professional,Silver/White,Stick/Minimalist,Stick / Dot,8.131824785007195
https://watchbase.com/tag-heuer/aquaracer/wap2010-ba0830,tag heuer,Aquaracer,No,Steel,Sapphire,Round,L,Professional,Black,Stick/Minimalist,Stick / Dot,7.741099090035366
https://watchbase.com/tag-heuer/aquaracer/wak2111-ba0830,tag heuer,Aquaracer,No,Steel,Sapphire,Round,L,Extreme,Blue,Stick/Minimalist,Stick / Dot,8.006700845440367
https://watchbase.com/tag-heuer/aquaracer/wap1112-ba0831,tag heuer,Aquaracer,No,Steel,Sapphire,Round,L,Professional,Silver/White,Stick/Minimalist,Stick / Dot,7.438971592395862
https://watchbase.com/tag-heuer/aquaracer/caf7011-ba0815,tag heuer,Aquaracer,No,Steel,Sapphire,Round,L,Professional,Silver/White,Stick/Minimalist,Stick / Dot,7.650168700845001
https://watchbase.com/tag-heuer/aquaracer/waf2011-ba0818,tag heuer,Aquaracer,No,Steel,Sapphire,Round,L,Professional,Silver/White,Stick/Minimalist,Stick / Dot,7.741099090035366
https://watchbase.com/tag-heuer/aquaracer/cay1110-ba0927,tag heuer,Aquaracer,No,Steel,Sapphire,Round,L,Professional,Black,Stick/Minimalist,Stick / Dot,7.762596048540069
https://watchbase.com/tag-heuer/aquaracer/can1011-ba0821,tag heuer,Aquaracer,No,Steel,Sapphire,Round,L,Professional,Blue,Stick/Minimalist,Stick / Dot,7.824445930877619
https://watchbase.com/tag-heuer/aquaracer/wbp5a8a-bf0619,tag heuer,Aquaracer,No,Steel,Sapphire,Round,XL,Extreme,Black,Sword-style,Stick / Dot,8.771990436532242
https://watchbase.com/tag-heuer/aquaracer/wan2111-ba0822,tag heuer,Aquaracer,No,Steel,Sapphire,Round,L,Professional,Blue,Sword-style,Stick / Dot,7.783640596221253
https://watchbase.com/tag-heuer/aquaracer/wan2110-ba0822,tag heuer,Aquaracer,No,Steel,Sapphire,Round,L,Extreme,Black,Sword-style,Stick / Dot,7.783640596221253
https://watchbase.com/tag-heuer/aquaracer/way101c-ba0746,tag heuer,Aquaracer,No,Steel,Sapphire,Round,L,Professional,Blue,Sword-style,Stick / Dot,7.576097340623111
https://watchbase.com/tag-heuer/aquaracer/waf1014-ba0822,tag heuer,Aquaracer,No,Steel,Sapphire,Round,L,Professional,Black,Stick/Minimalist,Stick / Dot,7.650168700845001
https://watchbase.com/tag-heuer/aquaracer/caf7111-ba0803,tag heuer,Aquaracer,No,Steel,Sapphire,Round,L,Professional,Black,Stick/Minimalist,Stick / Dot,7.650168700845001
https://watchbase.com/tag-heuer/aquaracer/cay2112-ba0927,tag heuer,Aquaracer,No,Steel,Sapphire,Round,L,Professional,Blue,Stick/Minimalist,Stick / Dot,8.146419323098003
https://watchbase.com/tag-heuer/aquaracer/caf7010-ft8011,tag heuer,Aquaracer,No,Steel,Sapphire,Round,L,Professional,Black,Stick/Minimalist,Stick / Dot,7.62608275807238
https://watchbase.com/tag-heuer/aquaracer/waf1112-ba0801,tag heuer,Aquaracer,No,Steel,Sapphire,Round,M,Professional,Silver/White,Stick/Minimalist,Stick / Dot,7.438971592395862
https://watchbase.com/tag-heuer/aquaracer/caf7110-ba0803,tag heuer,Aquaracer,No,Steel,Sapphire,Round,L,Professional,Blue,Stick/Minimalist,Stick / Dot,7.650168700845001
https://watchbase.com/tag-heuer/aquaracer/way218c-fc6364,tag heuer,Aquaracer,Yes,Titanium,Sapphire,Round,L,Extreme,Black,Stick/Minimalist,Stick / Dot,8.146419323098003
https://watchbase.com/tag-heuer/aquaracer/waf2111-ba0806,tag heuer,Aquaracer,No,Steel,Sapphire,Round,M,Professional,Silver/White,Stick/Minimalist,Stick / Dot,7.741099090035366
https://watchbase.com/tag-heuer/aquaracer/caf1112-ba0803,tag heuer,Aquaracer,No,Steel,Sapphire,Round,L,Professional,Blue,Stick/Minimalist,Stick / Dot,7.244941546337007
https://watchbase.com/tag-heuer/aquaracer/waf1110-ft8009,tag heuer,Aquaracer,No,Steel,Sapphire,Round,M,Professional,Black,Stick/Minimalist,Stick / Dot,7.244941546337007
https://watchbase.com/tag-heuer/aquaracer/caf2010-ba0815,tag heuer,Aquaracer,No,Steel,Sapphire,Round,L,Professional,Black,Stick/Minimalist,Stick / Dot,8.131824785007195
https://watchbase.com/tag-heuer/aquaracer/caf2120-bb0816,tag heuer,Aquaracer,No,Steel,Sapphire,Round,L,Professional,Silver/White,Stick/Minimalist,Stick / Dot,8.31898612539206
https://watchbase.com/tag-heuer/aquaracer/wap1110-ba0831,tag heuer,Aquaracer,No,Steel,Sapphire,Round,M,Professional,Black,Stick/Minimalist,Stick / Dot,7.438971592395862
https://watchbase.com/tag-heuer/aquaracer/cap2110-ba0833,tag heuer,Aquaracer,No,Steel,Sapphire,Round,L,Professional,Black,Stick/Minimalist,Stick / Dot,8.131824785007195
https://watchbase.com/tag-heuer/aquaracer/wbp5110-ba0013,tag heuer,Aquaracer,No,Steel,Sapphire,Round,L,Professional,Black,Sword-style,Stick / Dot,8.229777750081887
https://watchbase.com/tag-heuer/aquaracer/caf7012-ba0815,tag heuer,Aquaracer,No,Steel,Sapphire,Round,L,Professional,Blue,Stick/Minimalist,Stick / Dot,7.650168700845001
https://watchbase.com/tag-heuer/aquaracer/caf2110-ba0803,tag heuer,Aquaracer,No,Steel,Sapphire,Round,L,Professional,Black,Stick/Minimalist,Stick / Dot,7.59890045687141
https://watchbase.com/tag-heuer/aquaracer/wak2110-ba0830,tag heuer,Aquaracer,No,Steel,Sapphire,Round,L,Extreme,Black,Stick/Minimalist,Stick / Dot,8.006700845440367
https://watchbase.com/tag-heuer/aquaracer/way201h-ba0927,tag heuer,Aquaracer,Yes,Steel,Sapphire,Round,L,Professional,Blue,Stick/Minimalist,Stick / Dot,8.055475141757274
https://watchbase.com/tag-heuer/aquaracer/caf2110-ba0809,tag heuer,Aquaracer,No,Steel,Sapphire,Round,L,Professional,Black,Stick/Minimalist,Stick / Dot,8.131824785007195
https://watchbase.com/tag-heuer/aquaracer/wbp5114-ba0013,tag heuer,Aquaracer,No,Steel,Sapphire,Round,L,Professional,Blue,Sword-style,Stick / Dot,8.33110454805304
https://watchbase.com/tag-heuer/aquaracer/wbp5111-ba0013,tag heuer,Aquaracer,No,Steel,Sapphire,Round,L,Professional,Blue,Sword-style,Stick / Dot,8.229777750081887
https://watchbase.com/tag-heuer/aquaracer/wbp5116-ba0013,tag heuer,Aquaracer,No,Steel,Sapphire,Round,L,Professional,Colorful,Sword-style,Stick / Dot,8.229777750081887
https://watchbase.com/tag-heuer/aquaracer/waf2110-ba0806,tag heuer,Aquaracer,No,Steel,Sapphire,Round,M,Professional,Black,Stick/Minimalist,Stick / Dot,7.741099090035366
https://watchbase.com/omega/miscellaneous/2514-30-00,omega,Miscellaneous,No,Steel,Sapphire,Round,M,Professional,Silver/White,Proprietary,Mixed,7.074116816197362
https://watchbase.com/omega/miscellaneous/2514-50-00,omega,Miscellaneous,No,Steel,Sapphire,Round,M,Professional,Black,Proprietary,Mixed,7.074116816197362
https://watchbase.com/omega/seamaster-bullhead/225-12-43-50-02-001,omega,Seamaster Bullhead,Yes,Steel,Sapphire,Cushion,L,Standard,Silver/White,Stick/Minimalist,Stick / Dot,9.23024103368252
https://watchbase.com/omega/speedmaster-pilot/332-10-41-51-01-002,omega,Speedmaster Pilot,No,Steel,Sapphire,Round,L,Standard,Black,Sword-style,Stick / Dot,9.259225769705994
https://watchbase.com/omega/seamaster-bullhead/522-12-43-50-04-001,omega,Seamaster Bullhead,Yes,Steel,Sapphire,Cushion,L,Standard,Silver/White,Stick/Minimalist,Stick / Dot,9.116139576577355
https://watchbase.com/omega/seamaster-bullhead/225-12-43-50-04-001,omega,Seamaster Bullhead,Yes,Steel,Sapphire,Cushion,L,Standard,Silver/White,Stick/Minimalist,Stick / Dot,8.999742789830492
https://watchbase.com/omega/seamaster-bullhead/st-146-011,omega,Seamaster Bullhead,No,Steel,Sapphire,Cushion,L,Standard,Grey/Brown,Stick/Minimalist,Stick / Dot,9.105090961257085
https://watchbase.com/omega/seamaster-bullhead/225-12-43-50-01-001,omega,Seamaster Bullhead,Yes,Steel,Sapphire,Cushion,L,Standard,Black,Stick/Minimalist,Stick / Dot,9.23024103368252
https://watchbase.com/omega/speedmaster-chronoscope/522-32-43-51-02-001,omega,Speedmaster Chronoscope,No,Steel,Sapphire,Round,L,Basic,Silver/White,Leaf-style,Arabic Numerals,9.259225769705994
https://watchbase.com/omega/speedmaster-chronoscope/329-32-43-51-03-001,omega,Speedmaster Chronoscope,No,Steel,Sapphire,Round,L,Basic,Blue,Leaf-style,Arabic Numerals,9.200391041122515
https://watchbase.com/omega/speedmaster-chronoscope/329-92-43-51-10-001,omega,Speedmaster Chronoscope,No,Gold Variants,Sapphire,Round,L,Basic,Grey/Brown,Leaf-style,Arabic Numerals,9.770013301136158
https://watchbase.com/omega/speedmaster-chronoscope/522-62-43-51-02-001,omega,Speedmaster Chronoscope,No,Steel,Sapphire,Round,L,Basic,Silver/White,Leaf-style,Arabic Numerals,10.499600568082863
https://watchbase.com/omega/speedmaster-chronoscope/329-32-43-51-02-001,omega,Speedmaster Chronoscope,No,Steel,Sapphire,Round,L,Basic,Silver/White,Leaf-style,Arabic Numerals,9.200391041122515
https://watchbase.com/omega/speedmaster-chronoscope/329-33-43-51-02-001,omega,Speedmaster Chronoscope,No,Steel,Sapphire,Round,L,Basic,Silver/White,Leaf-style,Arabic Numerals,9.200391041122515
https://watchbase.com/omega/speedmaster-chronoscope/522-60-43-51-02-001,omega,Speedmaster Chronoscope,No,Steel,Sapphire,Round,L,Basic,Silver/White,Leaf-style,Arabic Numerals,10.950824090522445
https://watchbase.com/omega/speedmaster-chronoscope/522-30-43-51-02-001,omega,Speedmaster Chronoscope,No,Steel,Sapphire,Round,L,Basic,Silver/White,Leaf-style,Arabic Numerals,9.296609807128359
https://watchbase.com/omega/speedmaster-chronoscope/329-30-43-51-02-002,omega,Speedmaster Chronoscope,No,Steel,Sapphire,Round,L,Basic,Silver/White,Leaf-style,Arabic Numerals,9.23024103368252
https://watchbase.com/omega/speedmaster-chronoscope/329-30-43-51-02-001,omega,Speedmaster Chronoscope,No,Steel,Sapphire,Round,L,Basic,Silver/White,Leaf-style,Arabic Numerals,9.23024103368252
https://watchbase.com/omega/speedmaster-chronoscope/329-30-43-51-03-001,omega,Speedmaster Chronoscope,No,Steel,Sapphire,Round,L,Basic,Blue,Leaf-style,Arabic Numerals,9.23024103368252
https://watchbase.com/omega/seamaster-ploprof/224-32-55-21-04-001,omega,Seamaster PloProf,No,Steel,Sapphire,Other,XXL,Extreme,Silver/White,Sword-style,Stick / Dot,8.987321812850125
https://watchbase.com/omega/seamaster-ploprof/224-30-55-21-04-001,omega,Seamaster PloProf,No,Steel,Sapphire,Other,XXL,Extreme,Silver/White,Sword-style,Stick / Dot,9.012011377036412
https://watchbase.com/omega/seamaster-ploprof/224-30-55-21-01-001,omega,Seamaster PloProf,No,Steel,Sapphire,Other,XXL,Extreme,Black,Sword-style,Stick / Dot,9.012011377036412
https://watchbase.com/omega/seamaster-ploprof/227-90-55-21-99-001,omega,Seamaster PloProf,No,Titanium,Sapphire,Other,XXL,Extreme,Grey/Brown,Sword-style,Stick / Dot,9.48044384215367
https://watchbase.com/omega/seamaster-ploprof/227-90-55-21-04-001,omega,Seamaster PloProf,No,Titanium,Sapphire,Other,XXL,Extreme,Silver/White,Sword-style,Stick / Dot,9.392745258631441
https://watchbase.com/omega/seamaster-ploprof/224-32-55-21-01-002,omega,Seamaster PloProf,No,Steel,Sapphire,Other,XXL,Extreme,Black,Sword-style,Stick / Dot,8.987321812850125
https://watchbase.com/omega/seamaster-ploprof/224-32-55-21-01-001,omega,Seamaster PloProf,No,Steel,Sapphire,Other,XXL,Extreme,Black,Sword-style,Stick / Dot,8.987321812850125
https://watchbase.com/omega/seamaster-ploprof/227-60-55-21-03-001,omega,Seamaster PloProf,No,Steel,Sapphire,Other,XXL,Extreme,Blue,Sword-style,Stick / Dot,9.814710982145282
https://watchbase.com/omega/seamaster-ploprof/227-90-55-21-99-002,omega,Seamaster PloProf,No,Titanium,Sapphire,Other,XXL,Extreme,Grey/Brown,Sword-style,Stick / Dot,9.48044384215367
https://watchbase.com/omega/seamaster-ploprof/227-90-55-21-01-001,omega,Seamaster PloProf,No,Titanium,Sapphire,Other,XXL,Extreme,Black,Sword-style,Stick / Dot,9.392745258631441
https://watchbase.com/omega/seamaster-ploprof/227-32-55-21-03-001,omega,Seamaster PloProf,No,Steel,Sapphire,Other,XXL,Extreme,Blue,Sword-style,Stick / Dot,9.642187721358466
https://watchbase.com/omega/speedmaster-first-omega-in-space/310-32-40-50-06-002,omega,Speedmaster First Omega in Space,No,Steel,Sapphire,Round,L,Basic,Blue,Stick/Minimalist,Stick / Dot,9.024131268455035
https://watchbase.com/omega/speedmaster-first-omega-in-space/311-63-40-30-02-001,omega,Speedmaster First Omega in Space,No,Gold Variants,Sapphire,Round,L,Basic,Silver/White,Stick/Minimalist,Stick / Dot,9.692828247710418
https://watchbase.com/omega/speedmaster-first-omega-in-space/311-32-40-30-06-001,omega,Speedmaster First Omega in Space,Yes,Steel,Sapphire,Round,L,Basic,Grey/Brown,Stick/Minimalist,Stick / Dot,8.665785595466064
https://watchbase.com/omega/speedmaster-first-omega-in-space/310-32-40-50-06-001,omega,Speedmaster First Omega in Space,No,Steel,Sapphire,Round,L,Basic,Blue,Stick/Minimalist,Stick / Dot,9.024131268455035
https://watchbase.com/omega/speedmaster-first-omega-in-space/311-32-40-30-01-001,omega,Speedmaster First Omega in Space,No,Steel,Sapphire,Round,L,Basic,Black,Stick/Minimalist,Stick / Dot,8.517393171418904
https://watchbase.com/omega/speedmaster-first-omega-in-space/310-30-40-50-06-001,omega,Speedmaster First Omega in Space,No,Steel,Sapphire,Round,L,Basic,Blue,Stick/Minimalist,Stick / Dot,9.071193240566025
https://watchbase.com/omega/speedmaster-dark-side-of-the-moon/311-92-44-30-01-002,omega,Speedmaster Dark Side of the Moon,No,Synthetic,Sapphire,Round,XL,Basic,Black,Stick/Minimalist,Stick / Dot,9.34145634983372
https://watchbase.com/omega/dynamic/5290-50-41,omega,Dynamic,No,Steel,Sapphire,Round,M,Standard,Black,Sword-style,Arabic Numerals,6.966967138613983
https://watchbase.com/omega/dynamic/5290-50-40,omega,Dynamic,No,Steel,Sapphire,Round,M,Standard,Black,Sword-style,Arabic Numerals,6.966967138613983
https://watchbase.com/omega/dynamic/5250-50-41,omega,Dynamic,No,Steel,Sapphire,Round,M,Standard,Black,Sword-style,Arabic Numerals,6.608000625296087
https://watchbase.com/omega/dynamic/5250-50-40,omega,Dynamic,No,Steel,Sapphire,Round,M,Standard,Black,Sword-style,Arabic Numerals,6.608000625296087
https://watchbase.com/omega/dynamic/5291-51-07,omega,Dynamic,Yes,Steel,Sapphire,Round,M,Standard,Black,Sword-style,Arabic Numerals,7.01301578963963
https://watchbase.com/omega/dynamic/5240-50-00,omega,Dynamic,No,Steel,Sapphire,Round,M,Standard,Black,Sword-style,Arabic Numerals,7.074116816197362
https://watchbase.com/omega/dynamic/5200-50-00,omega,Dynamic,No,Steel,Sapphire,Round,M,Standard,Black,Sword-style,Arabic Numerals,6.769641976852503
https://watchbase.com/omega/speedmaster-dark-side-of-the-moon/311-92-44-51-01-004,omega,Speedmaster Dark Side of the Moon,No,Synthetic,Sapphire,Round,XL,Basic,Black,Stick/Minimalist,Stick / Dot,9.53249633228804
https://watchbase.com/omega/speedmaster-dark-side-of-the-moon/311-63-44-51-06-001,omega,Speedmaster Dark Side of the Moon,No,Synthetic,Sapphire,Round,XL,Basic,Black,Stick/Minimalist,Stick / Dot,9.758519582283522
https://watchbase.com/omega/speedmaster-dark-side-of-the-moon/311-92-44-51-01-007,omega,Speedmaster Dark Side of the Moon,No,Synthetic,Sapphire,Round,XL,Basic,Black,Stick/Minimalist,Stick / Dot,9.53249633228804
https://watchbase.com/omega/speedmaster-dark-side-of-the-moon/311-92-44-51-01-006,omega,Speedmaster Dark Side of the Moon,No,Synthetic,Sapphire,Round,XL,Basic,Black,Stick/Minimalist,Stick / Dot,9.53249633228804
https://watchbase.com/omega/speedmaster-dark-side-of-the-moon/311-92-44-51-01-003,omega,Speedmaster Dark Side of the Moon,No,Synthetic,Sapphire,Round,XL,Basic,Black,Stick/Minimalist,Stick / Dot,9.34145634983372
https://watchbase.com/omega/speedmaster-dark-side-of-the-moon/311-92-44-51-01-005,omega,Speedmaster Dark Side of the Moon,No,Synthetic,Sapphire,Round,XL,Basic,Black,Stick/Minimalist,Stick / Dot,9.53249633228804
https://watchbase.com/omega/speedmaster-dark-side-of-the-moon/311-92-44-30-01-001,omega,Speedmaster Dark Side of the Moon,No,Synthetic,Sapphire,Round,XL,Basic,Skeleton,Stick/Minimalist,Stick / Dot,9.358846580275406
https://watchbase.com/omega/speedmaster-dark-side-of-the-moon/310-92-44-50-01-001,omega,Speedmaster Dark Side of the Moon,No,Synthetic,Sapphire,Round,XL,Basic,Skeleton,Stick/Minimalist,Stick / Dot,9.6678285081515
https://watchbase.com/omega/x-33-z-33/325-92-43-79-01-002,omega,X-33 / Z-33,No,Titanium,Sapphire,Oval,L,Basic,Black,Dauphine-style,Stick / Dot,8.630700432209832
https://watchbase.com/omega/x-33-z-33/3991-50-41,omega,X-33 / Z-33,No,Titanium,Sapphire,Round,L,Basic,Black,Stick/Minimalist,Stick / Dot,7.75833346749091
https://watchbase.com/omega/x-33-z-33/3990-50-06,omega,X-33 / Z-33,No,Titanium,Sapphire,Round,L,Basic,Black,Stick/Minimalist,Stick / Dot,7.72356247227797
https://watchbase.com/omega/x-33-z-33/325-92-43-79-01-001,omega,X-33 / Z-33,No,Titanium,Sapphire,Oval,L,Basic,Black,Dauphine-style,Stick / Dot,8.630700432209832
https://watchbase.com/omega/x-33-z-33/318-92-45-79-01-001,omega,X-33 / Z-33,Yes,Titanium,Sapphire,Round,XL,Basic,Black,Stick/Minimalist,Stick / Dot,8.748463629942055
https://watchbase.com/omega/x-33-z-33/3991-50-09,omega,X-33 / Z-33,No,Titanium,Sapphire,Round,L,Basic,Black,Stick/Minimalist,Stick / Dot,7.75833346749091
https://watchbase.com/omega/x-33-z-33/3291-50-00,omega,X-33 / Z-33,No,Titanium,Sapphire,Round,L,Basic,Black,Stick/Minimalist,Stick / Dot,7.944846711001996
https://watchbase.com/omega/x-33-z-33/325-90-43-79-01-001,omega,X-33 / Z-33,No,Titanium,Sapphire,Oval,L,Basic,Black,Dauphine-style,Stick / Dot,8.682877107057168
https://watchbase.com/omega/x-33-z-33/3991-50-06,omega,X-33 / Z-33,No,Titanium,Sapphire,Round,L,Basic,Black,Stick/Minimalist,Stick / Dot,7.75833346749091
https://watchbase.com/omega/x-33-z-33/318-90-45-79-01-001,omega,X-33 / Z-33,No,Titanium,Sapphire,Round,XL,Basic,Black,Stick/Minimalist,Stick / Dot,8.748463629942055
https://watchbase.com/omega/x-33-z-33/3290-50-00,omega,X-33 / Z-33,No,Titanium,Sapphire,Round,L,Basic,Black,Stick/Minimalist,Stick / Dot,7.916078096302786
https://watchbase.com/omega/x-33-z-33/318-90-45-79-01-003,omega,X-33 / Z-33,No,Steel,Sapphire,Round,XL,Basic,Black,Stick/Minimalist,Stick / Dot,8.922791623969637
https://watchbase.com/omega/x-33-z-33/318-92-45-79-03-001,omega,X-33 / Z-33,Yes,Titanium,Sapphire,Round,XL,Basic,Blue,Stick/Minimalist,Stick / Dot,8.748463629942055
https://watchbase.com/omega/x-33-z-33/216-92-46-73-10-001,omega,X-33 / Z-33,Yes,Steel,Sapphire,Round,XL,Basic,Silver/White,Proprietary,Stick / Dot,8.999742789830492
https://watchbase.com/omega/globemaster/130-23-41-22-11-001,omega,Globemaster,No,Steel,Sapphire,Round,L,Standard,Colorful,Stick/Minimalist,Stick / Dot,9.517898598432753
https://watchbase.com/omega/globemaster/130-23-41-22-06-001,omega,Globemaster,No,Steel,Sapphire,Round,L,Standard,Grey/Brown,Stick/Minimalist,Stick / Dot,9.517898598432753
https://watchbase.com/omega/globemaster/130-53-41-22-03-001,omega,Globemaster,No,Gold Variants,Sapphire,Round,L,Standard,Grey/Brown,Stick/Minimalist,Stick / Dot,10.373522431293592
https://watchbase.com/omega/globemaster/130-53-39-21-02-001,omega,Globemaster,No,Gold Variants,Sapphire,Round,M,Standard,Silver/White,Stick/Minimalist,Stick / Dot,10.192456296870509
https://watchbase.com/omega/globemaster/130-53-41-22-01-001,omega,Globemaster,No,Gold Variants,Sapphire,Round,L,Standard,Black,Stick/Minimalist,Stick / Dot,9.99884318585288
https://watchbase.com/omega/globemaster/130-53-39-21-02-002,omega,Globemaster,No,Gold Variants,Sapphire,Round,M,Standard,Silver/White,Stick/Minimalist,Stick / Dot,10.192456296870509
https://watchbase.com/omega/globemaster/130-53-41-22-99-002,omega,Globemaster,No,Gold Variants,Sapphire,Round,L,Standard,Colorful,Stick/Minimalist,Stick / Dot,10.5610334618531
https://watchbase.com/omega/globemaster/130-33-39-21-02-001,omega,Globemaster,No,Steel,Sapphire,Round,M,Standard,Silver/White,Stick/Minimalist,Stick / Dot,8.999742789830492
https://watchbase.com/omega/globemaster/130-20-39-21-03-001,omega,Globemaster,No,Steel,Sapphire,Round,M,Standard,Blue,Stick/Minimalist,Stick / Dot,9.568084743872936
https://watchbase.com/omega/globemaster/130-33-41-22-02-001,omega,Globemaster,No,Steel,Sapphire,Round,L,Standard,Silver/White,Stick/Minimalist,Stick / Dot,9.210440366976517
https://watchbase.com/omega/globemaster/130-93-41-22-99-001,omega,Globemaster,Yes,Platinum,Sapphire,Round,L,Standard,Grey/Brown,Stick/Minimalist,Stick / Dot,10.753659849198824
https://watchbase.com/omega/globemaster/130-33-41-22-06-001,omega,Globemaster,No,Steel,Sapphire,Round,L,Standard,Grey/Brown,Stick/Minimalist,Stick / Dot,9.210440366976517
https://watchbase.com/omega/globemaster/130-23-41-22-01-001,omega,Globemaster,No,Steel,Sapphire,Round,L,Standard,Black,Stick/Minimalist,Stick / Dot,9.210440366976517
https://watchbase.com/omega/globemaster/130-93-41-22-99-002,omega,Globemaster,Yes,Platinum,Sapphire,Round,L,Standard,Silver/White,Stick/Minimalist,Stick / Dot,10.929547069355774
https://watchbase.com/omega/globemaster/130-33-41-22-01-001,omega,Globemaster,No,Steel,Sapphire,Round,L,Standard,Black,Stick/Minimalist,Stick / Dot,8.987321812850125
https://watchbase.com/omega/globemaster/130-23-39-21-03-001,omega,Globemaster,No,Steel,Sapphire,Round,M,Standard,Blue,Stick/Minimalist,Stick / Dot,9.296609807128359
https://watchbase.com/omega/globemaster/130-93-39-21-99-001,omega,Globemaster,Yes,Platinum,Sapphire,Round,M,Standard,Silver/White,Stick/Minimalist,Stick / Dot,10.768506042432708
https://watchbase.com/omega/globemaster/130-23-39-21-02-001,omega,Globemaster,No,Steel,Sapphire,Round,M,Standard,Silver/White,Stick/Minimalist,Stick / Dot,9.296609807128359
https://watchbase.com/omega/globemaster/130-33-41-22-10-001,omega,Globemaster,No,Steel,Sapphire,Round,L,Standard,Colorful,Stick/Minimalist,Stick / Dot,9.210440366976517
https://watchbase.com/omega/globemaster/130-20-39-21-02-001,omega,Globemaster,No,Steel,Sapphire,Round,M,Standard,Silver/White,Stick/Minimalist,Stick / Dot,9.568084743872936
https://watchbase.com/omega/globemaster/130-30-39-21-02-001,omega,Globemaster,No,Steel,Sapphire,Round,M,Standard,Silver/White,Stick/Minimalist,Stick / Dot,9.04793908261736
https://watchbase.com/omega/globemaster/130-33-39-21-03-001,omega,Globemaster,No,Steel,Sapphire,Round,M,Standard,Blue,Stick/Minimalist,Stick / Dot,8.999742789830492
https://watchbase.com/omega/globemaster/130-30-39-21-03-001,omega,Globemaster,No,Steel,Sapphire,Round,M,Standard,Blue,Stick/Minimalist,Stick / Dot,9.04793908261736
https://watchbase.com/omega/seamaster/522-32-40-20-04-005,omega,Seamaster,Yes,Steel,Sapphire,Round,L,Basic,Silver/White,Sword-style,Stick / Dot,8.853808274977197
https://watchbase.com/omega/seamaster/522-32-40-20-04-004,omega,Seamaster,Yes,Steel,Sapphire,Round,L,Basic,Silver/White,Sword-style,Stick / Dot,8.853808274977197
https://watchbase.com/omega/seamaster/511-13-40-20-06-001,omega,Seamaster,Yes,Steel,Sapphire,Round,L,Basic,Grey/Brown,Leaf-style,Stick / Dot,9.105090961257085
https://watchbase.com/omega/seamaster/511-13-40-20-06-002,omega,Seamaster,Yes,Steel,Sapphire,Round,L,Basic,Grey/Brown,Leaf-style,Stick / Dot,9.024131268455035
https://watchbase.com/omega/seamaster/522-53-40-20-04-001,omega,Seamaster,No,Gold Variants,Sapphire,Round,L,Basic,Silver/White,Leaf-style,Stick / Dot,10.056251557087757
https://watchbase.com/omega/seamaster/522-32-40-20-01-005,omega,Seamaster,Yes,Steel,Sapphire,Round,L,Basic,Black,Stick/Minimalist,Stick / Dot,8.764209507142004
https://watchbase.com/omega/seamaster/522-32-40-20-04-001,omega,Seamaster,Yes,Steel,Sapphire,Round,L,Basic,Silver/White,Sword-style,Stick / Dot,8.853808274977197
https://watchbase.com/omega/seamaster/511-13-40-20-03-002,omega,Seamaster,Yes,Steel,Sapphire,Round,L,Basic,Blue,Leaf-style,Stick / Dot,9.105090961257085
https://watchbase.com/omega/seamaster/522-32-40-20-04-003,omega,Seamaster,Yes,Steel,Sapphire,Round,L,Basic,Silver/White,Sword-style,Stick / Dot,8.853808274977197
https://watchbase.com/omega/seamaster/522-32-40-20-04-002,omega,Seamaster,Yes,Steel,Sapphire,Round,L,Basic,Silver/White,Sword-style,Stick / Dot,8.853808274977197
https://watchbase.com/omega/seamaster/522-53-40-20-04-003,omega,Seamaster,No,Gold Variants,Sapphire,Round,L,Basic,Silver/White,Leaf-style,Stick / Dot,10.056251557087757
https://watchbase.com/omega/seamaster/522-93-40-20-01-001,omega,Seamaster,Yes,Platinum,Sapphire,Round,L,Basic,Black,Leaf-style,Stick / Dot,10.712215345197256
https://watchbase.com/omega/seamaster/511-13-40-20-04-002,omega,Seamaster,Yes,Steel,Sapphire,Round,L,Basic,Silver/White,Leaf-style,Stick / Dot,9.105090961257085
https://watchbase.com/omega/seamaster/511-13-40-20-06-003,omega,Seamaster,Yes,Steel,Sapphire,Round,L,Basic,Grey/Brown,Leaf-style,Stick / Dot,9.105090961257085
https://watchbase.com/omega/seamaster/522-32-40-20-01-001,omega,Seamaster,Yes,Steel,Sapphire,Round,L,Basic,Black,Stick/Minimalist,Stick / Dot,8.764209507142004
https://watchbase.com/omega/seamaster/522-32-40-20-01-002,omega,Seamaster,Yes,Steel,Sapphire,Round,L,Basic,Black,Stick/Minimalist,Stick / Dot,8.764209507142004
https://watchbase.com/omega/seamaster/522-53-40-20-04-002,omega,Seamaster,No,Gold Variants,Sapphire,Round,L,Basic,Silver/White,Leaf-style,Stick / Dot,10.154285180632154
https://watchbase.com/omega/seamaster/522-32-40-20-01-004,omega,Seamaster,Yes,Steel,Sapphire,Round,L,Basic,Black,Stick/Minimalist,Stick / Dot,8.764209507142004
https://watchbase.com/omega/seamaster/522-32-40-20-01-003,omega,Seamaster,Yes,Steel,Sapphire,Round,L,Basic,Black,Stick/Minimalist,Stick / Dot,8.764209507142004
https://watchbase.com/omega/seamaster/511-53-40-20-02-001,omega,Seamaster,No,Gold Variants,Sapphire,Round,L,Basic,Silver/White,Leaf-style,Stick / Dot,9.857495968685136
https://watchbase.com/omega/seamaster/511-13-40-20-11-002,omega,Seamaster,No,Steel,Sapphire,Round,L,Basic,Colorful,Leaf-style,Stick / Dot,9.105090961257085
https://watchbase.com/omega/seamaster/511-13-40-20-02-001,omega,Seamaster,No,Steel,Sapphire,Round,L,Basic,Silver/White,Leaf-style,Stick / Dot,8.909370405197466
https://watchbase.com/omega/speedmaster-57/331-53-42-51-02-001,omega,Speedmaster '57,No,Gold Variants,Sapphire,Round,L,Standard,Silver/White,Stick/Minimalist,Stick / Dot,10.285376924115587
https://watchbase.com/omega/seamaster-300/233-62-41-21-03-001,omega,Seamaster 300,No,Steel,Sapphire,Round,L,Professional,Blue,Sword-style,Stick / Dot,9.34145634983372
https://watchbase.com/omega/seamaster-300/234-63-41-21-99-002,omega,Seamaster 300,No,Gold Variants,Sapphire,Round,L,Professional,Blue,Sword-style,Stick / Dot,10.67130147767883
https://watchbase.com/omega/seamaster-300/234-32-41-21-03-001,omega,Seamaster 300,No,Steel,Sapphire,Round,L,Professional,Blue,Sword-style,Mixed,8.895766604056085
https://watchbase.com/omega/seamaster-300/233-60-41-21-01-001,omega,Seamaster 300,No,Gold Variants,Sapphire,Round,L,Professional,Black,Sword-style,Stick / Dot,10.451637862362272
https://watchbase.com/omega/seamaster-300/234-63-41-21-99-001,omega,Seamaster 300,No,Gold Variants,Sapphire,Round,L,Professional,Colorful,Sword-style,Stick / Dot,10.488520429241627
https://watchbase.com/omega/seamaster-300/234-93-41-21-99-001,omega,Seamaster 300,No,Platinum,Sapphire,Round,L,Professional,Colorful,Sword-style,Stick / Dot,10.87049040995193
https://watchbase.com/omega/seamaster-300/233-62-41-21-01-001,omega,Seamaster 300,No,Gold Variants,Sapphire,Round,L,Professional,Black,Sword-style,Stick / Dot,10.012386799492118
https://watchbase.com/omega/seamaster-300/233-92-41-21-03-001,omega,Seamaster 300,No,Titanium,Sapphire,Round,L,Professional,Blue,Sword-style,Stick / Dot,8.909370405197466
https://watchbase.com/omega/seamaster-300/233-60-41-21-01-002,omega,Seamaster 300,No,Gold Variants,Sapphire,Round,L,Professional,Black,Sword-style,Stick / Dot,10.451637862362272
https://watchbase.com/omega/seamaster-300/234-93-41-21-99-002,omega,Seamaster 300,No,Platinum,Sapphire,Round,L,Professional,Blue,Sword-style,Stick / Dot,10.988693712621323
https://watchbase.com/omega/seamaster-300/233-60-41-21-03-001,omega,Seamaster 300,No,Steel,Sapphire,Round,L,Professional,Blue,Stick/Minimalist,Stick / Dot,9.674137279312397
https://watchbase.com/omega/seamaster-300/233-62-41-21-01-002,omega,Seamaster 300,No,Gold Variants,Sapphire,Round,L,Professional,Black,Sword-style,Stick / Dot,9.90353755128617
https://watchbase.com/omega/seamaster-300/233-93-41-21-03-001,omega,Seamaster 300,Yes,Steel,Sapphire,Round,L,Professional,Blue,Sword-style,Stick / Dot,10.712215345197256
https://watchbase.com/omega/seamaster-300/234-32-41-21-01-001,omega,Seamaster 300,No,Steel,Sapphire,Round,L,Professional,Black,Sword-style,Mixed,8.895766604056085
https://watchbase.com/omega/seamaster-300/233-22-41-21-01-001,omega,Seamaster 300,No,Steel,Sapphire,Round,L,Professional,Black,Sword-style,Stick / Dot,9.105090961257085
https://watchbase.com/omega/seamaster-300/233-22-41-21-01-002,omega,Seamaster 300,No,Steel,Sapphire,Round,L,Professional,Black,Sword-style,Stick / Dot,9.105090961257085
https://watchbase.com/omega/seamaster-300/233-90-41-21-03-002,omega,Seamaster 300,Yes,Platinum,Sapphire,Round,L,Professional,Blue,Sword-style,Stick / Dot,11.16479958768697
https://watchbase.com/omega/seamaster-300/234-92-41-21-10-001,omega,Seamaster 300,No,Steel,Sapphire,Round,L,Professional,Grey/Brown,Sword-style,Mixed,9.568084743872936
https://watchbase.com/omega/seamaster-300/233-20-41-21-01-001,omega,Seamaster 300,No,Steel,Sapphire,Round,L,Professional,Black,Sword-style,Stick / Dot,9.503084610020228
https://watchbase.com/omega/seamaster-300/234-30-41-21-03-002,omega,Seamaster 300,No,Steel,Sapphire,Round,L,Professional,Blue,Sword-style,Mixed,8.987321812850125
https://watchbase.com/omega/seamaster-300/234-30-41-21-03-001,omega,Seamaster 300,No,Steel,Sapphire,Round,L,Professional,Blue,Sword-style,Mixed,8.94910546953925
https://watchbase.com/omega/seamaster-300/233-20-41-21-01-002,omega,Seamaster 300,No,Steel,Sapphire,Round,L,Professional,Black,Sword-style,Stick / Dot,9.503084610020228
https://watchbase.com/omega/seamaster-300/234-10-39-20-01-002,omega,Seamaster 300,Yes,Steel,Sapphire,Round,M,Standard,Black,Sword-style,Mixed,9.105090961257085
https://watchbase.com/omega/seamaster-300/233-32-41-21-01-002,omega,Seamaster 300,No,Steel,Sapphire,Round,L,Professional,Black,Sword-style,Stick / Dot,8.665785595466064
https://watchbase.com/omega/seamaster-300/233-90-41-21-03-001,omega,Seamaster 300,No,Titanium,Sapphire,Round,L,Professional,Blue,Sword-style,Stick / Dot,8.999742789830492
https://watchbase.com/omega/seamaster-300/233-32-41-21-01-001,omega,Seamaster 300,Yes,Steel,Sapphire,Round,L,Professional,Black,Sword-style,Stick / Dot,8.999742789830492
https://watchbase.com/omega/seamaster-300/234-10-39-20-01-001,omega,Seamaster 300,Yes,Steel,Sapphire,Round,M,Professional,Black,Sword-style,Mixed,9.036106025364846
https://watchbase.com/omega/seamaster-300/234-30-41-21-01-001,omega,Seamaster 300,No,Steel,Sapphire,Round,L,Professional,Black,Sword-style,Mixed,8.94910546953925
https://watchbase.com/omega/seamaster-300/233-30-41-21-01-001,omega,Seamaster 300,No,Steel,Sapphire,Round,L,Professional,Black,Sword-style,Stick / Dot,8.716207971151853
https://watchbase.com/omega/speedmaster-57/331-53-42-51-02-002,omega,Speedmaster '57,No,Gold Variants,Sapphire,Round,L,Standard,Silver/White,Stick/Minimalist,Stick / Dot,10.285376924115587
https://watchbase.com/omega/speedmaster-57/331-12-42-51-02-002,omega,Speedmaster '57,No,Steel,Sapphire,Round,L,Standard,Silver/White,Stick/Minimalist,Stick / Dot,8.94910546953925
https://watchbase.com/omega/speedmaster-57/331-12-42-51-03-001,omega,Speedmaster '57,No,Steel,Sapphire,Round,L,Standard,Blue,Stick/Minimalist,Stick / Dot,8.936035096566041
https://watchbase.com/omega/speedmaster-57/331-50-42-51-02-002,omega,Speedmaster '57,No,Gold Variants,Sapphire,Round,L,Standard,Silver/White,Stick/Minimalist,Stick / Dot,10.382853468483827
https://watchbase.com/omega/speedmaster-57/331-50-42-51-02-001,omega,Speedmaster '57,No,Gold Variants,Sapphire,Round,L,Standard,Silver/White,Stick/Minimalist,Stick / Dot,10.601647149919609
https://watchbase.com/omega/speedmaster-57/332-12-41-51-10-001,omega,Speedmaster '57,No,Steel,Sapphire,Round,L,Basic,Colorful,Sword-style,Stick / Dot,9.200391041122515
https://watchbase.com/omega/speedmaster-57/332-12-41-51-11-001,omega,Speedmaster '57,No,Steel,Sapphire,Round,L,Basic,Colorful,Sword-style,Stick / Dot,9.200391041122515
https://watchbase.com/omega/speedmaster-57/331-22-42-51-01-001,omega,Speedmaster '57,No,Steel,Sapphire,Round,L,Standard,Black,Stick/Minimalist,Stick / Dot,9.19023970026918
https://watchbase.com/omega/speedmaster-57/332-10-41-51-10-001,omega,Speedmaster '57,No,Steel,Sapphire,Round,L,Basic,Colorful,Sword-style,Stick / Dot,9.23024103368252
https://watchbase.com/omega/speedmaster-57/332-12-41-51-03-001,omega,Speedmaster '57,No,Steel,Sapphire,Round,L,Basic,Blue,Sword-style,Stick / Dot,9.200391041122515
https://watchbase.com/omega/speedmaster-57/331-12-42-51-01-002,omega,Speedmaster '57,No,Steel,Sapphire,Round,L,Standard,Black,Sword-style,Stick / Dot,8.936035096566041
https://watchbase.com/omega/speedmaster-57/331-12-42-51-01-001,omega,Speedmaster '57,No,Steel,Sapphire,Round,L,Standard,Black,Stick/Minimalist,Stick / Dot,8.936035096566041
https://watchbase.com/omega/speedmaster-57/331-10-42-51-02-002,omega,Speedmaster '57,No,Steel,Sapphire,Round,L,Standard,Silver/White,Stick/Minimalist,Stick / Dot,8.987321812850125
https://watchbase.com/omega/speedmaster-57/331-20-42-51-02-001,omega,Speedmaster '57,No,Steel,Sapphire,Round,L,Standard,Silver/White,Stick/Minimalist,Stick / Dot,9.510519035757246
https://watchbase.com/omega/speedmaster-57/331-92-42-51-04-001,omega,Speedmaster '57,No,Titanium,Sapphire,Round,L,Standard,Silver/White,Stick/Minimalist,Stick / Dot,9.116139576577355
https://watchbase.com/omega/speedmaster-57/332-10-41-51-11-001,omega,Speedmaster '57,No,Steel,Sapphire,Round,L,Basic,Colorful,Sword-style,Stick / Dot,9.23024103368252
https://watchbase.com/omega/speedmaster-57/332-12-41-51-01-001,omega,Speedmaster '57,No,Steel,Sapphire,Round,L,Basic,Black,Sword-style,Stick / Dot,9.200391041122515
https://watchbase.com/omega/speedmaster-57/331-90-42-51-04-001,omega,Speedmaster '57,No,Titanium,Sapphire,Round,L,Standard,Silver/White,Stick/Minimalist,Stick / Dot,9.179984251961283
https://watchbase.com/omega/speedmaster-57/331-10-42-51-01-001,omega,Speedmaster '57,No,Steel,Sapphire,Round,L,Standard,Black,Stick/Minimalist,Stick / Dot,8.974744612722734
https://watchbase.com/omega/speedmaster-57/331-10-42-51-01-002,omega,Speedmaster '57,No,Steel,Sapphire,Round,L,Standard,Black,Sword-style,Stick / Dot,8.974744612722734
https://watchbase.com/omega/speedmaster-57/331-20-42-51-01-002,omega,Speedmaster '57,No,Steel,Sapphire,Round,L,Standard,Black,Stick/Minimalist,Stick / Dot,9.510519035757246
https://watchbase.com/omega/speedmaster-57/332-10-41-51-03-001,omega,Speedmaster '57,No,Steel,Sapphire,Round,L,Basic,Blue,Sword-style,Stick / Dot,9.23024103368252
https://watchbase.com/omega/speedmaster-57/331-10-42-51-03-001,omega,Speedmaster '57,No,Steel,Sapphire,Round,L,Standard,Blue,Stick/Minimalist,Stick / Dot,8.974744612722734
https://watchbase.com/omega/speedmaster-57/332-10-41-51-01-001,omega,Speedmaster '57,No,Steel,Sapphire,Round,L,Basic,Black,Sword-style,Stick / Dot,9.23024103368252
https://watchbase.com/omega/speedmaster-57/331-50-42-51-08-001,omega,Speedmaster '57,No,Gold Variants,Sapphire,Round,L,Standard,Silver/White,Stick/Minimalist,Stick / Dot,10.401258331428318
https://watchbase.com/omega/seamaster-120m/2105-45-00,omega,Seamaster 120M,No,Gold Variants,Sapphire,Round,M,Standard,Blue,Stick/Minimalist,Gem-Set Indexes,9.465060106725137
https://watchbase.com/omega/seamaster-120m/2101-81-00,omega,Seamaster 120M,No,Gold Variants,Sapphire,Round,M,Standard,Blue,Proprietary,Stick / Dot,9.129238770539141
https://watchbase.com/omega/seamaster-120m/2105-21-00,omega,Seamaster 120M,No,Gold Variants,Sapphire,Round,M,Standard,Silver/White,Proprietary,Stick / Dot,9.421492310438014
https://watchbase.com/omega/seamaster-120m/2105-11-00,omega,Seamaster 120M,No,Gold Variants,Sapphire,Round,M,Standard,Silver/White,Proprietary,Stick / Dot,9.421492310438014
https://watchbase.com/omega/seamaster-120m/2105-81-00,omega,Seamaster 120M,No,Gold Variants,Sapphire,Round,M,Standard,Blue,Proprietary,Stick / Dot,9.421492310438014
https://watchbase.com/omega/seamaster-120m/2105-15-00,omega,Seamaster 120M,No,Gold Variants,Sapphire,Round,M,Standard,Silver/White,Proprietary,Gem-Set Indexes,9.465060106725137
https://watchbase.com/omega/seamaster-120m/2111-21-00,omega,Seamaster 120M,No,Gold Variants,Sapphire,Round,M,Standard,Silver/White,Proprietary,Stick / Dot,9.093918908958932
https://watchbase.com/omega/seamaster-120m/2101-11-00,omega,Seamaster 120M,No,Gold Variants,Sapphire,Round,M,Standard,Silver/White,Proprietary,Stick / Dot,9.129238770539141
https://watchbase.com/omega/seamaster-120m/2101-21-00,omega,Seamaster 120M,No,Gold Variants,Sapphire,Round,M,Standard,Silver/White,Proprietary,Stick / Dot,9.129238770539141
https://watchbase.com/omega/seamaster-120m/2311-21-00,omega,Seamaster 120M,No,Steel,Sapphire,Round,L,Standard,Silver/White,Proprietary,Stick / Dot,7.53955882930103
https://watchbase.com/omega/seamaster-120m/2111-11-00,omega,Seamaster 120M,No,Gold Variants,Sapphire,Round,M,Standard,Silver/White,Proprietary,Stick / Dot,9.093918908958932
https://watchbase.com/omega/seamaster-120m/2581-31-00,omega,Seamaster 120M,No,Steel,Sapphire,Round,XS,Standard,Silver/White,Proprietary,Stick / Dot,7.065613363597717
https://watchbase.com/omega/seamaster-120m/2581-81-00,omega,Seamaster 120M,No,Steel,Sapphire,Round,XS,Standard,Blue,Proprietary,Stick / Dot,7.065613363597717
https://watchbase.com/omega/seamaster-120m/2311-11-00,omega,Seamaster 120M,No,Steel,Sapphire,Round,L,Standard,Silver/White,Proprietary,Stick / Dot,7.53955882930103
https://watchbase.com/omega/seamaster-120m/2511-21-00,omega,Seamaster 120M,No,Steel,Sapphire,Round,M,Standard,Silver/White,Proprietary,Stick / Dot,7.1316985104669115
https://watchbase.com/omega/seamaster-120m/2301-21-00,omega,Seamaster 120M,No,Steel,Sapphire,Round,M,Standard,Silver/White,Proprietary,Stick / Dot,7.72356247227797
https://watchbase.com/omega/seamaster-120m/2511-31-00,omega,Seamaster 120M,No,Steel,Sapphire,Round,M,Standard,Silver/White,Proprietary,Stick / Dot,7.1316985104669115
https://watchbase.com/omega/seamaster-120m/2501-51-00,omega,Seamaster 120M,No,Steel,Sapphire,Round,M,Standard,Black,Proprietary,Stick / Dot,7.353081920515432
https://watchbase.com/omega/seamaster-120m/2511-81-00,omega,Seamaster 120M,No,Steel,Sapphire,Round,M,Standard,Blue,Proprietary,Stick / Dot,7.1316985104669115
https://watchbase.com/omega/seamaster-120m/2501-31-00,omega,Seamaster 120M,No,Steel,Sapphire,Round,M,Standard,Silver/White,Proprietary,Stick / Dot,7.403061091090091
https://watchbase.com/omega/railmaster/235-12-38-20-13-001,omega,Railmaster,No,Steel,Sapphire,Round,L,Standard,Grey/Brown,Stick/Minimalist,Stick / Dot,8.748463629942055
https://watchbase.com/omega/railmaster/235-10-38-20-13-001,omega,Railmaster,No,Steel,Sapphire,Round,L,Standard,Grey/Brown,Stick/Minimalist,Stick / Dot,8.81001204797317
https://watchbase.com/omega/railmaster/235-12-38-20-06-001,omega,Railmaster,No,Steel,Sapphire,Round,L,Standard,Grey/Brown,Stick/Minimalist,Stick / Dot,8.648396877031582
https://watchbase.com/omega/railmaster/235-10-38-20-06-001,omega,Railmaster,No,Steel,Sapphire,Round,L,Standard,Grey/Brown,Stick/Minimalist,Stick / Dot,8.716207971151853
https://watchbase.com/omega/railmaster/2603-52-31,omega,Railmaster,No,Gold Variants,Sapphire,Round,L,Standard,Black,Sword-style,Mixed,8.701346403039162
https://watchbase.com/omega/railmaster/2103-52-00,omega,Railmaster,No,Gold Variants,Sapphire,Round,L,Standard,Black,Sword-style,Mixed,9.292012520620208
https://watchbase.com/omega/railmaster/2608-52-37,omega,Railmaster,Yes,Gold Variants,Sapphire,Round,L,Standard,Black,Sword-style,Mixed,8.895766604056085
https://watchbase.com/omega/railmaster/2812-53-81,omega,Railmaster,Yes,Steel,Sapphire,Round,L,Standard,Black,Sword-style,Mixed,8.427487278331744
https://watchbase.com/omega/railmaster/221-53-49-10-01-001,omega,Railmaster,Yes,Gold Variants,Sapphire,Round,XXL,Standard,Black,Sword-style,Mixed,9.334414687078109
https://watchbase.com/omega/railmaster/2812-52-31,omega,Railmaster,No,Steel,Sapphire,Round,L,Standard,Black,Sword-style,Mixed,8.119993827725105
https://watchbase.com/omega/railmaster/2812-54-82,omega,Railmaster,Yes,Steel,Sapphire,Round,L,Standard,Black,Sword-style,Mixed,8.427487278331744
https://watchbase.com/omega/railmaster/2802-52-31,omega,Railmaster,No,Steel,Sapphire,Round,L,Standard,Black,Sword-style,Mixed,7.687538766201629
https://watchbase.com/omega/railmaster/2603-52-37,omega,Railmaster,No,Gold Variants,Sapphire,Round,L,Standard,Black,Sword-style,Mixed,8.839421607620602
https://watchbase.com/omega/railmaster/2608-52-31,omega,Railmaster,Yes,Gold Variants,Sapphire,Round,L,Standard,Black,Sword-style,Mixed,8.727616178321068
https://watchbase.com/omega/railmaster/221-53-49-10-01-002,omega,Railmaster,Yes,Gold Variants,Sapphire,Round,XXL,Standard,Black,Sword-style,Mixed,10.060534035475412
https://watchbase.com/omega/railmaster/2806-72-31,omega,Railmaster,No,Steel,Sapphire,Round,XXL,Standard,Blue,Sword-style,Gem-Set Indexes,10.144510313937575
https://watchbase.com/omega/railmaster/2806-77-40,omega,Railmaster,No,Steel,Sapphire,Round,XXL,Standard,Colorful,Sword-style,Gem-Set Indexes,10.144510313937575
https://watchbase.com/omega/railmaster/2512-54-00,omega,Railmaster,Yes,Steel,Sapphire,Round,L,Standard,Black,Sword-style,Mixed,8.556606193773073
https://watchbase.com/omega/railmaster/2512-53-00,omega,Railmaster,Yes,Steel,Sapphire,Round,L,Standard,Black,Sword-style,Mixed,8.556606193773073
https://watchbase.com/omega/railmaster/2812-52-37,omega,Railmaster,No,Steel,Sapphire,Round,L,Standard,Black,Sword-style,Mixed,8.24301946898925
https://watchbase.com/omega/railmaster/2806-52-37,omega,Railmaster,No,Steel,Sapphire,Round,XXL,Standard,Black,Sword-style,Mixed,8.02322468471667
https://watchbase.com/omega/railmaster/2512-52-00,omega,Railmaster,No,Steel,Sapphire,Round,L,Standard,Black,Sword-style,Mixed,8.301769763117166
https://watchbase.com/omega/railmaster/220-12-40-20-06-001,omega,Railmaster,No,Steel,Sapphire,Round,L,Standard,Silver/White,Stick/Minimalist,Stick / Dot,8.537191877922927
https://watchbase.com/omega/railmaster/2803-52-31,omega,Railmaster,No,Steel,Sapphire,Round,L,Standard,Black,Sword-style,Mixed,7.687538766201629
https://watchbase.com/omega/railmaster/220-10-38-20-01-003,omega,Railmaster,Yes,Steel,Sapphire,Round,M,Standard,Black,Sword-style,Mixed,8.999742789830492
https://watchbase.com/omega/railmaster/220-10-40-20-06-001,omega,Railmaster,No,Steel,Sapphire,Round,L,Standard,Silver/White,Stick/Minimalist,Stick / Dot,8.612685172875459
https://watchbase.com/omega/railmaster/2802-52-37,omega,Railmaster,No,Steel,Sapphire,Round,L,Standard,Black,Sword-style,Mixed,7.749753406274437
https://watchbase.com/omega/railmaster/220-12-40-20-01-001,omega,Railmaster,No,Steel,Sapphire,Round,L,Standard,Grey/Brown,Stick/Minimalist,Stick / Dot,8.537191877922927
https://watchbase.com/omega/railmaster/2108-52-00,omega,Railmaster,Yes,Gold Variants,Sapphire,Round,L,Standard,Black,Sword-style,Mixed,9.472781556562168
https://watchbase.com/omega/railmaster/2804-52-37,omega,Railmaster,No,Steel,Sapphire,Round,M,Standard,Black,Sword-style,Mixed,7.844240718141811
https://watchbase.com/omega/railmaster/2504-52-00,omega,Railmaster,No,Steel,Sapphire,Round,M,Standard,Black,Sword-style,Mixed,7.878912912297132
https://watchbase.com/omega/railmaster/220-12-40-20-03-001,omega,Railmaster,No,Steel,Sapphire,Round,L,Standard,Blue,Stick/Minimalist,Stick / Dot,8.537191877922927
https://watchbase.com/omega/railmaster/2803-52-37,omega,Railmaster,No,Steel,Sapphire,Round,L,Standard,Black,Sword-style,Mixed,7.749753406274437
https://watchbase.com/omega/railmaster/220-10-38-20-01-002,omega,Railmaster,Yes,Steel,Sapphire,Round,M,Basic,Black,Sword-style,Mixed,8.999742789830492
https://watchbase.com/omega/railmaster/2502-52-00,omega,Railmaster,No,Steel,Sapphire,Round,L,Standard,Black,Sword-style,Mixed,7.787796878181171
https://watchbase.com/omega/railmaster/220-10-40-20-01-001,omega,Railmaster,No,Steel,Sapphire,Round,L,Standard,Grey/Brown,Stick/Minimalist,Stick / Dot,8.612685172875459
https://watchbase.com/omega/railmaster/220-10-40-20-03-001,omega,Railmaster,No,Steel,Sapphire,Round,L,Standard,Blue,Stick/Minimalist,Stick / Dot,8.612685172875459
https://watchbase.com/omega/railmaster/2503-52-00,omega,Railmaster,No,Steel,Sapphire,Round,L,Standard,Black,Sword-style,Mixed,7.912423121473705
https://watchbase.com/omega/speedmaster-broad-arrow/3654-20-31,omega,Speedmaster Broad Arrow,Yes,Gold Variants,Sapphire,Round,L,Standard,Silver/White,Sword-style,Arabic Numerals,9.60177416667137
https://watchbase.com/omega/ladymatic/425-63-34-20-51-001,omega,LadyMatic,No,Gold Variants,Sapphire,Round,S,Standard,Black,Stick/Minimalist,Gem-Set Indexes,9.69898173460629
https://watchbase.com/omega/ladymatic/425-63-34-20-55-001,omega,LadyMatic,No,Gold Variants,Sapphire,Round,S,Standard,Silver/White,Stick/Minimalist,Gem-Set Indexes,9.723223876851618
https://watchbase.com/omega/ladymatic/425-68-34-20-63-001,omega,LadyMatic,No,Gold Variants,Sapphire,Round,S,Standard,Grey/Brown,Stick/Minimalist,Gem-Set Indexes,10.098272780745283
https://watchbase.com/omega/ladymatic/425-68-34-20-51-002,omega,LadyMatic,No,Gold Variants,Sapphire,Round,S,Standard,Black,Stick/Minimalist,Gem-Set Indexes,10.098272780745283
https://watchbase.com/omega/ladymatic/425-68-34-20-55-002,omega,LadyMatic,No,Gold Variants,Sapphire,Round,S,Standard,Black,Stick/Minimalist,Gem-Set Indexes,10.114599007626499
https://watchbase.com/omega/ladymatic/425-65-34-20-55-002,omega,LadyMatic,No,Gold Variants,Sapphire,Round,S,Standard,Silver/White,Stick/Minimalist,Gem-Set Indexes,10.647826772357497
https://watchbase.com/omega/ladymatic/425-68-34-20-55-004,omega,LadyMatic,No,Gold Variants,Sapphire,Round,S,Standard,Silver/White,Stick/Minimalist,Gem-Set Indexes,10.318935994253193
https://watchbase.com/omega/ladymatic/425-68-34-20-63-002,omega,LadyMatic,No,Gold Variants,Sapphire,Round,S,Standard,Grey/Brown,Stick/Minimalist,Gem-Set Indexes,10.30229722897745
https://watchbase.com/omega/ladymatic/425-65-34-20-55-003,omega,LadyMatic,No,Gold Variants,Sapphire,Round,S,Standard,Silver/White,Stick/Minimalist,Gem-Set Indexes,10.78727575364831
https://watchbase.com/omega/ladymatic/425-65-34-20-55-004,omega,LadyMatic,No,Gold Variants,Sapphire,Round,S,Standard,Silver/White,Stick/Minimalist,Gem-Set Indexes,10.789339695269716
https://watchbase.com/omega/ladymatic/425-65-34-20-63-003,omega,LadyMatic,No,Gold Variants,Sapphire,Round,S,Standard,Grey/Brown,Stick/Minimalist,Gem-Set Indexes,11.210481638644469
https://watchbase.com/omega/ladymatic/425-65-34-20-55-006,omega,LadyMatic,No,Gold Variants,Sapphire,Round,S,Standard,Silver/White,Stick/Minimalist,Gem-Set Indexes,11.215879689565481
https://watchbase.com/omega/ladymatic/425-37-34-20-56-001,omega,LadyMatic,No,Steel,Sapphire,Round,S,Standard,Blue,Stick/Minimalist,Gem-Set Indexes,9.525224101853109
https://watchbase.com/omega/ladymatic/425-25-34-20-55-001,omega,LadyMatic,No,Synthetic,Sapphire,Round,S,Standard,Silver/White,Stick/Minimalist,Gem-Set Indexes,10.146472946063877
https://watchbase.com/omega/ladymatic/425-22-34-20-55-001,omega,LadyMatic,No,Synthetic,Sapphire,Round,S,Standard,Silver/White,Stick/Minimalist,Gem-Set Indexes,9.249657234353133
https://watchbase.com/omega/ladymatic/425-20-34-20-63-001,omega,LadyMatic,No,Steel,Sapphire,Round,S,Standard,Grey/Brown,Stick/Minimalist,Gem-Set Indexes,9.441531454869693
https://watchbase.com/omega/ladymatic/425-20-34-20-55-001,omega,LadyMatic,No,Synthetic,Sapphire,Round,S,Standard,Silver/White,Stick/Minimalist,Gem-Set Indexes,9.472781556562168
https://watchbase.com/omega/ladymatic/425-30-34-20-57-004,omega,LadyMatic,No,Steel,Sapphire,Round,S,Standard,Grey/Brown,Stick/Minimalist,Gem-Set Indexes,9.148571345578551
https://watchbase.com/omega/ladymatic/425-22-34-20-55-003,omega,LadyMatic,No,Synthetic,Sapphire,Round,S,Standard,Silver/White,Stick/Minimalist,Gem-Set Indexes,9.305741456739435
https://watchbase.com/omega/ladymatic/425-27-34-20-55-004,omega,LadyMatic,No,Synthetic,Sapphire,Round,S,Standard,Silver/White,Stick/Minimalist,Gem-Set Indexes,10.060534035475412
https://watchbase.com/omega/ladymatic/425-20-34-20-55-003,omega,LadyMatic,No,Synthetic,Sapphire,Round,S,Standard,Silver/White,Stick/Minimalist,Gem-Set Indexes,9.717218213494077
https://watchbase.com/omega/ladymatic/425-20-34-20-55-004,omega,LadyMatic,No,Synthetic,Sapphire,Round,S,Standard,Silver/White,Stick/Minimalist,Gem-Set Indexes,9.83097062169695
https://watchbase.com/omega/ladymatic/425-60-34-20-55-003,omega,LadyMatic,No,Gold Variants,Sapphire,Round,S,Standard,Silver/White,Stick/Minimalist,Gem-Set Indexes,10.392098241730961
https://watchbase.com/omega/ladymatic/425-65-34-20-55-010,omega,LadyMatic,No,Gold Variants,Sapphire,Round,S,Standard,Silver/White,Stick/Minimalist,Gem-Set Indexes,10.766398604507042
https://watchbase.com/omega/ladymatic/425-65-34-20-55-013,omega,LadyMatic,No,Gold Variants,Sapphire,Round,S,Standard,Silver/White,Stick/Minimalist,Gem-Set Indexes,12.08164822965012
https://watchbase.com/omega/ladymatic/425-35-34-20-57-001,omega,LadyMatic,No,Steel,Sapphire,Round,S,Standard,Colorful,Stick/Minimalist,Gem-Set Indexes,9.561067663645012
https://watchbase.com/omega/ladymatic/425-67-34-20-55-006,omega,LadyMatic,No,Gold Variants,Sapphire,Round,S,Standard,Silver/White,Stick/Minimalist,Gem-Set Indexes,10.819798284210286
https://watchbase.com/omega/ladymatic/425-30-34-20-05-001,omega,LadyMatic,No,Steel,Sapphire,Round,S,Standard,Silver/White,Stick/Minimalist,Gem-Set Indexes,8.665785595466064
https://watchbase.com/omega/ladymatic/425-38-34-20-51-001,omega,LadyMatic,No,Steel,Sapphire,Round,S,Standard,Black,Stick/Minimalist,Gem-Set Indexes,9.525224101853109
https://watchbase.com/omega/ladymatic/425-35-34-20-51-001,omega,LadyMatic,No,Steel,Sapphire,Round,S,Standard,Black,Stick/Minimalist,Gem-Set Indexes,9.53249633228804
https://watchbase.com/omega/ladymatic/425-68-34-20-51-001,omega,LadyMatic,No,Gold Variants,Sapphire,Round,S,Standard,Black,Stick/Minimalist,Gem-Set Indexes,10.278527816830314
https://watchbase.com/omega/ladymatic/425-68-34-20-55-001,omega,LadyMatic,No,Gold Variants,Sapphire,Round,S,Standard,Silver/White,Stick/Minimalist,Gem-Set Indexes,10.114599007626499
https://watchbase.com/omega/ladymatic/425-65-34-20-51-002,omega,LadyMatic,No,Gold Variants,Sapphire,Round,S,Standard,Black,Stick/Minimalist,Gem-Set Indexes,10.63106031411106
https://watchbase.com/omega/ladymatic/425-68-34-20-55-003,omega,LadyMatic,No,Steel,Sapphire,Oval,S,Standard,Silver/White,Stick/Minimalist,Gem-Set Indexes,10.318935994253193
https://watchbase.com/omega/ladymatic/425-65-34-20-63-002,omega,LadyMatic,No,Gold Variants,Sapphire,Round,S,Standard,Grey/Brown,Stick/Minimalist,Gem-Set Indexes,10.776891660007811
https://watchbase.com/omega/ladymatic/425-30-34-20-56-001,omega,LadyMatic,No,Steel,Sapphire,Round,S,Standard,Blue,Stick/Minimalist,Gem-Set Indexes,8.79497643168877
https://watchbase.com/omega/ladymatic/425-65-34-20-55-005,omega,LadyMatic,No,Gold Variants,Sapphire,Round,S,Standard,Silver/White,Stick/Minimalist,Gem-Set Indexes,11.215879689565481
https://watchbase.com/omega/ladymatic/425-65-34-20-51-001,omega,LadyMatic,No,Gold Variants,Sapphire,Round,S,Standard,Black,Stick/Minimalist,Gem-Set Indexes,10.63106031411106
https://watchbase.com/omega/ladymatic/425-63-34-20-55-002,omega,LadyMatic,No,Gold Variants,Sapphire,Round,S,Standard,Silver/White,Stick/Minimalist,Gem-Set Indexes,9.723223876851618
https://watchbase.com/omega/ladymatic/425-27-34-20-55-003,omega,LadyMatic,No,Synthetic,Sapphire,Round,S,Standard,Silver/White,Stick/Minimalist,Gem-Set Indexes,9.94755228369823
https://watchbase.com/omega/ladymatic/425-67-34-20-55-008,omega,LadyMatic,No,Gold Variants,Sapphire,Round,S,Standard,Silver/White,Stick/Minimalist,Gem-Set Indexes,10.410335274932896
https://watchbase.com/omega/ladymatic/425-60-34-20-63-001,omega,LadyMatic,No,Gold Variants,Sapphire,Round,S,Standard,Grey/Brown,Stick/Minimalist,Gem-Set Indexes,10.376642461280849
https://watchbase.com/omega/ladymatic/425-30-34-20-55-003,omega,LadyMatic,No,Steel,Sapphire,Round,S,Standard,Silver/White,Stick/Minimalist,Gem-Set Indexes,9.116139576577355
https://watchbase.com/omega/ladymatic/425-35-34-20-57-004,omega,LadyMatic,No,Steel,Sapphire,Round,S,Standard,Grey/Brown,Stick/Minimalist,Gem-Set Indexes,9.841665338892785
https://watchbase.com/omega/ladymatic/425-60-34-20-55-004,omega,LadyMatic,No,Gold Variants,Sapphire,Round,S,Standard,Silver/White,Stick/Minimalist,Gem-Set Indexes,10.510559281627845
https://watchbase.com/omega/ladymatic/425-60-34-20-51-001,omega,LadyMatic,No,Gold Variants,Sapphire,Round,S,Standard,Black,Stick/Minimalist,Gem-Set Indexes,10.376642461280849
https://watchbase.com/omega/ladymatic/425-32-34-20-56-001,omega,LadyMatic,No,Steel,Sapphire,Round,S,Standard,Blue,Stick/Minimalist,Gem-Set Indexes,8.77971129020447
https://watchbase.com/omega/ladymatic/425-60-34-20-55-001,omega,LadyMatic,No,Gold Variants,Sapphire,Round,S,Standard,Silver/White,Stick/Minimalist,Gem-Set Indexes,10.392098241730961
https://watchbase.com/omega/ladymatic/425-60-34-20-55-002,omega,LadyMatic,No,Gold Variants,Sapphire,Round,S,Standard,Silver/White,Stick/Minimalist,Gem-Set Indexes,10.392098241730961
https://watchbase.com/omega/ladymatic/425-25-34-20-55-002,omega,LadyMatic,No,Synthetic,Sapphire,Round,S,Standard,Silver/White,Stick/Minimalist,Gem-Set Indexes,10.146472946063877
https://watchbase.com/omega/speedmaster-broad-arrow/3153-80-00,omega,Speedmaster Broad Arrow,No,Gold Variants,Sapphire,Round,L,Standard,Black,Sword-style,Stick / Dot,9.64088826045181
https://watchbase.com/omega/speedmaster-broad-arrow/321-50-42-50-02-001,omega,Speedmaster Broad Arrow,No,Gold Variants,Sapphire,Round,L,Standard,Silver/White,Sword-style,Stick / Dot,10.007892611890918
https://watchbase.com/omega/speedmaster-broad-arrow/3656-20-31,omega,Speedmaster Broad Arrow,Yes,Gold Variants,Sapphire,Round,L,Standard,Silver/White,Sword-style,Arabic Numerals,9.60177416667137
https://watchbase.com/omega/speedmaster-broad-arrow/3657-20-31,omega,Speedmaster Broad Arrow,Yes,Gold Variants,Sapphire,Round,L,Standard,Silver/White,Sword-style,Arabic Numerals,9.741027444837728
https://watchbase.com/omega/speedmaster-broad-arrow/3659-50-31,omega,Speedmaster Broad Arrow,No,Gold Variants,Sapphire,Round,L,Standard,Black,Sword-style,Stick / Dot,9.186150133174966
https://watchbase.com/omega/speedmaster-broad-arrow/321-53-42-50-02-001,omega,Speedmaster Broad Arrow,No,Gold Variants,Sapphire,Round,L,Standard,Silver/White,Sword-style,Stick / Dot,9.70509758756311
https://watchbase.com/omega/speedmaster-broad-arrow/3855-75-12,omega,Speedmaster Broad Arrow,No,Steel,Sapphire,Round,L,Standard,Silver/White,Sword-style,Gem-Set Indexes,9.211439767419483
https://watchbase.com/omega/speedmaster-broad-arrow/3651-50-31,omega,Speedmaster Broad Arrow,No,Gold Variants,Sapphire,Round,L,Standard,Black,Sword-style,Stick / Dot,9.433563920090563
https://watchbase.com/omega/speedmaster-broad-arrow/3555-75-00,omega,Speedmaster Broad Arrow,No,Steel,Sapphire,Round,L,Standard,Silver/White,Sword-style,Arabic Numerals,9.218407743053941
https://watchbase.com/omega/speedmaster-broad-arrow/3653-80-33,omega,Speedmaster Broad Arrow,No,Gold Variants,Sapphire,Round,L,Standard,Blue,Sword-style,Stick / Dot,9.249657234353133
https://watchbase.com/omega/speedmaster-broad-arrow/321-10-44-50-01-001,omega,Speedmaster Broad Arrow,No,Steel,Sapphire,Round,L,Standard,Black,Sword-style,Arabic Numerals,8.612685172875459
https://watchbase.com/omega/speedmaster-broad-arrow/3882-31-37,omega,Speedmaster Broad Arrow,No,Steel,Sapphire,Round,XL,Standard,Silver/White,Sword-style,Stick / Dot,9.287394001418473
https://watchbase.com/omega/speedmaster-broad-arrow/3582-51-00,omega,Speedmaster Broad Arrow,No,Steel,Sapphire,Round,XL,Standard,Black,Sword-style,Stick / Dot,9.296609807128359
https://watchbase.com/omega/speedmaster-broad-arrow/3152-30-00,omega,Speedmaster Broad Arrow,No,Gold Variants,Sapphire,Round,L,Standard,Silver/White,Sword-style,Stick / Dot,10.007892611890918
https://watchbase.com/omega/speedmaster-broad-arrow/3652-30-31,omega,Speedmaster Broad Arrow,No,Gold Variants,Sapphire,Round,L,Standard,Silver/White,Sword-style,Stick / Dot,9.463508636396089
https://watchbase.com/omega/speedmaster-broad-arrow/3882-51-37,omega,Speedmaster Broad Arrow,No,Steel,Sapphire,Round,XL,Standard,Black,Sword-style,Stick / Dot,9.287394001418473
https://watchbase.com/omega/speedmaster-broad-arrow/321-50-42-50-01-001,omega,Speedmaster Broad Arrow,No,Gold Variants,Sapphire,Round,L,Standard,Black,Sword-style,Stick / Dot,10.192456296870509
https://watchbase.com/omega/speedmaster-broad-arrow/3555-55-00,omega,Speedmaster Broad Arrow,No,Steel,Sapphire,Round,L,Standard,Black,Sword-style,Gem-Set Indexes,9.204422898212146
https://watchbase.com/omega/speedmaster-broad-arrow/3151-50-00,omega,Speedmaster Broad Arrow,No,Gold Variants,Sapphire,Round,L,Standard,Black,Sword-style,Stick / Dot,9.672248823507559
https://watchbase.com/omega/speedmaster-broad-arrow/321-53-42-50-01-001,omega,Speedmaster Broad Arrow,No,Gold Variants,Sapphire,Round,L,Standard,Black,Sword-style,Stick / Dot,9.70509758756311
https://watchbase.com/omega/speedmaster-broad-arrow/3881-50-37,omega,Speedmaster Broad Arrow,No,Steel,Sapphire,Round,XL,Standard,Black,Sword-style,Stick / Dot,8.716207971151853
https://watchbase.com/omega/speedmaster-broad-arrow/321-93-42-50-13-001,omega,Speedmaster Broad Arrow,No,Steel,Sapphire,Round,L,Standard,Grey/Brown,Sword-style,Stick / Dot,9.082620630373812
https://watchbase.com/omega/speedmaster-broad-arrow/321-12-42-50-01-001,omega,Speedmaster Broad Arrow,No,Steel,Sapphire,Round,L,Standard,Black,Sword-style,Stick / Dot,8.521384396034705
https://watchbase.com/omega/speedmaster-broad-arrow/3557-50-00,omega,Speedmaster Broad Arrow,No,Steel,Sapphire,Round,L,Standard,Black,Sword-style,Arabic Numerals,8.476579508530941
https://watchbase.com/omega/speedmaster-broad-arrow/3855-55-11,omega,Speedmaster Broad Arrow,No,Steel,Sapphire,Round,L,Standard,Black,Sword-style,Gem-Set Indexes,9.197356444417888
https://watchbase.com/omega/speedmaster-broad-arrow/3582-31-00,omega,Speedmaster Broad Arrow,No,Steel,Sapphire,Round,XL,Standard,Silver/White,Sword-style,Stick / Dot,9.296609807128359
https://watchbase.com/omega/speedmaster-broad-arrow/321-90-42-50-13-001,omega,Speedmaster Broad Arrow,No,Steel,Sapphire,Round,L,Standard,Grey/Brown,Sword-style,Stick / Dot,9.305741456739435
https://watchbase.com/omega/speedmaster-broad-arrow/3581-50-00,omega,Speedmaster Broad Arrow,No,Steel,Sapphire,Round,XL,Standard,Black,Sword-style,Stick / Dot,8.732465848349879
https://watchbase.com/omega/speedmaster-broad-arrow/321-13-44-50-01-001,omega,Speedmaster Broad Arrow,No,Steel,Sapphire,Round,L,Standard,Black,Sword-style,Arabic Numerals,8.594339400592892
https://watchbase.com/omega/speedmaster-broad-arrow/321-13-44-50-02-001,omega,Speedmaster Broad Arrow,No,Steel,Sapphire,Round,XL,Standard,Silver/White,Stick/Minimalist,Arabic Numerals,8.594339400592892
https://watchbase.com/omega/speedmaster-broad-arrow/321-90-42-50-13-002,omega,Speedmaster Broad Arrow,No,Steel,Sapphire,Round,L,Standard,Grey/Brown,Sword-style,Stick / Dot,9.093918908958932
https://watchbase.com/omega/speedmaster-broad-arrow/3881-30-37,omega,Speedmaster Broad Arrow,No,Steel,Sapphire,Round,XL,Standard,Silver/White,Sword-style,Stick / Dot,8.716207971151853
https://watchbase.com/omega/speedmaster-broad-arrow/3851-50-11,omega,Speedmaster Broad Arrow,No,Steel,Sapphire,Round,L,Standard,Black,Sword-style,Stick / Dot,8.27410200229233
https://watchbase.com/omega/speedmaster-broad-arrow/3658-50-31,omega,Speedmaster Broad Arrow,Yes,Platinum,Sapphire,Round,L,Standard,Skeleton,Sword-style,Arabic Numerals,10.841559345471941
https://watchbase.com/omega/speedmaster-broad-arrow/3159-50-00,omega,Speedmaster Broad Arrow,No,Gold Variants,Sapphire,Round,L,Standard,Black,Sword-style,Stick / Dot,9.690356211348643
https://watchbase.com/omega/speedmaster-broad-arrow/321-12-42-50-02-001,omega,Speedmaster Broad Arrow,No,Steel,Sapphire,Round,L,Standard,Silver/White,Sword-style,Stick / Dot,8.521384396034705
https://watchbase.com/omega/speedmaster-broad-arrow/3556-50-00,omega,Speedmaster Broad Arrow,No,Steel,Sapphire,Round,L,Standard,Black,Sword-style,Arabic Numerals,8.24564690087386
https://watchbase.com/omega/speedmaster-broad-arrow/321-10-44-50-02-001,omega,Speedmaster Broad Arrow,No,Steel,Sapphire,Round,L,Standard,Silver/White,Sword-style,Arabic Numerals,8.612685172875459
https://watchbase.com/omega/speedmaster-broad-arrow/3851-20-12,omega,Speedmaster Broad Arrow,No,Steel,Sapphire,Round,L,Standard,Silver/White,Sword-style,Stick / Dot,8.27410200229233
https://watchbase.com/omega/speedmaster-broad-arrow/321-10-42-50-02-001,omega,Speedmaster Broad Arrow,No,Steel,Sapphire,Round,L,Standard,Silver/White,Sword-style,Stick / Dot,8.648396877031582
https://watchbase.com/omega/speedmaster-broad-arrow/321-10-42-50-01-001,omega,Speedmaster Broad Arrow,No,Steel,Sapphire,Round,L,Standard,Black,Sword-style,Stick / Dot,8.648396877031582
https://watchbase.com/omega/speedmaster-broad-arrow/3551-20-00,omega,Speedmaster Broad Arrow,No,Steel,Sapphire,Round,L,Standard,Silver/White,Sword-style,Stick / Dot,8.291797105048733
https://watchbase.com/omega/speedmaster-broad-arrow/3551-50-00,omega,Speedmaster Broad Arrow,No,Steel,Sapphire,Round,L,Standard,Black,Sword-style,Stick / Dot,8.291797105048733
https://watchbase.com/omega/speedmaster-broad-arrow/3581-30-00,omega,Speedmaster Broad Arrow,No,Steel,Sapphire,Round,XL,Standard,Silver/White,Sword-style,Stick / Dot,8.732465848349879
https://watchbase.com/omega/speedmaster-reduced/3535-72-00,omega,Speedmaster Reduced,No,Steel,Sapphire,Round,M,Standard,Silver/White,Stick/Minimalist,Arabic Numerals,8.922791623969637
https://watchbase.com/omega/speedmaster-reduced/3815-71-53,omega,Speedmaster Reduced,No,Steel,Sapphire,Round,M,Standard,Silver/White,Stick/Minimalist,Arabic Numerals,8.646641258603124
https://watchbase.com/omega/speedmaster-reduced/3835-70-36,omega,Speedmaster Reduced,No,Steel,Sapphire,Round,M,Standard,Silver/White,Stick/Minimalist,Arabic Numerals,8.82922635473185
https://watchbase.com/omega/speedmaster-reduced/3835-79-40,omega,Speedmaster Reduced,No,Steel,Sapphire,Round,M,Standard,Silver/White,Stick/Minimalist,Arabic Numerals,8.909370405197466
https://watchbase.com/omega/speedmaster-reduced/3535-79-00,omega,Speedmaster Reduced,No,Steel,Sapphire,Round,M,Standard,Silver/White,Stick/Minimalist,Arabic Numerals,8.926783114101351
https://watchbase.com/omega/speedmaster-reduced/3835-71-33,omega,Speedmaster Reduced,No,Steel,Sapphire,Round,M,Standard,Silver/White,Stick/Minimalist,Arabic Numerals,8.914760527397261
https://watchbase.com/omega/speedmaster-reduced/3535-70-00,omega,Speedmaster Reduced,No,Steel,Sapphire,Round,M,Standard,Silver/White,Stick/Minimalist,Arabic Numerals,8.877800393882575
https://watchbase.com/omega/speedmaster-reduced/3835-77-36,omega,Speedmaster Reduced,No,Steel,Sapphire,Round,M,Standard,Silver/White,Stick/Minimalist,Gem-Set Indexes,9.059633754551479
https://watchbase.com/omega/speedmaster-reduced/3835-74-34,omega,Speedmaster Reduced,No,Steel,Sapphire,Round,M,Standard,Silver/White,Stick/Minimalist,Arabic Numerals,8.914760527397261
https://watchbase.com/omega/speedmaster-reduced/3802-78-51,omega,Speedmaster Reduced,No,Steel,Sapphire,Round,M,Standard,Blue,Stick/Minimalist,Arabic Numerals,7.791935956938058
https://watchbase.com/omega/speedmaster-reduced/3815-70-36,omega,Speedmaster Reduced,No,Steel,Sapphire,Round,M,Standard,Silver/White,Stick/Minimalist,Arabic Numerals,8.64135583403666
https://watchbase.com/omega/speedmaster-reduced/3815-73-31,omega,Speedmaster Reduced,No,Steel,Sapphire,Round,M,Standard,Blue,Stick/Minimalist,Arabic Numerals,8.648396877031582
https://watchbase.com/omega/speedmaster-reduced/3510-80-00,omega,Speedmaster Reduced,No,Steel,Plexi,Round,M,Basic,Blue,Stick/Minimalist,Stick / Dot,7.1316985104669115
https://watchbase.com/omega/speedmaster-reduced/3810-12-06,omega,Speedmaster Reduced,No,Steel,Plexi,Round,M,Basic,Colorful,Stick/Minimalist,Stick / Dot,7.099201743553092
https://watchbase.com/omega/speedmaster-reduced/3534-74-00,omega,Speedmaster Reduced,No,Steel,Sapphire,Round,M,Standard,Silver/White,Stick/Minimalist,Arabic Numerals,7.901377353792616
https://watchbase.com/omega/speedmaster-reduced/3802-71-53,omega,Speedmaster Reduced,No,Steel,Sapphire,Round,M,Standard,Silver/White,Stick/Minimalist,Arabic Numerals,7.484930283289661
https://watchbase.com/omega/speedmaster-reduced/3535-77-00,omega,Speedmaster Reduced,No,Steel,Sapphire,Round,M,Standard,Silver/White,Stick/Minimalist,Gem-Set Indexes,9.07004328643746
https://watchbase.com/omega/speedmaster-reduced/3835-78-38,omega,Speedmaster Reduced,No,Steel,Sapphire,Round,M,Standard,Silver/White,Stick/Minimalist,Arabic Numerals,8.909370405197466
https://watchbase.com/omega/speedmaster-reduced/3802-77-55,omega,Speedmaster Reduced,No,Steel,Sapphire,Round,M,Standard,Silver/White,Stick/Minimalist,Arabic Numerals,7.791935956938058
https://watchbase.com/omega/speedmaster-reduced/3836-70-36,omega,Speedmaster Reduced,No,Steel,Sapphire,Round,M,Standard,Silver/White,Stick/Minimalist,Arabic Numerals,7.8636512654486515
https://watchbase.com/omega/speedmaster-reduced/3810-81-08,omega,Speedmaster Reduced,No,Steel,Plexi,Round,M,Basic,Blue,Stick/Minimalist,Stick / Dot,7.099201743553092
https://watchbase.com/omega/speedmaster-reduced/3510-81-00,omega,Speedmaster Reduced,No,Steel,Plexi,Round,M,Basic,Blue,Stick/Minimalist,Stick / Dot,7.193685818395112
https://watchbase.com/omega/speedmaster-reduced/3510-12-00,omega,Speedmaster Reduced,No,Steel,Plexi,Round,M,Basic,Colorful,Stick/Minimalist,Stick / Dot,7.193685818395112
https://watchbase.com/omega/speedmaster-reduced/3534-70-00,omega,Speedmaster Reduced,No,Steel,Sapphire,Round,M,Standard,Silver/White,Stick/Minimalist,Arabic Numerals,7.897668150726906
https://watchbase.com/omega/speedmaster-reduced/3517-30-00,omega,Speedmaster Reduced,Yes,Steel,Plexi,Round,M,Standard,Silver/White,Stick/Minimalist,Stick / Dot,7.353081920515432
https://watchbase.com/omega/speedmaster-reduced/3534-79-00,omega,Speedmaster Reduced,No,Steel,Sapphire,Round,M,Standard,Silver/White,Stick/Minimalist,Arabic Numerals,7.787796878181171
https://watchbase.com/omega/speedmaster-reduced/3810-12-40,omega,Speedmaster Reduced,No,Steel,Plexi,Round,M,Basic,Colorful,Stick/Minimalist,Stick / Dot,7.099201743553092
https://watchbase.com/omega/speedmaster-reduced/3834-79-40,omega,Speedmaster Reduced,No,Steel,Sapphire,Round,M,Standard,Silver/White,Stick/Minimalist,Arabic Numerals,7.749753406274437
https://watchbase.com/omega/speedmaster-reduced/3835-72-35,omega,Speedmaster Reduced,No,Steel,Sapphire,Round,M,Standard,Silver/White,Stick/Minimalist,Arabic Numerals,8.914760527397261
https://watchbase.com/omega/speedmaster-reduced/3834-70-36,omega,Speedmaster Reduced,No,Steel,Sapphire,Round,M,Standard,Silver/White,Stick/Minimalist,Arabic Numerals,7.749753406274437
https://watchbase.com/omega/speedmaster-reduced/3518-50-00,omega,Speedmaster Reduced,Yes,Steel,Plexi,Round,M,Standard,Black,Stick/Minimalist,Stick / Dot,7.353081920515432
https://watchbase.com/omega/speedmaster-reduced/3810-51-41,omega,Speedmaster Reduced,Yes,Steel,Plexi,Round,M,Basic,Black,Stick/Minimalist,Stick / Dot,7.1316985104669115
https://watchbase.com/omega/speedmaster-reduced/3810-61-41,omega,Speedmaster Reduced,No,Steel,Plexi,Round,M,Basic,Colorful,Stick/Minimalist,Stick / Dot,7.099201743553092
https://watchbase.com/omega/speedmaster-reduced/3539-50-00,omega,Speedmaster Reduced,No,Steel,Sapphire,Round,M,Standard,Black,Stick/Minimalist,Stick / Dot,7.640603826393634
https://watchbase.com/omega/speedmaster-reduced/3510-61-00,omega,Speedmaster Reduced,No,Steel,Plexi,Round,M,Basic,Colorful,Stick/Minimalist,Stick / Dot,7.193685818395112
https://watchbase.com/omega/speedmaster-reduced/3510-50-00,omega,Speedmaster Reduced,No,Steel,Plexi,Round,M,Standard,Black,Stick/Minimalist,Stick / Dot,7.2520539518528135
https://watchbase.com/omega/tresor/428-55-26-60-99-001,omega,Trésor,No,Other,Sapphire,Rectangular,XS,Basic,Silver/White,Leaf-style,Roman Numerals,10.192456296870509
https://watchbase.com/omega/tresor/428-55-26-60-04-001,omega,Trésor,No,Other,Sapphire,Rectangular,XS,Basic,Silver/White,Leaf-style,Roman Numerals,10.16203685698089
https://watchbase.com/omega/tresor/428-17-26-60-04-002,omega,Trésor,No,Steel,Sapphire,Rectangular,XS,Basic,Silver/White,Leaf-style,Roman Numerals,8.537191877922927
https://watchbase.com/omega/tresor/528-53-44-21-03-001,omega,Trésor,No,Gold Variants,Sapphire,Round,XL,Basic,Blue,Stick/Minimalist,Stick / Dot,12.082214317601338
https://watchbase.com/omega/tresor/428-18-36-60-03-002,omega,Trésor,No,Steel,Sapphire,Round,M,Basic,Blue,Stick/Minimalist,Roman Numerals,8.732465848349879
https://watchbase.com/omega/tresor/428-58-36-60-02-001,omega,Trésor,No,Gold Variants,Sapphire,Round,M,Basic,Grey/Brown,Stick/Minimalist,Roman Numerals,9.367429587218957
https://watchbase.com/omega/tresor/432-58-40-21-05-003,omega,Trésor,No,Gold Variants,Sapphire,Round,L,Basic,Silver/White,Stick/Minimalist,Stick / Dot,9.980494888896912
https://watchbase.com/omega/tresor/428-58-26-60-04-002,omega,Trésor,No,Other,Sapphire,Round,XS,Basic,Silver/White,Leaf-style,Roman Numerals,9.200391041122515
https://watchbase.com/omega/tresor/435-18-40-22-11-001,omega,Trésor,No,Steel,Sapphire,Round,L,Basic,Colorful,Stick/Minimalist,Stick / Dot,9.635673464721814
https://watchbase.com/omega/tresor/428-58-26-60-04-001,omega,Trésor,No,Other,Sapphire,Round,XS,Basic,Silver/White,Leaf-style,Roman Numerals,9.179984251961283
https://watchbase.com/omega/tresor/435-53-40-21-10-001,omega,Trésor,No,Gold Variants,Sapphire,Round,L,Basic,Colorful,Stick/Minimalist,Stick / Dot,9.957075711706057
https://watchbase.com/omega/tresor/428-18-36-60-04-002,omega,Trésor,No,Steel,Sapphire,Round,M,Basic,Silver/White,Stick/Minimalist,Roman Numerals,8.575650760987806
https://watchbase.com/omega/tresor/428-58-36-60-53-001,omega,Trésor,No,Gold Variants,Sapphire,Round,M,Basic,Blue,Stick/Minimalist,Roman Numerals,10.285376924115587
https://watchbase.com/omega/tresor/428-58-26-60-99-001,omega,Trésor,No,Other,Sapphire,Round,XS,Basic,Silver/White,Leaf-style,Roman Numerals,9.259225769705994
https://watchbase.com/omega/tresor/428-15-36-60-02-001,omega,Trésor,No,Steel,Sapphire,Round,M,Basic,Silver/White,Stick/Minimalist,Roman Numerals,8.79497643168877
https://watchbase.com/omega/tresor/428-18-36-60-10-002,omega,Trésor,No,Steel,Sapphire,Round,M,Basic,Colorful,Stick/Minimalist,Roman Numerals,8.732465848349879
https://watchbase.com/omega/tresor/428-57-26-60-99-001,omega,Trésor,No,Other,Sapphire,Rectangular,XS,Basic,Silver/White,Leaf-style,Roman Numerals,9.259225769705994
https://watchbase.com/omega/tresor/529-53-43-22-99-001,omega,Trésor,No,Other,Sapphire,Round,L,Basic,Colorful,Stick/Minimalist,Stick / Dot,12.377927112974284
https://watchbase.com/omega/tresor/428-17-26-60-04-001,omega,Trésor,No,Steel,Sapphire,Rectangular,XS,Basic,Silver/White,Leaf-style,Roman Numerals,8.537191877922927
https://watchbase.com/omega/tresor/432-58-40-21-05-001,omega,Trésor,No,Gold Variants,Sapphire,Round,L,Basic,Silver/White,Stick/Minimalist,Stick / Dot,9.980494888896912
https://watchbase.com/omega/tresor/432-53-40-21-07-001,omega,Trésor,No,Gold Variants,Sapphire,Round,L,Basic,Grey/Brown,Stick/Minimalist,Stick / Dot,9.741027444837728
https://watchbase.com/omega/tresor/432-58-40-21-05-002,omega,Trésor,No,Gold Variants,Sapphire,Round,L,Basic,Silver/White,Stick/Minimalist,Stick / Dot,9.980494888896912
https://watchbase.com/omega/tresor/432-53-40-21-52-002,omega,Trésor,Yes,Gold Variants,Sapphire,Round,L,Basic,Silver/White,Stick/Minimalist,Gem-Set Indexes,9.908524844053396
https://watchbase.com/omega/tresor/432-53-40-21-09-001,omega,Trésor,Yes,Gold Variants,Sapphire,Round,L,Basic,Silver/White,Stick/Minimalist,Stick / Dot,9.933094897288786
https://watchbase.com/omega/tresor/428-58-26-60-99-002,omega,Trésor,No,Other,Sapphire,Round,XS,Basic,Silver/White,Leaf-style,Roman Numerals,9.268703615273097
https://watchbase.com/omega/tresor/432-18-40-21-03-001,omega,Trésor,No,Steel,Sapphire,Round,L,Basic,Blue,Stick/Minimalist,Stick / Dot,9.367429587218957
https://watchbase.com/omega/tresor/435-18-40-21-02-002,omega,Trésor,No,Steel,Sapphire,Round,L,Basic,Silver/White,Stick/Minimalist,Stick / Dot,9.595670797663967
https://watchbase.com/omega/tresor/435-53-40-22-03-001,omega,Trésor,No,Gold Variants,Sapphire,Round,L,Basic,Blue,Stick/Minimalist,Stick / Dot,9.989711119284745
https://watchbase.com/omega/tresor/428-17-26-60-04-003,omega,Trésor,No,Steel,Sapphire,Rectangular,XS,Basic,Silver/White,Leaf-style,Roman Numerals,8.537191877922927
https://watchbase.com/omega/tresor/435-18-40-21-03-001,omega,Trésor,No,Steel,Sapphire,Round,L,Basic,Blue,Stick/Minimalist,Stick / Dot,9.539716058977092
https://watchbase.com/omega/tresor/435-13-40-22-01-001,omega,Trésor,No,Steel,Sapphire,Round,L,Basic,Black,Stick/Minimalist,Stick / Dot,9.105090961257085
https://watchbase.com/omega/tresor/435-53-40-21-11-001,omega,Trésor,No,Gold Variants,Sapphire,Round,L,Basic,Colorful,Stick/Minimalist,Stick / Dot,10.098272780745283
https://watchbase.com/omega/tresor/435-53-40-21-09-001,omega,Trésor,No,Gold Variants,Sapphire,Round,L,Basic,Silver/White,Stick/Minimalist,Stick / Dot,9.913487387114461
https://watchbase.com/omega/tresor/435-53-40-21-06-001,omega,Trésor,No,Gold Variants,Sapphire,Round,L,Basic,Grey/Brown,Stick/Minimalist,Stick / Dot,9.913487387114461
https://watchbase.com/omega/tresor/432-13-40-21-03-001,omega,Trésor,No,Steel,Sapphire,Round,L,Basic,Blue,Stick/Minimalist,Stick / Dot,8.77971129020447
https://watchbase.com/omega/tresor/432-53-40-21-03-001,omega,Trésor,Yes,Gold Variants,Sapphire,Round,L,Basic,Blue,Stick/Minimalist,Stick / Dot,9.746892220313054
https://watchbase.com/omega/tresor/435-13-40-21-03-001,omega,Trésor,No,Steel,Sapphire,Round,L,Basic,Blue,Stick/Minimalist,Stick / Dot,8.94910546953925
https://watchbase.com/omega/tresor/529-53-43-22-01-001,omega,Trésor,No,Gold Variants,Sapphire,Round,L,Basic,Black,Stick/Minimalist,Stick / Dot,12.253437985595856
https://watchbase.com/omega/tresor/435-13-40-21-03-002,omega,Trésor,No,Steel,Sapphire,Round,L,Basic,Blue,Stick/Minimalist,Stick / Dot,9.036106025364846
https://watchbase.com/omega/tresor/435-13-40-22-06-001,omega,Trésor,No,Steel,Sapphire,Round,L,Basic,Silver/White,Stick/Minimalist,Stick / Dot,9.105090961257085
https://watchbase.com/omega/tresor/432-53-40-21-52-001,omega,Trésor,Yes,Gold Variants,Sapphire,Round,L,Basic,Silver/White,Stick/Minimalist,Gem-Set Indexes,9.980494888896912
https://watchbase.com/omega/tresor/432-53-40-21-02-004,omega,Trésor,No,Gold Variants,Sapphire,Round,L,Basic,Silver/White,Stick/Minimalist,Stick / Dot,9.69898173460629
https://watchbase.com/omega/tresor/435-13-40-21-06-001,omega,Trésor,No,Steel,Sapphire,Round,L,Basic,Silver/White,Stick/Minimalist,Stick / Dot,9.036106025364846
https://watchbase.com/omega/tresor/432-53-40-21-04-001,omega,Trésor,Yes,Gold Variants,Sapphire,Round,L,Basic,Silver/White,Stick/Minimalist,Stick / Dot,9.933094897288786
https://watchbase.com/omega/tresor/435-13-40-21-02-001,omega,Trésor,No,Steel,Sapphire,Round,L,Basic,Silver/White,Stick/Minimalist,Stick / Dot,8.94910546953925
https://watchbase.com/omega/tresor/432-53-40-21-02-001,omega,Trésor,No,Gold Variants,Sapphire,Round,L,Basic,Silver/White,Stick/Minimalist,Stick / Dot,9.61587214452889
https://watchbase.com/omega/tresor/432-53-40-21-02-002,omega,Trésor,No,Gold Variants,Sapphire,Round,L,Basic,Silver/White,Stick/Minimalist,Stick / Dot,9.61587214452889
https://watchbase.com/omega/museum-collection/5773-71-56,omega,Museum Collection,No,Steel,Sapphire,Round,L,Basic,Silver/White,Traditional/Special,Arabic Numerals,9.23317760587894
https://watchbase.com/omega/museum-collection/5774-71-56,omega,Museum Collection,No,Steel,Sapphire,Round,L,Basic,Silver/White,Traditional/Special,Arabic Numerals,9.169622538697624
https://watchbase.com/omega/museum-collection/5778-71-56,omega,Museum Collection,No,Steel,Sapphire,Round,L,Basic,Silver/White,Traditional/Special,Arabic Numerals,9.209439966733019
https://watchbase.com/omega/museum-collection/516-53-37-20-09-012,omega,Museum Collection,Yes,Gold Variants,Sapphire,Round,M,Basic,Silver/White,Dauphine-style,Mixed,8.989818381366925
https://watchbase.com/omega/museum-collection/511-93-38-20-99-002,omega,Museum Collection,Yes,Steel,Sapphire,Round,M,Basic,Silver/White,Dauphine-style,Mixed,10.821796246953596
https://watchbase.com/omega/museum-collection/516-53-37-20-09-009,omega,Museum Collection,Yes,Gold Variants,Sapphire,Round,M,Basic,Silver/White,Dauphine-style,Mixed,9.105090961257085
https://watchbase.com/omega/museum-collection/516-53-37-20-09-013,omega,Museum Collection,Yes,Gold Variants,Sapphire,Round,M,Basic,Silver/White,Dauphine-style,Mixed,9.105090961257085
https://watchbase.com/omega/museum-collection/522-53-33-20-02-001,omega,Museum Collection,Yes,Gold Variants,Sapphire,Tonneau,S,Basic,Silver/White,Leaf-style,Arabic Numerals,9.814710982145282
https://watchbase.com/omega/museum-collection/5703-30-01,omega,Museum Collection,Yes,Gold Variants,Sapphire,Tonneau,S,Basic,Silver/White,Leaf-style,Arabic Numerals,8.759511722116489
https://watchbase.com/omega/museum-collection/522-53-39-50-04-002,omega,Museum Collection,Yes,Gold Variants,Sapphire,Round,M,Basic,Silver/White,Traditional/Special,Arabic Numerals,9.883335864325275
https://watchbase.com/omega/museum-collection/5780-71-56,omega,Museum Collection,No,Steel,Sapphire,Round,L,Basic,Silver/White,Traditional/Special,Arabic Numerals,9.370842268630211
https://watchbase.com/omega/museum-collection/511-12-38-20-02-002,omega,Museum Collection,Yes,Steel,Sapphire,Round,M,Basic,Silver/White,Leaf-style,Mixed,9.024131268455035
https://watchbase.com/omega/museum-collection/511-93-38-20-99-001,omega,Museum Collection,Yes,Platinum,Sapphire,Round,M,Basic,Silver/White,Leaf-style,Mixed,10.83370091325064
https://watchbase.com/omega/museum-collection/516-53-37-20-09-016,omega,Museum Collection,Yes,Gold Variants,Sapphire,Round,M,Basic,Silver/White,Dauphine-style,Mixed,9.105090961257085
https://watchbase.com/omega/museum-collection/5702-50-02,omega,Museum Collection,Yes,Steel,Sapphire,Round,M,Basic,Black,Stick/Minimalist,Stick / Dot,8.152198015861787
https://watchbase.com/omega/museum-collection/5701-80-03,omega,Museum Collection,Yes,Gold Variants,Sapphire,Square,L,Basic,Blue,Stick/Minimalist,Stick / Dot,9.063115652219658
https://watchbase.com/omega/museum-collection/522-92-39-21-99-001,omega,Museum Collection,No,Gold Variants,Sapphire,Round,M,Basic,Silver/White,Traditional/Special,Mixed,9.495594499353297
https://watchbase.com/omega/museum-collection/5700-50-07,omega,Museum Collection,Yes,Steel,Sapphire,Round,L,Basic,Black,Traditional/Special,Arabic Numerals,8.174984532943087
https://watchbase.com/omega/museum-collection/522-52-39-21-04-001,omega,Museum Collection,No,Gold Variants,Sapphire,Round,M,Basic,Silver/White,Traditional/Special,Mixed,9.913487387114461
https://watchbase.com/omega/museum-collection/522-53-38-50-04-001,omega,Museum Collection,Yes,Gold Variants,Sapphire,Round,M,Basic,Silver/White,Leaf-style,Arabic Numerals,9.961803629358965
https://watchbase.com/omega/museum-collection/511-12-38-20-02-001,omega,Museum Collection,Yes,Steel,Sapphire,Round,M,Basic,Silver/White,Leaf-style,Mixed,8.94910546953925
https://watchbase.com/omega/museum-collection/522-53-39-50-04-001,omega,Museum Collection,Yes,Gold Variants,Sapphire,Round,M,Basic,Silver/White,Leaf-style,Arabic Numerals,9.711176264112805
https://watchbase.com/omega/museum-collection/5756-30-01,omega,Museum Collection,Yes,Gold Variants,Sapphire,Square,L,Basic,Silver/White,Stick/Minimalist,Stick / Dot,9.495594499353297
https://watchbase.com/omega/museum-collection/522-23-39-20-02-001,omega,Museum Collection,Yes,Steel,Sapphire,Round,M,Standard,Silver/White,Leaf-style,Stick / Dot,8.438366410870266
https://watchbase.com/omega/museum-collection/516-53-37-20-01-001,omega,Museum Collection,No,Gold Variants,Sapphire,Round,M,Basic,Black,Dauphine-style,Mixed,9.65509029374725
https://watchbase.com/omega/museum-collection/516-53-25-00-02-001,omega,Museum Collection,Yes,Gold Variants,Sapphire,Round,XS,Basic,Silver/White,Leaf-style,Mixed,8.902591637374087
https://watchbase.com/omega/museum-collection/5704-60-02,omega,Museum Collection,No,Gold Variants,Sapphire,Round,M,Basic,Other,Dauphine-style,Stick / Dot,8.74687531957003
https://watchbase.com/omega/museum-collection/522-53-37-20-04-001,omega,Museum Collection,No,Other,Sapphire,Round,M,Basic,Silver/White,Dauphine-style,Mixed,9.97119292889014
https://watchbase.com/omega/museum-collection/516-53-37-20-09-010,omega,Museum Collection,Yes,Gold Variants,Sapphire,Round,M,Basic,Silver/White,Dauphine-style,Mixed,8.989818381366925
https://watchbase.com/omega/museum-collection/516-53-32-20-02-002,omega,Museum Collection,Yes,Gold Variants,Sapphire,Rectangular,S,Standard,Grey/Brown,Traditional/Special,Arabic Numerals,10.797553125151618
https://watchbase.com/omega/museum-collection/5705-30-01,omega,Museum Collection,Yes,Steel,Sapphire,Rectangular,M,Basic,Silver/White,Dauphine-style,Stick / Dot,9.39024233725137
https://watchbase.com/omega/museum-collection/516-53-38-50-01-001,omega,Museum Collection,Yes,Gold Variants,Sapphire,Round,M,Basic,Black,Traditional/Special,Stick / Dot,9.989711119284745
https://watchbase.com/omega/museum-collection/516-53-39-50-02-001,omega,Museum Collection,Yes,Gold Variants,Sapphire,Round,M,Basic,Grey/Brown,Leaf-style,Mixed,9.87822102528824
https://watchbase.com/omega/museum-collection/511-13-38-20-02-002,omega,Museum Collection,Yes,Steel,Sapphire,Round,M,Basic,Silver/White,Dauphine-style,Mixed,8.922791623969637
https://watchbase.com/omega/museum-collection/511-13-38-20-02-001,omega,Museum Collection,Yes,Steel,Sapphire,Round,M,Basic,Silver/White,Dauphine-style,Mixed,8.867990898182093
https://watchbase.com/omega/museum-collection/516-53-39-50-09-001,omega,Museum Collection,Yes,Gold Variants,Sapphire,Round,M,Basic,Silver/White,Traditional/Special,Arabic Numerals,9.937937287265354
https://watchbase.com/omega/museum-collection/511-12-39-21-99-002,omega,Museum Collection,No,Steel,Sapphire,Round,M,Basic,Silver/White,Traditional/Special,Mixed,8.824824939175638
https://watchbase.com/omega/museum-collection/516-52-48-30-04-001,omega,Museum Collection,Yes,Other,Sapphire,Round,XXL,Basic,Silver/White,Traditional/Special,Arabic Numerals,11.943414837983129
https://watchbase.com/omega/seamaster-planet-ocean/215-92-46-51-99-001,omega,Seamaster Planet Ocean,No,Titanium,Sapphire,Round,XL,Extreme,Grey/Brown,Sword-style,Mixed,9.350189267092581
https://watchbase.com/omega/seamaster-planet-ocean/215-32-46-51-04-001,omega,Seamaster Planet Ocean,Yes,Steel,Sapphire,Round,XL,Extreme,Silver/White,Sword-style,Mixed,8.962007209588313
https://watchbase.com/omega/seamaster-planet-ocean/222-30-42-20-01-001,omega,Seamaster Planet Ocean,Yes,Steel,Sapphire,Round,L,Extreme,Black,Stick/Minimalist,Mixed,8.366602832783736
https://watchbase.com/omega/seamaster-planet-ocean/215-33-40-20-01-001,omega,Seamaster Planet Ocean,No,Steel,Sapphire,Round,L,Extreme,Black,Sword-style,Mixed,8.895766604056085
https://watchbase.com/omega/seamaster-planet-ocean/232-92-46-51-03-001,omega,Seamaster Planet Ocean,No,Titanium,Sapphire,Round,XL,Extreme,Black,Sword-style,Mixed,9.012011377036412
https://watchbase.com/omega/seamaster-planet-ocean/2918-50-38,omega,Seamaster Planet Ocean,No,Steel,Sapphire,Round,XL,Extreme,Black,Sword-style,Mixed,8.575650760987806
https://watchbase.com/omega/seamaster-planet-ocean/2901-50-81,omega,Seamaster Planet Ocean,No,Steel,Sapphire,Round,L,Extreme,Black,Stick/Minimalist,Mixed,8.101980731853192
https://watchbase.com/omega/seamaster-planet-ocean/215-30-40-20-03-002,omega,Seamaster Planet Ocean,No,Synthetic,Sapphire,Round,L,Extreme,Blue,Sword-style,Mixed,8.987321812850125
https://watchbase.com/omega/seamaster-planet-ocean/232-90-44-22-03-001,omega,Seamaster Planet Ocean,No,Titanium,Sapphire,Round,XL,Extreme,Blue,Sword-style,Mixed,9.036106025364846
https://watchbase.com/omega/seamaster-planet-ocean/215-30-44-22-01-001,omega,Seamaster Planet Ocean,No,Steel,Sapphire,Round,XL,Extreme,Black,Sword-style,Mixed,9.148571345578551
https://watchbase.com/omega/seamaster-planet-ocean/215-32-46-51-01-001,omega,Seamaster Planet Ocean,No,Steel,Sapphire,Round,XL,Extreme,Black,Sword-style,Mixed,9.15915233520675
https://watchbase.com/omega/seamaster-planet-ocean/2201-52-00,omega,Seamaster Planet Ocean,No,Steel,Sapphire,Round,L,Extreme,Black,Proprietary,Mixed,8.172164452111904
https://watchbase.com/omega/seamaster-planet-ocean/2909-50-38,omega,Seamaster Planet Ocean,No,Steel,Sapphire,Round,L,Extreme,Black,Stick/Minimalist,Mixed,8.101980731853192
https://watchbase.com/omega/seamaster-planet-ocean/2909-50-83,omega,Seamaster Planet Ocean,No,Steel,Sapphire,Round,L,Extreme,Black,Stick/Minimalist,Mixed,8.092851027538384
https://watchbase.com/omega/seamaster-planet-ocean/215-30-46-51-01-001,omega,Seamaster Planet Ocean,No,Steel,Sapphire,Round,XL,Extreme,Black,Sword-style,Mixed,9.200391041122515
https://watchbase.com/omega/seamaster-planet-ocean/215-32-44-21-01-001,omega,Seamaster Planet Ocean,No,Steel,Sapphire,Round,XL,Extreme,Black,Sword-style,Mixed,8.895766604056085
https://watchbase.com/omega/seamaster-planet-ocean/232-30-42-21-01-003,omega,Seamaster Planet Ocean,No,Steel,Sapphire,Round,L,Extreme,Black,Sword-style,Mixed,8.537191877922927
https://watchbase.com/omega/seamaster-planet-ocean/2208-50-00,omega,Seamaster Planet Ocean,No,Steel,Sapphire,Round,XL,Extreme,Black,Stick/Minimalist,Mixed,8.131824785007195
https://watchbase.com/omega/seamaster-planet-ocean/232-30-44-22-01-001,omega,Seamaster Planet Ocean,No,Steel,Sapphire,Round,XL,Extreme,Black,Sword-style,Mixed,8.764209507142004
https://watchbase.com/omega/seamaster-planet-ocean/2900-50-91,omega,Seamaster Planet Ocean,No,Steel,Sapphire,Round,XL,Extreme,Black,Stick/Minimalist,Mixed,8.101980731853192
https://watchbase.com/omega/seamaster-planet-ocean/215-30-46-51-01-002,omega,Seamaster Planet Ocean,No,Steel,Sapphire,Round,XL,Extreme,Black,Sword-style,Mixed,9.200391041122515
https://watchbase.com/omega/seamaster-planet-ocean/215-32-44-21-01-002,omega,Seamaster Planet Ocean,No,Steel,Sapphire,Round,XL,Extreme,Colorful,Sword-style,Mixed,8.94910546953925
https://watchbase.com/omega/seamaster-planet-ocean/2901-50-37,omega,Seamaster Planet Ocean,No,Steel,Sapphire,Round,L,Extreme,Black,Stick/Minimalist,Mixed,7.916078096302786
https://watchbase.com/omega/seamaster-planet-ocean/232-30-46-21-01-001,omega,Seamaster Planet Ocean,No,Steel,Sapphire,Round,XL,Extreme,Black,Sword-style,Mixed,8.537191877922927
https://watchbase.com/omega/seamaster-planet-ocean/2909-50-82,omega,Seamaster Planet Ocean,No,Steel,Sapphire,Round,L,Extreme,Black,Stick/Minimalist,Mixed,8.101980731853192
https://watchbase.com/omega/seamaster-planet-ocean/215-92-46-22-01-007,omega,Seamaster Planet Ocean,No,Synthetic,Sapphire,Round,XL,Extreme,Black,Sword-style,Stick / Dot,9.70509758756311
https://watchbase.com/omega/seamaster-planet-ocean/215-92-46-22-01-006,omega,Seamaster Planet Ocean,No,Synthetic,Sapphire,Round,XL,Extreme,Black,Sword-style,Stick / Dot,9.70509758756311
https://watchbase.com/omega/seamaster-planet-ocean/215-90-44-21-99-001,omega,Seamaster Planet Ocean,No,Titanium,Sapphire,Round,XL,Extreme,Grey/Brown,Sword-style,Mixed,9.210440366976517
https://watchbase.com/omega/seamaster-planet-ocean/232-63-44-22-01-001,omega,Seamaster Planet Ocean,No,Gold Variants,Sapphire,Round,XL,Extreme,Black,Sword-style,Mixed,10.357774570341576
https://watchbase.com/omega/seamaster-planet-ocean/2210-50-00,omega,Seamaster Planet Ocean,No,Steel,Sapphire,Round,XL,Extreme,Black,Sword-style,Mixed,8.716207971151853
https://watchbase.com/omega/seamaster-planet-ocean/215-92-46-22-99-002,omega,Seamaster Planet Ocean,No,Titanium,Sapphire,Round,XL,Extreme,Grey/Brown,Sword-style,Mixed,10.114599007626499
https://watchbase.com/omega/seamaster-planet-ocean/215-30-46-51-99-001,omega,Seamaster Planet Ocean,No,Steel,Sapphire,Round,XL,Extreme,Grey/Brown,Sword-style,Mixed,9.200391041122515
https://watchbase.com/omega/seamaster-planet-ocean/2200-52-00,omega,Seamaster Planet Ocean,Yes,Steel,Sapphire,Round,XL,Extreme,Black,Stick/Minimalist,Mixed,8.188966863648876
https://watchbase.com/omega/seamaster-planet-ocean/2200-51-00,omega,Seamaster Planet Ocean,No,Steel,Sapphire,Round,XL,Extreme,Black,Stick/Minimalist,Mixed,8.131824785007195
https://watchbase.com/omega/seamaster-planet-ocean/2218-50-00,omega,Seamaster Planet Ocean,No,Steel,Sapphire,Round,XL,Extreme,Black,Sword-style,Mixed,8.594339400592892
https://watchbase.com/omega/seamaster-planet-ocean/215-30-46-51-03-001,omega,Seamaster Planet Ocean,No,Steel,Sapphire,Round,XL,Extreme,Blue,Sword-style,Mixed,9.200391041122515
https://watchbase.com/omega/seamaster-planet-ocean/215-92-46-22-01-003,omega,Seamaster Planet Ocean,No,Synthetic,Sapphire,Round,XL,Extreme,Black,Sword-style,Mixed,9.495594499353297
https://watchbase.com/omega/seamaster-planet-ocean/2901-51-82,omega,Seamaster Planet Ocean,No,Steel,Sapphire,Round,L,Extreme,Black,Stick/Minimalist,Mixed,8.101980731853192
https://watchbase.com/omega/seamaster-planet-ocean/215-30-44-21-01-002,omega,Seamaster Planet Ocean,No,Steel,Sapphire,Round,XL,Extreme,Black,Sword-style,Mixed,8.94910546953925
https://watchbase.com/omega/seamaster-planet-ocean/232-30-44-22-03-001,omega,Seamaster Planet Ocean,No,Steel,Sapphire,Round,XL,Extreme,Blue,Sword-style,Mixed,8.81001204797317
https://watchbase.com/omega/seamaster-planet-ocean/232-30-42-21-01-001,omega,Seamaster Planet Ocean,No,Steel,Sapphire,Round,L,Extreme,Black,Stick/Minimalist,Mixed,8.537191877922927
https://watchbase.com/omega/seamaster-planet-ocean/2200-50-00,omega,Seamaster Planet Ocean,No,Steel,Sapphire,Round,XL,Extreme,Black,Stick/Minimalist,Mixed,8.131824785007195
https://watchbase.com/omega/seamaster-planet-ocean/215-30-44-21-01-001,omega,Seamaster Planet Ocean,No,Steel,Sapphire,Round,XL,Extreme,Black,Sword-style,Mixed,8.94910546953925
https://watchbase.com/omega/seamaster-planet-ocean/222-32-46-50-01-001,omega,Seamaster Planet Ocean,No,Steel,Sapphire,Round,XL,Extreme,Black,Sword-style,Mixed,8.612685172875459
https://watchbase.com/omega/seamaster-planet-ocean/215-30-40-20-01-001,omega,Seamaster Planet Ocean,No,Steel,Sapphire,Round,L,Extreme,Black,Sword-style,Mixed,8.94910546953925
https://watchbase.com/omega/seamaster-planet-ocean/2201-51-00,omega,Seamaster Planet Ocean,No,Steel,Sapphire,Round,L,Extreme,Black,Stick/Minimalist,Mixed,8.131824785007195
https://watchbase.com/omega/seamaster-planet-ocean/2209-50-00,omega,Seamaster Planet Ocean,No,Steel,Sapphire,Round,L,Extreme,Black,Stick/Minimalist,Mixed,8.131824785007195
https://watchbase.com/omega/seamaster-planet-ocean/215-30-44-21-03-001,omega,Seamaster Planet Ocean,No,Steel,Sapphire,Round,XL,Extreme,Blue,Sword-style,Mixed,8.94910546953925
https://watchbase.com/omega/seamaster-planet-ocean/2201-50-00,omega,Seamaster Planet Ocean,No,Steel,Sapphire,Round,L,Extreme,Black,Stick/Minimalist,Mixed,8.131824785007195
https://watchbase.com/omega/speedmaster-automatic-quartz/304-93-44-52-99-003,omega,Speedmaster (Non-Moonwatch),No,Platinum,Sapphire,Round,XL,Standard,Silver/White,Stick/Minimalist,Gem-Set Indexes,11.250274159310356
https://watchbase.com/omega/speedmaster-automatic-quartz/324-30-38-40-04-001,omega,Speedmaster (Non-Moonwatch),No,Steel,Sapphire,Round,M,Standard,Silver/White,Stick/Minimalist,Arabic Numerals,8.366602832783736
https://watchbase.com/omega/speedmaster-automatic-quartz/321-32-44-50-01-001,omega,Speedmaster (Non-Moonwatch),No,Steel,Sapphire,Round,XL,Standard,Black,Stick/Minimalist,Stick / Dot,8.39185670010494
https://watchbase.com/omega/speedmaster-automatic-quartz/3507-51-00,omega,Speedmaster (Non-Moonwatch),No,Steel,Sapphire,Round,L,Standard,Black,Stick/Minimalist,Stick / Dot,8.213652703029998
https://watchbase.com/omega/speedmaster-automatic-quartz/321-10-42-50-04-001,omega,Speedmaster (Non-Moonwatch),No,Steel,Sapphire,Round,L,Standard,Silver/White,Sword-style,Arabic Numerals,8.575650760987806
https://watchbase.com/omega/speedmaster-automatic-quartz/323-30-40-40-04-001,omega,Speedmaster (Non-Moonwatch),No,Steel,Sapphire,Round,L,Standard,Silver/White,Stick/Minimalist,Arabic Numerals,8.02322468471667
https://watchbase.com/omega/speedmaster-automatic-quartz/311-30-44-51-01-002,omega,Speedmaster (Non-Moonwatch),No,Steel,Sapphire,Round,XL,Standard,Black,Stick/Minimalist,Stick / Dot,8.881975184248867
https://watchbase.com/omega/speedmaster-automatic-quartz/304-33-44-52-03-001,omega,Speedmaster (Non-Moonwatch),No,Steel,Sapphire,Round,XL,Standard,Blue,Stick/Minimalist,Stick / Dot,9.401043372798053
https://watchbase.com/omega/speedmaster-automatic-quartz/326-30-40-50-02-001,omega,Speedmaster (Non-Moonwatch),No,Steel,Sapphire,Round,L,Standard,Silver/White,Stick/Minimalist,Stick / Dot,8.294299608857235
https://watchbase.com/omega/speedmaster-automatic-quartz/323-32-40-40-04-001,omega,Speedmaster (Non-Moonwatch),No,Steel,Sapphire,Round,L,Standard,Silver/White,Stick/Minimalist,Stick / Dot,8.006700845440367
https://watchbase.com/omega/speedmaster-automatic-quartz/3210-51-00,omega,Speedmaster (Non-Moonwatch),No,Steel,Sapphire,Round,L,Standard,Black,Stick/Minimalist,Stick / Dot,7.8636512654486515
https://watchbase.com/omega/speedmaster-automatic-quartz/304-30-43-52-01-001,omega,Speedmaster (Non-Moonwatch),No,Other,Sapphire,Round,L,Standard,Black,Stick/Minimalist,Stick / Dot,9.867912187022208
https://watchbase.com/omega/speedmaster-automatic-quartz/324-30-38-50-01-001,omega,Speedmaster (Non-Moonwatch),No,Steel,Sapphire,Round,M,Standard,Black,Stick/Minimalist,Stick / Dot,8.699681400989514
https://watchbase.com/omega/speedmaster-automatic-quartz/326-30-40-50-01-002,omega,Speedmaster (Non-Moonwatch),No,Steel,Sapphire,Round,L,Standard,Black,Stick/Minimalist,Stick / Dot,8.294299608857235
https://watchbase.com/omega/speedmaster-automatic-quartz/311-33-44-51-01-001,omega,Speedmaster (Non-Moonwatch),No,Steel,Sapphire,Round,XL,Standard,Black,Stick/Minimalist,Stick / Dot,8.867990898182093
https://watchbase.com/omega/speedmaster-automatic-quartz/311-30-44-50-01-001,omega,Speedmaster (Non-Moonwatch),No,Steel,Sapphire,Round,XL,Standard,Black,Stick/Minimalist,Stick / Dot,8.926783114101351
https://watchbase.com/omega/speedmaster-automatic-quartz/3519-50-00,omega,Speedmaster (Non-Moonwatch),Yes,Steel,Sapphire,Round,L,Standard,Black,Stick/Minimalist,Stick / Dot,7.6783263565068856
https://watchbase.com/omega/speedmaster-automatic-quartz/323-30-40-40-06-001,omega,Speedmaster (Non-Moonwatch),No,Steel,Sapphire,Round,L,Standard,Grey/Brown,Stick/Minimalist,Stick / Dot,8.02322468471667
https://watchbase.com/omega/speedmaster-automatic-quartz/3552-59-00,omega,Speedmaster (Non-Moonwatch),No,Steel,Sapphire,Round,L,Standard,Black,Stick/Minimalist,Stick / Dot,8.146419323098003
https://watchbase.com/omega/speedmaster-automatic-quartz/3506-31-00,omega,Speedmaster (Non-Moonwatch),No,Steel,Sapphire,Round,L,Standard,Silver/White,Stick/Minimalist,Stick / Dot,8.213652703029998
https://watchbase.com/omega/speedmaster-automatic-quartz/329-30-44-51-01-001,omega,Speedmaster (Non-Moonwatch),No,Steel,Sapphire,Round,XL,Basic,Black,Stick/Minimalist,Stick / Dot,9.249657234353133
https://watchbase.com/omega/speedmaster-automatic-quartz/3559-32-00,omega,Speedmaster (Non-Moonwatch),Yes,Steel,Sapphire,Round,L,Standard,Silver/White,Stick/Minimalist,Stick / Dot,8.12296471523406
https://watchbase.com/omega/speedmaster-automatic-quartz/3529-50-00,omega,Speedmaster (Non-Moonwatch),Yes,Steel,Sapphire,Round,M,Standard,Black,Stick/Minimalist,Stick / Dot,7.828436359157585
https://watchbase.com/omega/speedmaster-automatic-quartz/3211-31-00,omega,Speedmaster (Non-Moonwatch),No,Steel,Sapphire,Round,L,Standard,Silver/White,Stick/Minimalist,Stick / Dot,7.8636512654486515
https://watchbase.com/omega/speedmaster-automatic-quartz/304-30-44-52-01-001,omega,Speedmaster (Non-Moonwatch),No,Steel,Sapphire,Round,XL,Standard,Black,Stick/Minimalist,Stick / Dot,9.433563920090563
https://watchbase.com/omega/speedmaster-automatic-quartz/3523-80-00,omega,Speedmaster (Non-Moonwatch),No,Steel,Sapphire,Round,M,Standard,Blue,Stick/Minimalist,Stick / Dot,7.714677473800927
https://watchbase.com/omega/speedmaster-automatic-quartz/311-30-44-51-01-001,omega,Speedmaster (Non-Moonwatch),Yes,Steel,Sapphire,Round,XL,Standard,Grey/Brown,Sword-style,Stick / Dot,9.539716058977092
https://watchbase.com/omega/speedmaster-automatic-quartz/304-30-43-52-06-001,omega,Speedmaster (Non-Moonwatch),No,Other,Sapphire,Round,L,Standard,Silver/White,Stick/Minimalist,Stick / Dot,9.867912187022208
https://watchbase.com/omega/speedmaster-automatic-quartz/329-30-44-51-04-001,omega,Speedmaster (Non-Moonwatch),No,Steel,Sapphire,Round,XL,Basic,Silver/White,Stick/Minimalist,Stick / Dot,9.249657234353133
https://watchbase.com/omega/speedmaster-automatic-quartz/311-30-44-50-01-002,omega,Speedmaster (Non-Moonwatch),No,Steel,Sapphire,Round,XL,Standard,Black,Stick/Minimalist,Stick / Dot,8.556606193773073
https://watchbase.com/omega/speedmaster-automatic-quartz/3210-50-00,omega,Speedmaster (Non-Moonwatch),No,Steel,Sapphire,Round,L,Standard,Black,Stick/Minimalist,Stick / Dot,7.8636512654486515
https://watchbase.com/omega/speedmaster-automatic-quartz/3520-53-00,omega,Speedmaster (Non-Moonwatch),No,Steel,Sapphire,Round,M,Basic,Grey/Brown,Stick/Minimalist,Arabic Numerals,7.621195162809845
https://watchbase.com/omega/speedmaster-automatic-quartz/3222-80-00,omega,Speedmaster (Non-Moonwatch),No,Steel,Sapphire,Round,L,Standard,Blue,Stick/Minimalist,Stick / Dot,8.02322468471667
https://watchbase.com/omega/speedmaster-automatic-quartz/3210-52-00,omega,Speedmaster (Non-Moonwatch),No,Steel,Sapphire,Round,L,Standard,Black,Stick/Minimalist,Stick / Dot,7.8636512654486515
https://watchbase.com/omega/speedmaster-automatic-quartz/3521-30-00,omega,Speedmaster (Non-Moonwatch),No,Steel,Sapphire,Round,M,Standard,Silver/White,Stick/Minimalist,Stick / Dot,7.301147805856032
https://watchbase.com/omega/speedmaster-automatic-quartz/3513-33-00,omega,Speedmaster (Non-Moonwatch),No,Steel,Sapphire,Round,L,Standard,Silver/White,Stick/Minimalist,Arabic Numerals,7.403061091090091
https://watchbase.com/omega/speedmaster-automatic-quartz/3220-50-00,omega,Speedmaster (Non-Moonwatch),No,Steel,Sapphire,Round,L,Standard,Black,Stick/Minimalist,Stick / Dot,8.02322468471667
https://watchbase.com/omega/speedmaster-automatic-quartz/3513-50-00,omega,Speedmaster (Non-Moonwatch),No,Steel,Sapphire,Round,L,Standard,Black,Stick/Minimalist,Stick / Dot,7.518064181233078
https://watchbase.com/omega/speedmaster-automatic-quartz/3523-30-00,omega,Speedmaster (Non-Moonwatch),No,Steel,Sapphire,Round,M,Standard,Silver/White,Stick/Minimalist,Stick / Dot,7.650168700845001
https://watchbase.com/omega/speedmaster-automatic-quartz/3520-50-00,omega,Speedmaster (Non-Moonwatch),No,Steel,Sapphire,Round,M,Basic,Black,Stick/Minimalist,Stick / Dot,7.650168700845001
https://watchbase.com/omega/speedmaster-automatic-quartz/323-30-40-40-02-001,omega,Speedmaster (Non-Moonwatch),Yes,Steel,Sapphire,Round,L,Standard,Silver/White,Stick/Minimalist,Arabic Numerals,7.941295570906532
https://watchbase.com/omega/speedmaster-automatic-quartz/326-30-40-50-01-001,omega,Speedmaster (Non-Moonwatch),No,Steel,Sapphire,Round,L,Standard,Black,Stick/Minimalist,Stick / Dot,8.294299608857235
https://watchbase.com/omega/speedmaster-automatic-quartz/329-30-44-51-01-003,omega,Speedmaster (Non-Moonwatch),No,Steel,Sapphire,Round,XL,Basic,Black,Stick/Minimalist,Stick / Dot,9.441531454869693
https://watchbase.com/omega/speedmaster/311-30-42-30-01-002,omega,Speedmaster Moonwatch,Yes,Steel,Plexi,Round,L,Basic,Black,Stick/Minimalist,Stick / Dot,8.296795865770052
https://watchbase.com/omega/seamaster-diver-300m/2352-80-00,omega,Seamaster Diver 300M,No,Steel,Sapphire,Round,M,Professional,Blue,Proprietary,Stick / Dot,7.824445930877619
https://watchbase.com/omega/seamaster-diver-300m/2223-80-00,omega,Seamaster Diver 300M,No,Steel,Sapphire,Round,M,Professional,Blue,Proprietary,Stick / Dot,7.438971592395862
https://watchbase.com/omega/seamaster-diver-300m/210-32-42-20-03-001,omega,Seamaster Diver 300M,No,Synthetic,Sapphire,Round,L,Professional,Blue,Sword-style,Stick / Dot,8.699681400989514
https://watchbase.com/omega/seamaster-diver-300m/2538-20-00,omega,Seamaster Diver 300M,No,Steel,Sapphire,Round,L,Professional,Silver/White,Sword-style,Stick / Dot,7.7752758464868625
https://watchbase.com/omega/seamaster-diver-300m/2236-50-00,omega,Seamaster Diver 300M,No,Steel,Sapphire,Round,M,Professional,Black,Proprietary,Stick / Dot,7.840312983320164
https://watchbase.com/omega/seamaster-diver-300m/2594-52-00,omega,Seamaster Diver 300M,No,Steel,Sapphire,Round,L,Professional,Black,Sword-style,Stick / Dot,8.25608813381491
https://watchbase.com/omega/seamaster-diver-300m/212-30-36-20-51-001,omega,Seamaster Diver 300M,Yes,Steel,Sapphire,Round,M,Professional,Black,Sword-style,Stick / Dot,8.25608813381491
https://watchbase.com/omega/seamaster-diver-300m/210-30-42-20-04-001,omega,Seamaster Diver 300M,No,Synthetic,Sapphire,Round,L,Professional,Silver/White,Sword-style,Stick / Dot,8.764209507142004
https://watchbase.com/omega/seamaster-diver-300m/2352-20-00,omega,Seamaster Diver 300M,No,Steel,Sapphire,Round,M,Professional,Silver/White,Proprietary,Stick / Dot,7.824445930877619
https://watchbase.com/omega/seamaster-diver-300m/2232-30-00,omega,Seamaster Diver 300M,No,Steel,Sapphire,Round,L,Professional,Grey/Brown,Proprietary,Stick / Dot,7.916078096302786
https://watchbase.com/omega/seamaster-diver-300m/2231-80-00,omega,Seamaster Diver 300M,No,Titanium,Sapphire,Round,L,Professional,Blue,Proprietary,Stick / Dot,7.796057974316123
https://watchbase.com/omega/seamaster-diver-300m/212-30-41-20-01-003,omega,Seamaster Diver 300M,No,Steel,Sapphire,Round,L,Professional,Black,Proprietary,Stick / Dot,8.188966863648876
https://watchbase.com/omega/seamaster-diver-300m/210-92-42-20-01-001,omega,Seamaster Diver 300M,No,Titanium,Sapphire,Round,L,Professional,Grey/Brown,Sword-style,Stick / Dot,9.169622538697624
https://watchbase.com/omega/seamaster-diver-300m/210-22-42-20-01-004,omega,Seamaster Diver 300M,Yes,Synthetic,Sapphire,Round,L,Professional,Black,Sword-style,Stick / Dot,8.94910546953925
https://watchbase.com/omega/seamaster-diver-300m/2569-50-00,omega,Seamaster Diver 300M,No,Steel,Sapphire,Round,XL,Professional,Black,Sword-style,Stick / Dot,8.240385115516334
https://watchbase.com/omega/seamaster-diver-300m/2230-50-00,omega,Seamaster Diver 300M,No,Steel,Sapphire,Round,L,Professional,Black,Sword-style,Stick / Dot,7.8826922062890254
https://watchbase.com/omega/seamaster-diver-300m/2222-80-00,omega,Seamaster Diver 300M,No,Steel,Sapphire,Round,M,Professional,Blue,Proprietary,Stick / Dot,7.944846711001996
https://watchbase.com/omega/seamaster-diver-300m/210-30-42-20-01-001,omega,Seamaster Diver 300M,No,Synthetic,Sapphire,Round,L,Professional,Black,Sword-style,Stick / Dot,8.764209507142004
https://watchbase.com/omega/seamaster-diver-300m/2599-80-00,omega,Seamaster Diver 300M,No,Steel,Sapphire,Round,L,Professional,Blue,Proprietary,Stick / Dot,7.779466967458324
https://watchbase.com/omega/seamaster-diver-300m/2541-80-00,omega,Seamaster Diver 300M,No,Steel,Sapphire,Round,L,Professional,Blue,Stick/Minimalist,Stick / Dot,7.1785454837637
https://watchbase.com/omega/seamaster-diver-300m/2225-80-00,omega,Seamaster Diver 300M,No,Steel,Sapphire,Round,L,Professional,Blue,Proprietary,Stick / Dot,8.006700845440367
https://watchbase.com/omega/seamaster-diver-300m/2552-61-00,omega,Seamaster Diver 300M,No,Steel,Sapphire,Round,M,Professional,Colorful,Proprietary,Stick / Dot,7.223295679562314
https://watchbase.com/omega/seamaster-diver-300m/210-30-42-20-04-002,omega,Seamaster Diver 300M,No,Synthetic,Sapphire,Round,L,Professional,Silver/White,Sword-style,Stick / Dot,8.881975184248867
https://watchbase.com/omega/seamaster-diver-300m/2133-80-00,omega,Seamaster Diver 300M,No,Gold Variants,Sapphire,Round,L,Professional,Blue,Proprietary,Stick / Dot,9.453364978883542
https://watchbase.com/omega/seamaster-diver-300m/2136-50-00,omega,Seamaster Diver 300M,No,Gold Variants,Sapphire,Round,L,Professional,Black,Sword-style,Stick / Dot,9.665928089487558
https://watchbase.com/omega/seamaster-diver-300m/210-30-42-20-01-010,omega,Seamaster Diver 300M,No,Other,Sapphire,Round,L,Professional,Black,Sword-style,Stick / Dot,8.881975184248867
https://watchbase.com/omega/seamaster-diver-300m/2537-80-00,omega,Seamaster Diver 300M,Yes,Steel,Sapphire,Round,L,Professional,Blue,Proprietary,Stick / Dot,7.611347717403621
https://watchbase.com/omega/seamaster-diver-300m/210-30-42-20-03-002,omega,Seamaster Diver 300M,No,Steel,Sapphire,Round,L,Professional,Blue,Sword-style,Stick / Dot,9.105090961257085
https://watchbase.com/omega/seamaster-diver-300m/2551-80-00,omega,Seamaster Diver 300M,No,Steel,Sapphire,Round,M,Professional,Blue,Stick/Minimalist,Stick / Dot,7.421177528595393
https://watchbase.com/omega/seamaster-diver-300m/2532-80-00,omega,Seamaster Diver 300M,No,Steel,Sapphire,Round,L,Professional,Blue,Proprietary,Stick / Dot,7.403061091090091
https://watchbase.com/omega/seamaster-diver-300m/2535-80-00,omega,Seamaster Diver 300M,No,Steel,Sapphire,Round,L,Professional,Blue,Proprietary,Stick / Dot,8.101980731853192
https://watchbase.com/omega/seamaster-diver-300m/2539-80-00,omega,Seamaster Diver 300M,Yes,Steel,Sapphire,Round,L,Professional,Blue,Proprietary,Stick / Dot,8.134760782418645
https://watchbase.com/omega/seamaster-diver-300m/210-30-42-20-03-001,omega,Seamaster Diver 300M,No,Synthetic,Sapphire,Round,L,Professional,Blue,Sword-style,Stick / Dot,8.764209507142004
https://watchbase.com/omega/seamaster-diver-300m/2252-50-00,omega,Seamaster Diver 300M,No,Steel,Sapphire,Round,M,Professional,Black,Proprietary,Stick / Dot,7.65491704784832
https://watchbase.com/omega/seamaster-diver-300m/2552-80-00,omega,Seamaster Diver 300M,No,Steel,Sapphire,Round,M,Professional,Blue,Stick/Minimalist,Stick / Dot,7.3783837129967145
https://watchbase.com/omega/seamaster-diver-300m/212-30-41-20-03-001,omega,Seamaster Diver 300M,No,Steel,Sapphire,Round,L,Professional,Blue,Proprietary,Stick / Dot,8.188966863648876
https://watchbase.com/omega/seamaster-diver-300m/2221-80-00,omega,Seamaster Diver 300M,No,Steel,Sapphire,Round,L,Professional,Blue,Stick/Minimalist,Stick / Dot,7.438971592395862
https://watchbase.com/omega/seamaster-diver-300m/210-90-42-20-01-001,omega,Seamaster Diver 300M,No,Titanium,Sapphire,Round,L,Professional,Grey/Brown,Sword-style,Stick / Dot,9.296609807128359
https://watchbase.com/omega/seamaster-diver-300m/210-93-42-20-99-001,omega,Seamaster Diver 300M,Yes,Platinum,Sapphire,Round,L,Professional,Silver/White,Sword-style,Stick / Dot,11.771443882099637
https://watchbase.com/omega/seamaster-diver-300m/2254-50-00,omega,Seamaster Diver 300M,No,Steel,Sapphire,Round,L,Professional,Black,Sword-style,Stick / Dot,7.534228326274089
https://watchbase.com/omega/seamaster-diver-300m/212-30-41-20-01-002,omega,Seamaster Diver 300M,No,Steel,Sapphire,Round,L,Professional,Black,Proprietary,Stick / Dot,7.976251943745623
https://watchbase.com/omega/seamaster-diver-300m/2220-80-00,omega,Seamaster Diver 300M,No,Steel,Sapphire,Round,L,Professional,Blue,Proprietary,Stick / Dot,7.944846711001996
https://watchbase.com/omega/seamaster-diver-300m/2531-80-00,omega,Seamaster Diver 300M,No,Steel,Sapphire,Round,L,Professional,Blue,Proprietary,Stick / Dot,7.438971592395862
https://watchbase.com/omega/seamaster-diver-300m/210-30-42-20-01-003,omega,Seamaster Diver 300M,Yes,Steel,Sapphire,Round,L,Professional,Black,Sword-style,Stick / Dot,8.824824939175638
https://watchbase.com/omega/speedmaster/311-10-39-30-01-001,omega,Speedmaster Moonwatch,Yes,Steel,Plexi,Round,M,Basic,Black,Sword-style,Stick / Dot,9.059633754551479
https://watchbase.com/omega/speedmaster/3597-17-00,omega,Speedmaster Moonwatch,Yes,Steel,Plexi,Round,L,Basic,Black,Stick/Minimalist,Stick / Dot,7.592366128519796
https://watchbase.com/omega/speedmaster/3597-20-00,omega,Speedmaster Moonwatch,Yes,Steel,Plexi,Round,L,Basic,Black,Stick/Minimalist,Stick / Dot,7.592366128519796
https://watchbase.com/omega/speedmaster/311-30-42-30-13-001,omega,Speedmaster Moonwatch,No,Steel,Sapphire,Round,L,Basic,Grey/Brown,Stick/Minimalist,Stick / Dot,8.366602832783736
https://watchbase.com/omega/speedmaster/522-30-42-30-04-001,omega,Speedmaster Moonwatch,Yes,Steel,Sapphire,Round,L,Basic,Silver/White,Stick/Minimalist,Stick / Dot,8.748463629942055
https://watchbase.com/omega/speedmaster/311-33-40-30-02-001,omega,Speedmaster Moonwatch,Yes,Steel,Sapphire,Round,L,Basic,Silver/White,Stick/Minimalist,Stick / Dot,8.665785595466064
https://watchbase.com/omega/speedmaster/3194-50-00,omega,Speedmaster Moonwatch,Yes,Gold Variants,Sapphire,Round,L,Basic,Black,Stick/Minimalist,Stick / Dot,9.558529412264617
https://watchbase.com/omega/speedmaster/3576-50-00,omega,Speedmaster Moonwatch,No,Steel,Sapphire,Round,L,Basic,Black,Stick/Minimalist,Stick / Dot,8.517393171418904
https://watchbase.com/omega/speedmaster/3593-20-00,omega,Speedmaster Moonwatch,Yes,Steel,Sapphire,Round,L,Basic,Silver/White,Stick/Minimalist,Stick / Dot,8.006700845440367
https://watchbase.com/omega/speedmaster/311-33-42-30-01-001,omega,Speedmaster Moonwatch,No,Steel,Plexi,Round,L,Basic,Black,Stick/Minimalist,Stick / Dot,8.476579508530941
https://watchbase.com/omega/speedmaster/311-32-42-30-01-001,omega,Speedmaster Moonwatch,Yes,Steel,Plexi,Round,L,Basic,Black,Stick/Minimalist,Stick / Dot,8.839421607620602
https://watchbase.com/omega/speedmaster/3577-50-00,omega,Speedmaster Moonwatch,No,Steel,Plexi,Round,L,Basic,Black,Stick/Minimalist,Stick / Dot,8.188966863648876
https://watchbase.com/omega/speedmaster/311-50-39-30-01-001,omega,Speedmaster Moonwatch,No,Other,Sapphire,Round,M,Basic,Black,Sword-style,Stick / Dot,11.475233981948293
https://watchbase.com/omega/speedmaster/311-32-42-30-04-001,omega,Speedmaster Moonwatch,Yes,Steel,Plexi,Round,L,Basic,Silver/White,Stick/Minimalist,Stick / Dot,8.364275084991524
https://watchbase.com/omega/speedmaster/3575-20-00,omega,Speedmaster Moonwatch,No,Steel,Sapphire,Round,L,Basic,Silver/White,Sword-style,Stick / Dot,8.366602832783736
https://watchbase.com/omega/speedmaster/311-33-42-50-01-001,omega,Speedmaster Moonwatch,Yes,Steel,Sapphire,Round,L,Standard,Black,Stick/Minimalist,Stick / Dot,9.287394001418473
https://watchbase.com/omega/speedmaster/311-93-42-30-99-001,omega,Speedmaster Moonwatch,No,Platinum,Sapphire,Round,L,Basic,Black,Stick/Minimalist,Stick / Dot,11.16479958768697
https://watchbase.com/omega/speedmaster/310-32-42-50-01-002,omega,Speedmaster Moonwatch,No,Steel,Sapphire,Round,L,Basic,Black,Stick/Minimalist,Stick / Dot,9.024131268455035
https://watchbase.com/omega/speedmaster/310-60-42-50-02-001,omega,Speedmaster Moonwatch,No,Gold Variants,Sapphire,Round,L,Basic,Silver/White,Stick/Minimalist,Stick / Dot,10.978507040265917
https://watchbase.com/omega/speedmaster/3594-50-00,omega,Speedmaster Moonwatch,No,Steel,Plexi,Round,L,Basic,Black,Stick/Minimalist,Stick / Dot,7.824445930877619
https://watchbase.com/omega/speedmaster/3870-50-31,omega,Speedmaster Moonwatch,No,Steel,Plexi,Round,L,Basic,Black,Stick/Minimalist,Stick / Dot,8.108021221376747
https://watchbase.com/omega/speedmaster/311-32-42-30-04-003,omega,Speedmaster Moonwatch,Yes,Steel,Plexi,Round,L,Basic,Silver/White,Stick/Minimalist,Stick / Dot,8.962007209588313
https://watchbase.com/omega/speedmaster/3574-51-00,omega,Speedmaster Moonwatch,Yes,Steel,Plexi,Round,L,Basic,Black,Stick/Minimalist,Stick / Dot,7.972810784121404
https://watchbase.com/omega/speedmaster/311-30-40-30-01-001,omega,Speedmaster Moonwatch,No,Steel,Sapphire,Round,L,Basic,Black,Stick/Minimalist,Stick / Dot,9.723223876851618
https://watchbase.com/omega/speedmaster/310-55-42-50-52-004,omega,Speedmaster Moonwatch,No,Gold Variants,Sapphire,Round,L,Basic,Silver/White,Stick/Minimalist,Gem-Set Indexes,12.02515610124372
https://watchbase.com/omega/speedmaster/311-30-42-30-01-006,omega,Speedmaster Moonwatch,No,Steel,Sapphire,Round,L,Basic,Black,Stick/Minimalist,Stick / Dot,8.665785595466064
https://watchbase.com/omega/speedmaster/3572-50-00,omega,Speedmaster Moonwatch,No,Steel,Plexi,Round,L,Basic,Black,Stick/Minimalist,Stick / Dot,7.886457270977689
https://watchbase.com/omega/speedmaster/3573-50-00,omega,Speedmaster Moonwatch,No,Steel,Sapphire,Round,L,Basic,Black,Stick/Minimalist,Stick / Dot,8.323851131338817
https://watchbase.com/omega/speedmaster/311-90-42-30-99-002,omega,Speedmaster Moonwatch,No,Platinum,Sapphire,Round,L,Basic,Black,Stick/Minimalist,Stick / Dot,11.58525542883217
https://watchbase.com/omega/speedmaster/310-55-42-50-52-003,omega,Speedmaster Moonwatch,No,Gold Variants,Sapphire,Round,L,Basic,Silver/White,Stick/Minimalist,Gem-Set Indexes,12.02515610124372
https://watchbase.com/omega/speedmaster/310-32-42-50-02-001,omega,Speedmaster Moonwatch,No,Steel,Sapphire,Round,L,Basic,Silver/White,Stick/Minimalist,Stick / Dot,9.350189267092581
https://watchbase.com/omega/speedmaster/310-55-42-50-51-001,omega,Speedmaster Moonwatch,No,Gold Variants,Sapphire,Round,L,Basic,Black,Stick/Minimalist,Gem-Set Indexes,11.944714374881176
https://watchbase.com/omega/speedmaster/3590-50-00,omega,Speedmaster Moonwatch,No,Steel,Plexi,Round,L,Basic,Black,Stick/Minimalist,Stick / Dot,7.396948602621014
https://watchbase.com/omega/speedmaster/310-20-42-50-01-001,omega,Speedmaster Moonwatch,Yes,Steel,Sapphire,Round,L,Basic,Black,Stick/Minimalist,Stick / Dot,9.350189267092581
https://watchbase.com/omega/speedmaster/310-30-42-50-04-001,omega,Speedmaster Moonwatch,No,Steel,Sapphire,Round,L,Basic,Silver/White,Stick/Minimalist,Stick / Dot,9.105090961257085
https://watchbase.com/omega/speedmaster/310-30-42-50-01-002,omega,Speedmaster Moonwatch,No,Steel,Sapphire,Round,L,Basic,Black,Stick/Minimalist,Stick / Dot,9.059633754551479
https://watchbase.com/omega/speedmaster/3570-50-00,omega,Speedmaster Moonwatch,No,Steel,Plexi,Round,L,Basic,Black,Stick/Minimalist,Stick / Dot,8.134760782418645
https://watchbase.com/omega/speedmaster/310-30-42-50-01-001,omega,Speedmaster Moonwatch,No,Steel,Plexi,Round,L,Basic,Black,Stick/Minimalist,Stick / Dot,8.94910546953925
https://watchbase.com/omega/speedmaster/310-55-42-50-52-001,omega,Speedmaster Moonwatch,No,Gold Variants,Sapphire,Round,L,Basic,Silver/White,Stick/Minimalist,Gem-Set Indexes,12.02515610124372
https://watchbase.com/omega/speedmaster/310-55-42-50-52-002,omega,Speedmaster Moonwatch,No,Gold Variants,Sapphire,Round,L,Basic,Silver/White,Stick/Minimalist,Gem-Set Indexes,12.02515610124372
https://watchbase.com/omega/speedmaster/311-30-42-30-01-005,omega,Speedmaster Moonwatch,No,Steel,Plexi,Round,L,Basic,Black,Stick/Minimalist,Stick / Dot,8.497194544909547
https://watchbase.com/omega/aqua-terra/231-10-39-21-01-002,omega,Aqua Terra,No,Steel,Sapphire,Round,M,Standard,Black,Sword-style,Stick / Dot,8.517393171418904
https://watchbase.com/omega/aqua-terra/231-12-42-21-01-002,omega,Aqua Terra,No,Steel,Sapphire,Round,L,Standard,Black,Sword-style,Stick / Dot,8.497194544909547
https://watchbase.com/omega/aqua-terra/231-13-42-21-02-003,omega,Aqua Terra,No,Steel,Sapphire,Round,L,Standard,Silver/White,Sword-style,Stick / Dot,8.537191877922927
https://watchbase.com/omega/aqua-terra/220-10-38-20-03-005,omega,Aqua Terra,No,Steel,Sapphire,Round,M,Standard,Other,Sword-style,Stick / Dot,8.895766604056085
https://watchbase.com/omega/aqua-terra/2373-70-00,omega,Aqua Terra,No,Synthetic,Sapphire,Round,XS,Standard,Silver/White,Sword-style,Gem-Set Indexes,8.163656176168432
https://watchbase.com/omega/aqua-terra/231-10-42-21-02-005,omega,Aqua Terra,Yes,Steel,Sapphire,Round,L,Standard,Silver/White,Sword-style,Stick / Dot,8.732465848349879
https://watchbase.com/omega/aqua-terra/220-92-43-22-99-001,omega,Aqua Terra,No,Titanium,Sapphire,Round,L,Standard,Grey/Brown,Sword-style,Stick / Dot,9.510519035757246
https://watchbase.com/omega/aqua-terra/522-12-41-21-03-001,omega,Aqua Terra,Yes,Steel,Sapphire,Round,L,Standard,Blue,Sword-style,Stick / Dot,8.909370405197466
https://watchbase.com/omega/aqua-terra/231-10-43-52-03-001,omega,Aqua Terra,No,Steel,Sapphire,Round,L,Standard,Blue,Sword-style,Stick / Dot,8.962007209588313
https://watchbase.com/omega/aqua-terra/231-20-42-21-08-001,omega,Aqua Terra,No,Steel,Sapphire,Round,L,Standard,Silver/White,Sword-style,Stick / Dot,9.287394001418473
https://watchbase.com/omega/aqua-terra/231-10-42-21-03-003,omega,Aqua Terra,No,Steel,Sapphire,Round,L,Standard,Blue,Sword-style,Stick / Dot,8.517393171418904
https://watchbase.com/omega/aqua-terra/231-10-39-21-01-001,omega,Aqua Terra,No,Steel,Sapphire,Round,M,Standard,Black,Proprietary,Stick / Dot,8.434028950155469
https://watchbase.com/omega/aqua-terra/220-10-38-20-10-004,omega,Aqua Terra,No,Steel,Sapphire,Round,M,Standard,Colorful,Sword-style,Stick / Dot,8.895766604056085
https://watchbase.com/omega/aqua-terra/220-10-38-20-02-001,omega,Aqua Terra,No,Steel,Sapphire,Round,M,Standard,Silver/White,Sword-style,Stick / Dot,8.824824939175638
https://watchbase.com/omega/aqua-terra/2518-50-00,omega,Aqua Terra,No,Steel,Sapphire,Round,M,Standard,Black,Sword-style,Stick / Dot,7.438971592395862
https://watchbase.com/omega/aqua-terra/2503-33-00,omega,Aqua Terra,No,Steel,Sapphire,Round,L,Standard,Silver/White,Sword-style,Stick / Dot,7.820439515262181
https://watchbase.com/omega/aqua-terra/2512-30-00,omega,Aqua Terra,No,Steel,Sapphire,Round,L,Standard,Silver/White,Sword-style,Stick / Dot,8.323851131338817
https://watchbase.com/omega/aqua-terra/231-10-43-22-01-001,omega,Aqua Terra,No,Steel,Sapphire,Round,L,Standard,Black,Sword-style,Stick / Dot,8.81001204797317
https://watchbase.com/omega/aqua-terra/231-10-42-21-06-001,omega,Aqua Terra,No,Steel,Sapphire,Round,L,Standard,Grey/Brown,Sword-style,Stick / Dot,8.38958706681109
https://watchbase.com/omega/aqua-terra/231-10-42-21-03-004,omega,Aqua Terra,Yes,Steel,Sapphire,Round,L,Standard,Blue,Sword-style,Stick / Dot,8.748463629942055
https://watchbase.com/omega/aqua-terra/220-92-41-21-03-002,omega,Aqua Terra,No,Titanium,Sapphire,Round,L,Standard,Grey/Brown,Sword-style,Stick / Dot,10.949068194652432
https://watchbase.com/omega/aqua-terra/220-10-41-21-03-004,omega,Aqua Terra,No,Steel,Sapphire,Round,L,Standard,Blue,Sword-style,Stick / Dot,8.824824939175638
https://watchbase.com/omega/aqua-terra/220-10-41-21-03-003,omega,Aqua Terra,Yes,Steel,Sapphire,Round,L,Standard,Blue,Sword-style,Stick / Dot,8.895766604056085
https://watchbase.com/omega/aqua-terra/220-10-43-22-03-001,omega,Aqua Terra,No,Steel,Sapphire,Round,L,Standard,Blue,Sword-style,Stick / Dot,9.278092474027002
https://watchbase.com/omega/aqua-terra/220-13-38-20-03-001,omega,Aqua Terra,No,Steel,Sapphire,Round,M,Standard,Blue,Sword-style,Stick / Dot,8.648396877031582
https://watchbase.com/omega/aqua-terra/2503-50-00,omega,Aqua Terra,No,Steel,Sapphire,Round,L,Standard,Black,Sword-style,Stick / Dot,7.820439515262181
https://watchbase.com/omega/aqua-terra/220-12-43-22-03-001,omega,Aqua Terra,No,Steel,Sapphire,Round,L,Standard,Blue,Sword-style,Stick / Dot,9.259225769705994
https://watchbase.com/omega/aqua-terra/2504-30-00,omega,Aqua Terra,No,Steel,Sapphire,Round,M,Standard,Silver/White,Sword-style,Stick / Dot,7.930565854233965
https://watchbase.com/omega/aqua-terra/231-10-42-21-01-002,omega,Aqua Terra,No,Steel,Sapphire,Round,L,Standard,Black,Sword-style,Stick / Dot,8.748463629942055
https://watchbase.com/omega/aqua-terra/2517-30-00,omega,Aqua Terra,No,Steel,Sapphire,Round,L,Standard,Silver/White,Sword-style,Stick / Dot,7.438971592395862
https://watchbase.com/omega/aqua-terra/220-10-38-20-01-004,omega,Aqua Terra,No,Steel,Sapphire,Round,M,Standard,Black,Sword-style,Stick / Dot,8.895766604056085
https://watchbase.com/omega/aqua-terra/220-10-41-21-03-001,omega,Aqua Terra,No,Steel,Sapphire,Round,L,Standard,Blue,Sword-style,Stick / Dot,8.716207971151853
https://watchbase.com/omega/aqua-terra/2517-50-00,omega,Aqua Terra,No,Steel,Sapphire,Round,L,Standard,Black,Sword-style,Stick / Dot,7.403061091090091
https://watchbase.com/omega/aqua-terra/220-10-41-21-02-001,omega,Aqua Terra,No,Steel,Sapphire,Round,L,Standard,Silver/White,Sword-style,Stick / Dot,8.824824939175638
https://watchbase.com/omega/aqua-terra/231-10-39-61-06-001,omega,Aqua Terra,No,Steel,Sapphire,Round,M,Standard,Grey/Brown,Sword-style,Stick / Dot,7.650168700845001
https://watchbase.com/omega/aqua-terra/231-10-39-60-06-001,omega,Aqua Terra,No,Steel,Sapphire,Round,M,Standard,Grey/Brown,Sword-style,Stick / Dot,7.741099090035366
https://watchbase.com/omega/aqua-terra/231-10-44-52-04-001,omega,Aqua Terra,No,Steel,Sapphire,Round,XL,Standard,Silver/White,Sword-style,Stick / Dot,8.962007209588313
https://watchbase.com/omega/aqua-terra/2504-50-00,omega,Aqua Terra,No,Steel,Sapphire,Round,M,Standard,Black,Sword-style,Stick / Dot,7.930565854233965
https://watchbase.com/omega/aqua-terra/2503-34-00,omega,Aqua Terra,No,Steel,Sapphire,Round,L,Standard,Silver/White,Sword-style,Stick / Dot,7.820439515262181
https://watchbase.com/omega/aqua-terra/231-10-39-21-06-001,omega,Aqua Terra,No,Steel,Sapphire,Round,M,Standard,Grey/Brown,Proprietary,Stick / Dot,8.434028950155469
https://watchbase.com/omega/aqua-terra/231-13-43-22-02-004,omega,Aqua Terra,No,Steel,Sapphire,Round,L,Standard,Silver/White,Sword-style,Stick / Dot,8.79497643168877
https://watchbase.com/omega/aqua-terra/231-10-39-21-03-002,omega,Aqua Terra,No,Steel,Sapphire,Round,M,Standard,Blue,Sword-style,Stick / Dot,8.517393171418904
https://watchbase.com/omega/aqua-terra/231-10-39-21-02-001,omega,Aqua Terra,No,Steel,Sapphire,Round,M,Standard,Silver/White,Proprietary,Stick / Dot,8.434028950155469
https://watchbase.com/omega/aqua-terra/231-10-39-21-03-001,omega,Aqua Terra,No,Steel,Sapphire,Round,M,Standard,Blue,Sword-style,Stick / Dot,8.434028950155469
https://watchbase.com/omega/aqua-terra/220-10-41-21-03-006,omega,Aqua Terra,No,Steel,Sapphire,Round,L,Standard,Other,Sword-style,Stick / Dot,8.895766604056085
https://watchbase.com/omega/aqua-terra/220-10-41-21-01-001,omega,Aqua Terra,No,Steel,Sapphire,Round,L,Standard,Black,Sword-style,Stick / Dot,8.824824939175638
https://watchbase.com/omega/aqua-terra/220-10-41-21-01-002,omega,Aqua Terra,No,Steel,Sapphire,Round,L,Standard,Black,Sword-style,Stick / Dot,8.895766604056085
https://watchbase.com/omega/aqua-terra/2502-80-00,omega,Aqua Terra,No,Steel,Sapphire,Round,L,Standard,Blue,Sword-style,Stick / Dot,7.75833346749091
https://watchbase.com/omega/aqua-terra/231-20-39-21-06-001,omega,Aqua Terra,No,Steel,Sapphire,Round,M,Standard,Grey/Brown,Proprietary,Stick / Dot,8.81001204797317
https://watchbase.com/omega/de-ville/424-13-40-21-01-001,omega,De Ville,No,Steel,Sapphire,Round,L,Basic,Black,Dauphine-style,Roman Numerals,8.45553053102413
https://watchbase.com/omega/constellation/131-15-25-60-55-001,omega,Constellation,No,Steel,Sapphire,Round,XS,Basic,Silver/White,Stick/Minimalist,Stick / Dot,8.881975184248867
https://watchbase.com/omega/constellation/1102-10-00,omega,Constellation,No,Gold Variants,Sapphire,Round,M,Standard,Silver/White,Dauphine-style,Stick / Dot,9.343209045050607
https://watchbase.com/omega/constellation/121-57-41-50-13-001,omega,Constellation,No,Gold Variants,Sapphire,Round,L,Standard,Black,Dauphine-style,Stick / Dot,10.935265353017014
https://watchbase.com/omega/constellation/123-20-38-21-03-001,omega,Constellation,No,Steel,Sapphire,Round,M,Standard,Blue,Dauphine-style,Stick / Dot,8.987321812850125
https://watchbase.com/omega/constellation/1920-18-00,omega,Constellation,Yes,Gold Variants,Sapphire,Round,M,Standard,Colorful,Dauphine-style,Stick / Dot,9.828278974938373
https://watchbase.com/omega/constellation/1203-10-00,omega,Constellation,No,Steel,Sapphire,Round,M,Standard,Silver/White,Dauphine-style,Stick / Dot,8.612685172875459
https://watchbase.com/omega/constellation/123-15-27-20-55-002,omega,Constellation,No,Steel,Sapphire,Round,XS,Standard,Silver/White,Dauphine-style,Gem-Set Indexes,9.036106025364846
https://watchbase.com/omega/constellation/131-10-34-20-53-001,omega,Constellation,No,Steel,Sapphire,Round,S,Basic,Blue,Stick/Minimalist,Gem-Set Indexes,9.105090961257085
https://watchbase.com/omega/constellation/131-10-36-20-01-001,omega,Constellation,No,Steel,Sapphire,Round,M,Basic,Black,Stick/Minimalist,Stick / Dot,8.881975184248867
https://watchbase.com/omega/constellation/131-20-39-20-13-001,omega,Constellation,No,Steel,Sapphire,Round,M,Basic,Grey/Brown,Stick/Minimalist,Stick / Dot,9.259225769705994
https://watchbase.com/omega/constellation/131-23-39-20-13-001,omega,Constellation,No,Steel,Sapphire,Round,M,Basic,Grey/Brown,Stick/Minimalist,Stick / Dot,9.059633754551479
https://watchbase.com/omega/constellation/131-10-39-20-01-001,omega,Constellation,No,Steel,Sapphire,Round,M,Basic,Black,Stick/Minimalist,Stick / Dot,8.881975184248867
https://watchbase.com/omega/constellation/123-50-38-22-02-002,omega,Constellation,No,Gold Variants,Sapphire,Round,M,Standard,Silver/White,Dauphine-style,Stick / Dot,10.410335274932896
https://watchbase.com/omega/constellation/121-32-44-52-01-001,omega,Constellation,No,Steel,Sapphire,Round,XL,Standard,Black,Dauphine-style,Stick / Dot,8.867990898182093
https://watchbase.com/omega/constellation/123-10-35-20-52-001,omega,Constellation,No,Steel,Sapphire,Round,M,Standard,Silver/White,Dauphine-style,Gem-Set Indexes,8.517393171418904
https://watchbase.com/omega/constellation/123-50-35-20-52-004,omega,Constellation,No,Gold Variants,Sapphire,Round,M,Standard,Silver/White,Dauphine-style,Gem-Set Indexes,10.003378135350923
https://watchbase.com/omega/constellation/123-20-24-60-08-001,omega,Constellation,No,Steel,Sapphire,Round,XS,Standard,Silver/White,Dauphine-style,Stick / Dot,8.131824785007195
https://watchbase.com/omega/constellation/121-62-41-50-01-001,omega,Constellation,No,Gold Variants,Sapphire,Round,L,Standard,Black,Dauphine-style,Stick / Dot,10.211009016314165
https://watchbase.com/omega/constellation/123-20-38-21-13-001,omega,Constellation,No,Steel,Sapphire,Round,M,Standard,Grey/Brown,Dauphine-style,Stick / Dot,8.987321812850125
https://watchbase.com/omega/constellation/123-50-35-20-52-003,omega,Constellation,No,Gold Variants,Sapphire,Round,M,Standard,Silver/White,Dauphine-style,Gem-Set Indexes,10.003378135350923
https://watchbase.com/omega/constellation/123-10-35-20-52-002,omega,Constellation,No,Steel,Sapphire,Round,M,Standard,Silver/White,Dauphine-style,Gem-Set Indexes,8.37816098272068
https://watchbase.com/omega/constellation/1312-30-00,omega,Constellation,No,Steel,Sapphire,Round,S,Basic,Silver/White,Dauphine-style,Stick / Dot,7.576097340623111
https://watchbase.com/omega/constellation/1511-51-00,omega,Constellation,No,Steel,Sapphire,Round,M,Standard,Black,Dauphine-style,Stick / Dot,7.696667081526462
https://watchbase.com/omega/constellation/1585-79-00,omega,Constellation,No,Steel,Sapphire,Tonneau,XS,Basic,Silver/White,Stick/Minimalist,Gem-Set Indexes,8.323851131338817
https://watchbase.com/omega/constellation/13130412101001,omega,Constellation,No,Steel,Sapphire,Round,L,Basic,Black,Stick/Minimalist,Stick / Dot,8.999742789830492
https://watchbase.com/omega/constellation/111-20-36-10-52-001,omega,Constellation,No,Steel,Sapphire,Round,XS,Basic,Silver/White,Dauphine-style,Gem-Set Indexes,8.174984532943087
https://watchbase.com/omega/constellation/127-10-27-20-55-001,omega,Constellation,No,Steel,Sapphire,Round,XS,Standard,Silver/White,Dauphine-style,Gem-Set Indexes,8.77971129020447
https://watchbase.com/omega/constellation/123-10-35-20-02-001,omega,Constellation,No,Steel,Sapphire,Round,M,Standard,Silver/White,Dauphine-style,Stick / Dot,8.216358332386156
https://watchbase.com/omega/constellation/1203-30-00,omega,Constellation,No,Steel,Sapphire,Round,M,Standard,Silver/White,Dauphine-style,Stick / Dot,8.427487278331744
https://watchbase.com/omega/constellation/1458-75-00,omega,Constellation,No,Steel,Sapphire,Round,XS,Basic,Silver/White,Dauphine-style,Gem-Set Indexes,8.191740021277457
https://watchbase.com/omega/constellation/1501-51-00,omega,Constellation,No,Steel,Sapphire,Round,M,Standard,Black,Dauphine-style,Stick / Dot,8.036249942132116
https://watchbase.com/omega/constellation/131-20-39-20-52-001,omega,Constellation,No,Steel,Sapphire,Round,M,Basic,Silver/White,Stick/Minimalist,Gem-Set Indexes,9.53249633228804
https://watchbase.com/omega/constellation/121-58-35-50-54-004,omega,Constellation,No,Gold Variants,Sapphire,Round,M,Basic,Silver/White,Dauphine-style,Stick / Dot,10.572111481163375
https://watchbase.com/omega/constellation/1382-30-00,omega,Constellation,No,Steel,Sapphire,Round,XS,Standard,Silver/White,Dauphine-style,Stick / Dot,7.5126175446745105
https://watchbase.com/omega/constellation/123-55-24-60-55-005,omega,Constellation,No,Gold Variants,Sapphire,Round,XS,Standard,Silver/White,Dauphine-style,Stick / Dot,9.419060402624668
https://watchbase.com/omega/constellation/1619-51-91,omega,Constellation,No,Gold Variants,Sapphire,Round,L,Standard,Black,Dauphine-style,Stick / Dot,9.604474863741963
https://watchbase.com/omega/constellation/1501-30-00,omega,Constellation,No,Steel,Sapphire,Round,M,Standard,Silver/White,Dauphine-style,Stick / Dot,8.02322468471667
https://watchbase.com/omega/constellation/123-10-35-20-01-002,omega,Constellation,No,Steel,Sapphire,Round,M,Standard,Black,Dauphine-style,Stick / Dot,8.216358332386156
https://watchbase.com/omega/constellation/131-33-41-21-01-001,omega,Constellation,No,Steel,Sapphire,Round,L,Basic,Black,Stick/Minimalist,Stick / Dot,8.94910546953925
https://watchbase.com/omega/constellation/1302-30-00,omega,Constellation,No,Steel,Sapphire,Round,M,Standard,Silver/White,Dauphine-style,Stick / Dot,7.75833346749091
https://watchbase.com/omega/constellation/123-10-38-22-01-001,omega,Constellation,No,Steel,Sapphire,Round,M,Standard,Black,Dauphine-style,Stick / Dot,8.853808274977197
https://watchbase.com/omega/constellation/131-28-36-20-53-001,omega,Constellation,No,Steel,Sapphire,Round,M,Basic,Blue,Stick/Minimalist,Gem-Set Indexes,9.711176264112805
https://watchbase.com/omega/de-ville/431-13-41-21-03-001,omega,De Ville,No,Steel,Sapphire,Round,L,Standard,Blue,Stick/Minimalist,Roman Numerals,8.556606193773073
https://watchbase.com/omega/de-ville/4813-30-01,omega,De Ville,No,Steel,Sapphire,Round,M,Basic,Silver/White,Dauphine-style,Roman Numerals,7.944846711001996
https://watchbase.com/omega/de-ville/7802-50-31,omega,De Ville,Yes,Steel,Sapphire,Square,S,Basic,Black,Stick/Minimalist,Mixed,7.941295570906532
https://watchbase.com/omega/de-ville/4540-31-00,omega,De Ville,No,Steel,Sapphire,Round,M,Basic,Silver/White,Dauphine-style,Gem-Set Indexes,7.53955882930103
https://watchbase.com/omega/de-ville/433-10-41-21-03-001,omega,De Ville,No,Steel,Sapphire,Round,L,Standard,Blue,Stick/Minimalist,Roman Numerals,8.764209507142004
https://watchbase.com/omega/de-ville/4500-50-00,omega,De Ville,No,Steel,Sapphire,Round,M,Standard,Black,Stick/Minimalist,Mixed,7.307202314764738
https://watchbase.com/omega/de-ville/5911-31-22,omega,De Ville,Yes,Gold Variants,Sapphire,Round,M,Standard,Silver/White,Leaf-style,Mixed,8.662331957082475
https://watchbase.com/omega/de-ville/4617-35-02,omega,De Ville,No,Gold Variants,Sapphire,Round,M,Basic,Silver/White,Dauphine-style,Gem-Set Indexes,8.820404065485645
https://watchbase.com/omega/de-ville/431-33-41-21-02-001,omega,De Ville,No,Steel,Sapphire,Round,L,Standard,Silver/White,Stick/Minimalist,Stick / Dot,8.716207971151853
https://watchbase.com/omega/de-ville/4800-30-02,omega,De Ville,No,Steel,Sapphire,Round,M,Standard,Silver/White,Stick/Minimalist,Mixed,7.215975002651466
https://watchbase.com/omega/de-ville/5941-31-31,omega,De Ville,Yes,Gold Variants,Sapphire,Round,M,Standard,Silver/White,Leaf-style,Mixed,8.83651926920248
https://watchbase.com/omega/de-ville/4503-51-00,omega,De Ville,No,Steel,Sapphire,Tonneau,S,Basic,Black,Dauphine-style,Mixed,7.450660796211539
https://watchbase.com/omega/de-ville/431-13-42-51-01-001,omega,De Ville,No,Steel,Sapphire,Round,L,Standard,Black,Stick/Minimalist,Roman Numerals,8.867990898182093
https://watchbase.com/omega/de-ville/431-33-41-21-03-001,omega,De Ville,No,Steel,Sapphire,Round,L,Standard,Blue,Stick/Minimalist,Stick / Dot,8.716207971151853
https://watchbase.com/omega/de-ville/4654-20-32,omega,De Ville,No,Gold Variants,Sapphire,Round,M,Standard,Silver/White,Stick/Minimalist,Stick / Dot,9.018089684104343
https://watchbase.com/omega/de-ville/4872-31-32,omega,De Ville,No,Steel,Sapphire,Round,M,Standard,Silver/White,Stick/Minimalist,Stick / Dot,8.309184527686298
https://watchbase.com/omega/de-ville/434-10-41-21-06-001,omega,De Ville,No,Steel,Sapphire,Round,L,Basic,Silver/White,Leaf-style,Mixed,8.77971129020447
https://watchbase.com/omega/de-ville/4833-40-31,omega,De Ville,No,Steel,Sapphire,Round,M,Standard,Grey/Brown,Stick/Minimalist,Stick / Dot,8.232440158470336
https://watchbase.com/omega/de-ville/4533-51-00,omega,De Ville,No,Steel,Sapphire,Round,M,Standard,Black,Stick/Minimalist,Stick / Dot,8.361941906144946
https://watchbase.com/omega/de-ville/4833-51-31,omega,De Ville,No,Steel,Sapphire,Round,M,Standard,Black,Stick/Minimalist,Stick / Dot,8.105005537547246
https://watchbase.com/omega/de-ville/4841-31-32,omega,De Ville,No,Steel,Sapphire,Round,L,Standard,Silver/White,Stick/Minimalist,Stick / Dot,8.53915035876828
https://watchbase.com/omega/de-ville/4631-31-31,omega,De Ville,No,Gold Variants,Sapphire,Round,M,Standard,Silver/White,Stick/Minimalist,Stick / Dot,9.018089684104343
https://watchbase.com/omega/de-ville/4374-11-00,omega,De Ville,No,Steel,Sapphire,Round,M,Basic,Silver/White,Dauphine-style,Roman Numerals,8.357259153499912
https://watchbase.com/omega/de-ville/4374-15-00,omega,De Ville,No,Steel,Sapphire,Round,M,Basic,Silver/White,Dauphine-style,Gem-Set Indexes,8.57376254290413
https://watchbase.com/omega/de-ville/424-10-40-20-01-003,omega,De Ville,No,Steel,Sapphire,Round,L,Basic,Black,Leaf-style,Mixed,8.366602832783736
https://watchbase.com/omega/de-ville/4230-13-00,omega,De Ville,No,Steel,Sapphire,Round,S,Basic,Silver/White,Dauphine-style,Mixed,7.237778191923443
https://watchbase.com/omega/de-ville/4600-30-02,omega,De Ville,No,Gold Variants,Sapphire,Round,M,Standard,Silver/White,Stick/Minimalist,Mixed,7.8826922062890254
https://watchbase.com/omega/de-ville/4574-50-00,omega,De Ville,No,Steel,Sapphire,Round,M,Basic,Black,Dauphine-style,Roman Numerals,7.8636512654486515
https://watchbase.com/omega/de-ville/4650-20-32,omega,De Ville,No,Gold Variants,Sapphire,Round,L,Standard,Silver/White,Stick/Minimalist,Stick / Dot,9.472781556562168
https://watchbase.com/omega/de-ville/431-63-41-21-13-001,omega,De Ville,No,Gold Variants,Sapphire,Round,L,Standard,Grey/Brown,Stick/Minimalist,Stick / Dot,9.770013301136158
https://watchbase.com/omega/de-ville/4875-31-01,omega,De Ville,No,Steel,Sapphire,Round,M,Basic,Silver/White,Dauphine-style,Roman Numerals,7.824445930877619
https://watchbase.com/omega/de-ville/4875-50-01,omega,De Ville,No,Steel,Sapphire,Round,M,Basic,Black,Dauphine-style,Roman Numerals,7.824445930877619
https://watchbase.com/omega/de-ville/4533-40-00,omega,De Ville,No,Steel,Sapphire,Round,M,Standard,Grey/Brown,Stick/Minimalist,Stick / Dot,8.328692583545568
https://watchbase.com/omega/de-ville/4873-20-32,omega,De Ville,No,Steel,Sapphire,Round,M,Standard,Silver/White,Stick/Minimalist,Stick / Dot,8.46611040118692
https://watchbase.com/omega/de-ville/4532-40-00,omega,De Ville,No,Steel,Sapphire,Round,M,Basic,Grey/Brown,Dauphine-style,Mixed,8.366602832783736
https://watchbase.com/omega/de-ville/513-53-39-21-99-001,omega,De Ville,No,Steel,Sapphire,Round,M,Basic,Black,Stick/Minimalist,Stick / Dot,11.953120448266079
https://watchbase.com/omega/de-ville/4812-30-02,omega,De Ville,No,Steel,Sapphire,Round,M,Basic,Silver/White,Dauphine-style,Roman Numerals,7.223295679562314
https://watchbase.com/omega/de-ville/4831-31-32,omega,De Ville,No,Steel,Sapphire,Round,M,Standard,Silver/White,Stick/Minimalist,Stick / Dot,8.134760782418645
https://watchbase.com/omega/de-ville/4832-31-32,omega,De Ville,No,Steel,Sapphire,Round,M,Standard,Silver/White,Stick/Minimalist,Stick / Dot,8.279189777195004
https://watchbase.com/omega/de-ville/4503-31-00,omega,De Ville,No,Steel,Sapphire,Tonneau,S,Basic,Silver/White,Dauphine-style,Mixed,7.450660796211539
https://watchbase.com/omega/de-ville/434-20-42-22-02-001,omega,De Ville,No,Steel,Sapphire,Round,L,Basic,Silver/White,Leaf-style,Mixed,9.367429587218957
https://watchbase.com/omega/de-ville/434-20-42-22-10-001,omega,De Ville,No,Steel,Sapphire,Round,L,Basic,Colorful,Leaf-style,Mixed,9.367429587218957
https://watchbase.com/omega/de-ville/422-53-41-50-04-001,omega,De Ville,No,Gold Variants,Sapphire,Round,L,Standard,Silver/White,Stick/Minimalist,Stick / Dot,10.154285180632154
https://watchbase.com/rolex/oyster-perpetual-26/176200-0011,rolex,Oyster Perpetual 26,No,Steel,Sapphire,Round,XS,Standard,Silver/White,Stick/Minimalist,Mixed,8.434028950155469
https://watchbase.com/rolex/air-king/116900-0001,rolex,Air-King,No,Steel,Sapphire,Round,L,Standard,Black,Stick/Minimalist,Arabic Numerals,8.824824939175638
https://watchbase.com/rolex/air-king/126900-0001,rolex,Air-King,No,Steel,Sapphire,Round,L,Standard,Black,Stick/Minimalist,Arabic Numerals,8.962007209588313
https://watchbase.com/rolex/oyster-perpetual-26/176200-0016,rolex,Oyster Perpetual 26,No,Steel,Sapphire,Round,XS,Standard,Colorful,Stick/Minimalist,Stick / Dot,8.434028950155469
https://watchbase.com/rolex/oyster-perpetual-26/176200-0004,rolex,Oyster Perpetual 26,No,Steel,Sapphire,Round,XS,Standard,Colorful,Stick/Minimalist,Mixed,8.434028950155469
https://watchbase.com/rolex/oyster-perpetual-26/176200-0015,rolex,Oyster Perpetual 26,No,Steel,Sapphire,Round,XS,Standard,Silver/White,Stick/Minimalist,Stick / Dot,8.434028950155469
https://watchbase.com/rolex/oyster-perpetual-26/176200-0014,rolex,Oyster Perpetual 26,No,Steel,Sapphire,Round,XS,Standard,Colorful,Stick/Minimalist,Stick / Dot,8.434028950155469
https://watchbase.com/rolex/oyster-perpetual-26/176200-0017,rolex,Oyster Perpetual 26,No,Steel,Sapphire,Round,XS,Standard,Black,Stick/Minimalist,Stick / Dot,8.434028950155469
https://watchbase.com/rolex/milgauss/116400-0002,rolex,Milgauss,No,Steel,Sapphire,Round,L,Standard,Silver/White,Stick/Minimalist,Stick / Dot,8.824824939175638
https://watchbase.com/rolex/oyster-perpetual-28/276200-0001,rolex,Oyster Perpetual 28,No,Steel,Sapphire,Round,XS,Standard,Silver/White,Stick/Minimalist,Stick / Dot,8.674367865788236
https://watchbase.com/rolex/oyster-perpetual-28/276200-0004,rolex,Oyster Perpetual 28,No,Steel,Sapphire,Round,XS,Standard,Colorful,Stick/Minimalist,Stick / Dot,8.674367865788236
https://watchbase.com/rolex/oyster-perpetual-28/276200-0002,rolex,Oyster Perpetual 28,No,Steel,Sapphire,Round,XS,Standard,Black,Stick/Minimalist,Stick / Dot,8.674367865788236
https://watchbase.com/rolex/oyster-perpetual-28/276200-0003,rolex,Oyster Perpetual 28,No,Steel,Sapphire,Round,XS,Standard,Blue,Stick/Minimalist,Stick / Dot,8.674367865788236
https://watchbase.com/rolex/oyster-perpetual-28/276200-0007,rolex,Oyster Perpetual 28,No,Steel,Sapphire,Round,XS,Standard,Grey/Brown,Stick/Minimalist,Stick / Dot,8.674367865788236
https://watchbase.com/rolex/oyster-perpetual-28/276200-0006,rolex,Oyster Perpetual 28,No,Steel,Sapphire,Round,XS,Standard,Colorful,Stick/Minimalist,Stick / Dot,8.674367865788236
https://watchbase.com/rolex/oyster-perpetual-28/276200-0008,rolex,Oyster Perpetual 28,No,Steel,Sapphire,Round,XS,Standard,Colorful,Stick/Minimalist,Stick / Dot,8.674367865788236
https://watchbase.com/rolex/milgauss/116400gv-0002,rolex,Milgauss,No,Steel,Sapphire,Round,L,Standard,Blue,Stick/Minimalist,Stick / Dot,9.137877200242468
https://watchbase.com/rolex/milgauss/116400gv-0001,rolex,Milgauss,No,Steel,Sapphire,Round,L,Standard,Black,Stick/Minimalist,Stick / Dot,9.137877200242468
https://watchbase.com/rolex/oyster-perpetual-39/114300-0002,rolex,Oyster Perpetual 39,No,Steel,Sapphire,Round,M,Standard,Colorful,Stick/Minimalist,Stick / Dot,8.594339400592892
https://watchbase.com/rolex/day-date-ii/218206-0020,rolex,Day-Date II,No,Platinum,Sapphire,Round,L,Standard,Black,Stick/Minimalist,Gem-Set Indexes,10.96302978336854
https://watchbase.com/rolex/day-date-ii/218206-0053,rolex,Day-Date II,No,Platinum,Sapphire,Round,L,Standard,Silver/White,Stick/Minimalist,Roman Numerals,10.916015307290108
https://watchbase.com/rolex/day-date-ii/218238-0037,rolex,Day-Date II,No,Gold Variants,Sapphire,Round,L,Standard,Silver/White,Stick/Minimalist,Roman Numerals,10.330420567259534
https://watchbase.com/rolex/day-date-ii/218235-0033,rolex,Day-Date II,No,Gold Variants,Sapphire,Round,L,Standard,Silver/White,Stick/Minimalist,Roman Numerals,10.402776888483789
https://watchbase.com/rolex/day-date-ii/218235-0035,rolex,Day-Date II,No,Gold Variants,Sapphire,Round,L,Standard,Grey/Brown,Stick/Minimalist,Roman Numerals,10.402776888483789
https://watchbase.com/rolex/day-date-ii/218206-0052,rolex,Day-Date II,No,Platinum,Sapphire,Round,L,Standard,Blue,Stick/Minimalist,Roman Numerals,11.07055256683868
https://watchbase.com/rolex/day-date-ii/218239-0041,rolex,Day-Date II,No,Gold Variants,Sapphire,Round,L,Standard,Silver/White,Stick/Minimalist,Roman Numerals,10.402776888483789
https://watchbase.com/rolex/day-date-ii/218238-0041,rolex,Day-Date II,No,Gold Variants,Sapphire,Round,L,Standard,Black,Stick/Minimalist,Roman Numerals,10.330420567259534
https://watchbase.com/rolex/day-date-ii/218206-0009,rolex,Day-Date II,No,Platinum,Sapphire,Round,L,Standard,Silver/White,Stick/Minimalist,Gem-Set Indexes,10.96302978336854
https://watchbase.com/rolex/day-date-ii/218235-0034,rolex,Day-Date II,No,Gold Variants,Sapphire,Round,L,Standard,Black,Stick/Minimalist,Roman Numerals,10.402776888483789
https://watchbase.com/rolex/day-date-ii/218238-0038,rolex,Day-Date II,No,Gold Variants,Sapphire,Round,L,Standard,Silver/White,Stick/Minimalist,Roman Numerals,10.330420567259534
https://watchbase.com/rolex/day-date-ii/218239-0006,rolex,Day-Date II,No,Gold Variants,Sapphire,Round,L,Standard,Silver/White,Stick/Minimalist,Gem-Set Indexes,10.480129006333248
https://watchbase.com/rolex/day-date-ii/218235-0008,rolex,Day-Date II,No,Gold Variants,Sapphire,Round,L,Standard,Colorful,Stick/Minimalist,Gem-Set Indexes,10.480129006333248
https://watchbase.com/rolex/day-date-ii/218239-0040,rolex,Day-Date II,No,Gold Variants,Sapphire,Round,L,Standard,Grey/Brown,Stick/Minimalist,Roman Numerals,10.402776888483789
https://watchbase.com/rolex/day-date-ii/218206-0043,rolex,Day-Date II,No,Platinum,Sapphire,Round,L,Standard,Blue,Stick/Minimalist,Roman Numerals,10.916015307290108
https://watchbase.com/rolex/day-date-ii/218206-0010,rolex,Day-Date II,No,Platinum,Sapphire,Round,L,Standard,Blue,Stick/Minimalist,Arabic Numerals,10.916015307290108
https://watchbase.com/rolex/oyster-perpetual-39/114300-0005,rolex,Oyster Perpetual 39,No,Steel,Sapphire,Round,M,Standard,Black,Stick/Minimalist,Stick / Dot,8.594339400592892
https://watchbase.com/rolex/oyster-perpetual-39/114300-0003,rolex,Oyster Perpetual 39,No,Steel,Sapphire,Round,M,Standard,Blue,Stick/Minimalist,Stick / Dot,8.594339400592892
https://watchbase.com/rolex/oyster-perpetual-39/114300-0001,rolex,Oyster Perpetual 39,No,Steel,Sapphire,Round,M,Standard,Grey/Brown,Stick/Minimalist,Stick / Dot,8.594339400592892
https://watchbase.com/rolex/oyster-perpetual-39/114300-0004,rolex,Oyster Perpetual 39,No,Steel,Sapphire,Round,M,Standard,Silver/White,Stick/Minimalist,Stick / Dot,8.594339400592892
https://watchbase.com/rolex/date/115234-0006,rolex,Date,No,Steel,Sapphire,Round,S,Standard,Silver/White,Stick/Minimalist,Stick / Dot,8.895766604056085
https://watchbase.com/rolex/perpetual-1908/52508-0002,rolex,Perpetual 1908,No,Gold Variants,Sapphire,Round,M,Basic,Black,Proprietary,Mixed,10.14843173380919
https://watchbase.com/rolex/perpetual-1908/52509-0002,rolex,Perpetual 1908,No,Gold Variants,Sapphire,Round,M,Basic,Silver/White,Proprietary,Mixed,10.198058343191331
https://watchbase.com/rolex/perpetual-1908/52506-0003,rolex,Perpetual 1908,No,Platinum,Sapphire,Round,M,Basic,Blue,Proprietary,Mixed,10.370392636243981
https://watchbase.com/rolex/perpetual-1908/52508-0006,rolex,Perpetual 1908,No,Gold Variants,Sapphire,Round,M,Basic,Silver/White,Proprietary,Mixed,10.14843173380919
https://watchbase.com/rolex/perpetual-1908/52506-0002,rolex,Perpetual 1908,No,Platinum,Sapphire,Round,M,Basic,Blue,Proprietary,Mixed,10.370392636243981
https://watchbase.com/rolex/perpetual-1908/52509-0006,rolex,Perpetual 1908,No,Gold Variants,Sapphire,Round,M,Basic,Silver/White,Proprietary,Mixed,10.198058343191331
https://watchbase.com/rolex/perpetual-1908/52508-0007,rolex,Perpetual 1908,No,Gold Variants,Sapphire,Round,M,Basic,Black,Proprietary,Mixed,10.49684202174171
https://watchbase.com/rolex/perpetual-1908/52508-0008,rolex,Perpetual 1908,No,Gold Variants,Sapphire,Round,M,Basic,Silver/White,Proprietary,Mixed,10.49684202174171
https://watchbase.com/rolex/date/115200-0005,rolex,Date,No,Steel,Sapphire,Round,S,Standard,Colorful,Stick/Minimalist,Stick / Dot,8.732465848349879
https://watchbase.com/rolex/date/115234-0005,rolex,Date,No,Steel,Sapphire,Round,S,Standard,Silver/White,Stick/Minimalist,Stick / Dot,8.895766604056085
https://watchbase.com/rolex/date/115200-0004,rolex,Date,No,Steel,Sapphire,Round,S,Standard,Black,Stick/Minimalist,Stick / Dot,8.732465848349879
https://watchbase.com/rolex/date/115234-0011,rolex,Date,No,Steel,Sapphire,Round,S,Standard,Black,Stick/Minimalist,Mixed,9.012011377036412
https://watchbase.com/rolex/date/115234-0009,rolex,Date,No,Steel,Sapphire,Round,S,Standard,Colorful,Stick/Minimalist,Mixed,9.012011377036412
https://watchbase.com/rolex/date/115234-0004,rolex,Date,No,Steel,Sapphire,Round,S,Standard,Silver/White,Stick/Minimalist,Stick / Dot,8.895766604056085
https://watchbase.com/rolex/date/115234-0003,rolex,Date,No,Steel,Sapphire,Round,S,Standard,Silver/White,Stick/Minimalist,Stick / Dot,8.895766604056085
https://watchbase.com/rolex/date/115234-0010,rolex,Date,No,Steel,Sapphire,Round,S,Standard,Silver/White,Stick/Minimalist,Mixed,9.012011377036412
https://watchbase.com/rolex/date/115200-0008,rolex,Date,No,Steel,Sapphire,Round,S,Standard,Silver/White,Stick/Minimalist,Stick / Dot,8.732465848349879
https://watchbase.com/rolex/date/115234-0002,rolex,Date,No,Steel,Sapphire,Round,S,Standard,Black,Stick/Minimalist,Stick / Dot,8.895766604056085
https://watchbase.com/rolex/date/115200-0007,rolex,Date,No,Steel,Sapphire,Round,S,Standard,Blue,Stick/Minimalist,Stick / Dot,8.732465848349879
https://watchbase.com/rolex/date/115234-0012,rolex,Date,No,Steel,Sapphire,Round,S,Standard,Silver/White,Stick/Minimalist,Arabic Numerals,9.012011377036412
https://watchbase.com/rolex/date/115200-0006,rolex,Date,No,Steel,Sapphire,Round,S,Standard,Silver/White,Stick/Minimalist,Stick / Dot,8.732465848349879
https://watchbase.com/rolex/datejust-ii/116334-0007,rolex,Datejust II,No,Steel,Sapphire,Round,L,Standard,Silver/White,Stick/Minimalist,Gem-Set Indexes,9.19532825185568
https://watchbase.com/rolex/explorer/124273-0001,rolex,Explorer,No,Steel,Sapphire,Round,M,Standard,Black,Stick/Minimalist,Mixed,9.499346567390095
https://watchbase.com/rolex/explorer/214270-0001,rolex,Explorer,No,Steel,Sapphire,Round,M,Standard,Black,Stick/Minimalist,Arabic Numerals,8.665785595466064
https://watchbase.com/rolex/explorer/214270-0003,rolex,Explorer,No,Steel,Sapphire,Round,M,Standard,Black,Stick/Minimalist,Mixed,8.732465848349879
https://watchbase.com/rolex/explorer/224270-0001,rolex,Explorer,No,Steel,Sapphire,Round,L,Standard,Black,Stick/Minimalist,Mixed,8.987321812850125
https://watchbase.com/rolex/explorer/124270-0001,rolex,Explorer,No,Steel,Sapphire,Round,M,Standard,Black,Stick/Minimalist,Mixed,8.929435283803425
https://watchbase.com/rolex/datejust-ii/116333-0007,rolex,Datejust II,No,Steel,Sapphire,Round,L,Standard,Silver/White,Stick/Minimalist,Gem-Set Indexes,9.396902923027392
https://watchbase.com/rolex/datejust-ii/116333-0008,rolex,Datejust II,No,Steel,Sapphire,Round,L,Standard,Silver/White,Stick/Minimalist,Gem-Set Indexes,9.396902923027392
https://watchbase.com/rolex/datejust-ii/116334-0009,rolex,Datejust II,No,Steel,Sapphire,Round,L,Standard,Grey/Brown,Stick/Minimalist,Gem-Set Indexes,9.19532825185568
https://watchbase.com/rolex/datejust-ii/116333-0004,rolex,Datejust II,No,Steel,Sapphire,Round,L,Standard,Black,Stick/Minimalist,Arabic Numerals,9.239996256883693
https://watchbase.com/rolex/datejust-ii/116333-0005,rolex,Datejust II,No,Steel,Sapphire,Round,L,Standard,Silver/White,Stick/Minimalist,Stick / Dot,9.239996256883693
https://watchbase.com/rolex/datejust-ii/116300-0007,rolex,Datejust II,No,Steel,Sapphire,Round,L,Standard,Silver/White,Stick/Minimalist,Stick / Dot,8.748463629942055
https://watchbase.com/rolex/datejust-ii/116333-0001,rolex,Datejust II,No,Steel,Sapphire,Round,L,Standard,Grey/Brown,Stick/Minimalist,Roman Numerals,9.239996256883693
https://watchbase.com/rolex/datejust-ii/116334-0002,rolex,Datejust II,No,Steel,Sapphire,Round,L,Standard,Black,Stick/Minimalist,Roman Numerals,8.999742789830492
https://watchbase.com/rolex/datejust-ii/116300-0004,rolex,Datejust II,No,Steel,Sapphire,Round,L,Standard,Blue,Stick/Minimalist,Roman Numerals,8.748463629942055
https://watchbase.com/rolex/datejust-ii/116334-0005,rolex,Datejust II,No,Steel,Sapphire,Round,L,Standard,Blue,Stick/Minimalist,Stick / Dot,9.042040056544483
https://watchbase.com/rolex/datejust-ii/116300-0003,rolex,Datejust II,No,Steel,Sapphire,Round,L,Standard,Silver/White,Stick/Minimalist,Stick / Dot,8.748463629942055
https://watchbase.com/rolex/datejust-ii/116300-0001,rolex,Datejust II,No,Steel,Sapphire,Round,L,Standard,Black,Stick/Minimalist,Stick / Dot,8.748463629942055
https://watchbase.com/rolex/datejust-ii/116333-0006,rolex,Datejust II,No,Steel,Sapphire,Round,L,Standard,Silver/White,Stick/Minimalist,Stick / Dot,9.239996256883693
https://watchbase.com/rolex/datejust-ii/116334-0001,rolex,Datejust II,No,Steel,Sapphire,Round,L,Standard,Silver/White,Stick/Minimalist,Stick / Dot,8.999742789830492
https://watchbase.com/rolex/explorer-2/226570-0002,rolex,Explorer II,No,Steel,Sapphire,Round,L,Standard,Black,Other,Stick / Dot,9.225327501784431
https://watchbase.com/rolex/explorer-2/216570-0002,rolex,Explorer II,No,Steel,Sapphire,Round,L,Standard,Black,Other,Stick / Dot,8.974744612722734
https://watchbase.com/rolex/explorer-2/216570-0001,rolex,Explorer II,No,Steel,Sapphire,Round,L,Standard,Silver/White,Other,Stick / Dot,8.974744612722734
https://watchbase.com/rolex/explorer-2/226570-0001,rolex,Explorer II,No,Steel,Sapphire,Round,L,Standard,Silver/White,Other,Stick / Dot,9.225327501784431
https://watchbase.com/rolex/oyster-perpetual-34/114200-0021,rolex,Oyster Perpetual 34,No,Steel,Sapphire,Round,S,Standard,Colorful,Stick/Minimalist,Stick / Dot,8.476579508530941
https://watchbase.com/rolex/oyster-perpetual-34/124200-0003,rolex,Oyster Perpetual 34,No,Steel,Sapphire,Round,S,Standard,Blue,Stick/Minimalist,Stick / Dot,8.716207971151853
https://watchbase.com/rolex/oyster-perpetual-34/114200-0022,rolex,Oyster Perpetual 34,No,Steel,Sapphire,Round,S,Standard,Silver/White,Stick/Minimalist,Stick / Dot,8.476579508530941
https://watchbase.com/rolex/oyster-perpetual-34/124200-0001,rolex,Oyster Perpetual 34,No,Steel,Sapphire,Round,S,Standard,Silver/White,Stick/Minimalist,Stick / Dot,8.716207971151853
https://watchbase.com/rolex/oyster-perpetual-34/114200-0024,rolex,Oyster Perpetual 34,No,Steel,Sapphire,Round,S,Standard,Silver/White,Stick/Minimalist,Stick / Dot,8.476579508530941
https://watchbase.com/rolex/oyster-perpetual-34/114200-0014,rolex,Oyster Perpetual 34,No,Steel,Sapphire,Round,S,Standard,Blue,Stick/Minimalist,Mixed,8.476579508530941
https://watchbase.com/rolex/oyster-perpetual-34/114200-0023,rolex,Oyster Perpetual 34,No,Steel,Sapphire,Round,S,Standard,Black,Stick/Minimalist,Stick / Dot,8.476579508530941
https://watchbase.com/rolex/oyster-perpetual-34/114200-0020,rolex,Oyster Perpetual 34,No,Steel,Sapphire,Round,S,Standard,Colorful,Stick/Minimalist,Stick / Dot,8.476579508530941
https://watchbase.com/rolex/oyster-perpetual-34/124200-0006,rolex,Oyster Perpetual 34,No,Steel,Sapphire,Round,S,Standard,Colorful,Stick/Minimalist,Stick / Dot,8.716207971151853
https://watchbase.com/rolex/oyster-perpetual-34/124200-0007,rolex,Oyster Perpetual 34,No,Steel,Sapphire,Round,S,Standard,Grey/Brown,Stick/Minimalist,Stick / Dot,8.716207971151853
https://watchbase.com/rolex/oyster-perpetual-34/124200-0004,rolex,Oyster Perpetual 34,No,Steel,Sapphire,Round,S,Standard,Colorful,Stick/Minimalist,Stick / Dot,8.716207971151853
https://watchbase.com/rolex/oyster-perpetual-34/124200-0002,rolex,Oyster Perpetual 34,No,Steel,Sapphire,Round,S,Standard,Black,Stick/Minimalist,Stick / Dot,8.716207971151853
https://watchbase.com/rolex/oyster-perpetual-34/124200-0008,rolex,Oyster Perpetual 34,No,Steel,Sapphire,Round,S,Standard,Colorful,Stick/Minimalist,Stick / Dot,8.716207971151853
https://watchbase.com/rolex/oyster-perpetual-34/114200-0019,rolex,Oyster Perpetual 34,No,Steel,Sapphire,Round,S,Standard,Silver/White,Stick/Minimalist,Mixed,8.476579508530941
https://watchbase.com/rolex/oyster-perpetual-31/177200-0018,rolex,Oyster Perpetual 31,No,Steel,Sapphire,Round,S,Standard,Grey/Brown,Stick/Minimalist,Roman Numerals,8.45553053102413
https://watchbase.com/rolex/pearlmaster/81285-0020,rolex,Pearlmaster,No,Gold Variants,Sapphire,Round,S,Standard,Colorful,Stick/Minimalist,Roman Numerals,10.758987398772785
https://watchbase.com/rolex/pearlmaster/81318-0005,rolex,Pearlmaster,No,Gold Variants,Sapphire,Round,S,Standard,Silver/White,Stick/Minimalist,Roman Numerals,10.417836960475736
https://watchbase.com/rolex/pearlmaster/80298-0071,rolex,Pearlmaster,No,Gold Variants,Sapphire,Round,XS,Standard,Silver/White,Stick/Minimalist,Gem-Set Indexes,10.646638446331167
https://watchbase.com/rolex/pearlmaster/81285-0013,rolex,Pearlmaster,No,Gold Variants,Sapphire,Round,S,Standard,Paved/Diamonds,Stick/Minimalist,Roman Numerals,11.437673762082719
https://watchbase.com/rolex/pearlmaster/80319-0116,rolex,Pearlmaster,No,Gold Variants,Sapphire,Round,XS,Standard,Silver/White,Stick/Minimalist,Roman Numerals,10.356186058125473
https://watchbase.com/rolex/pearlmaster/81315-0003,rolex,Pearlmaster,No,Gold Variants,Sapphire,Round,S,Standard,Grey/Brown,Stick/Minimalist,Roman Numerals,10.420821948214945
https://watchbase.com/rolex/pearlmaster/80318-0060,rolex,Pearlmaster,No,Gold Variants,Sapphire,Round,XS,Standard,Silver/White,Stick/Minimalist,Roman Numerals,10.236417809461043
https://watchbase.com/rolex/pearlmaster/81299-0014,rolex,Pearlmaster,No,Gold Variants,Sapphire,Round,S,Standard,Silver/White,Stick/Minimalist,Gem-Set Indexes,10.85516473308054
https://watchbase.com/rolex/pearlmaster/81298-0005,rolex,Pearlmaster,No,Gold Variants,Sapphire,Round,S,Standard,Silver/White,Stick/Minimalist,Gem-Set Indexes,10.659633006160352
https://watchbase.com/rolex/pearlmaster/81339-0012,rolex,Pearlmaster,No,Gold Variants,Sapphire,Round,S,Standard,Paved/Diamonds,Stick/Minimalist,Roman Numerals,11.024366749924715
https://watchbase.com/rolex/pearlmaster/81285-0030,rolex,Pearlmaster,No,Gold Variants,Sapphire,Round,S,Standard,Colorful,Stick/Minimalist,Gem-Set Indexes,11.214532906153606
https://watchbase.com/rolex/pearlmaster/81338-0093,rolex,Pearlmaster,No,Gold Variants,Sapphire,Round,S,Standard,Silver/White,Stick/Minimalist,Gem-Set Indexes,11.13387343981368
https://watchbase.com/rolex/pearlmaster/80315-0013,rolex,Pearlmaster,No,Gold Variants,Sapphire,Round,XS,Standard,Grey/Brown,Stick/Minimalist,Roman Numerals,10.356186058125473
https://watchbase.com/rolex/pearlmaster/80315-0014,rolex,Pearlmaster,No,Gold Variants,Sapphire,Round,XS,Standard,Silver/White,Stick/Minimalist,Roman Numerals,10.39821428171237
https://watchbase.com/rolex/pearlmaster/81285-0017,rolex,Pearlmaster,No,Gold Variants,Sapphire,Round,S,Standard,Silver/White,Stick/Minimalist,Gem-Set Indexes,10.839600519357369
https://watchbase.com/rolex/pearlmaster/80318-0054,rolex,Pearlmaster,No,Gold Variants,Sapphire,Round,XS,Standard,Silver/White,Stick/Minimalist,Roman Numerals,10.236417809461043
https://watchbase.com/rolex/pearlmaster/80285-0023,rolex,Pearlmaster,No,Gold Variants,Sapphire,Round,XS,Standard,Silver/White,Stick/Minimalist,Gem-Set Indexes,11.200281076894816
https://watchbase.com/rolex/pearlmaster/81319-0008,rolex,Pearlmaster,No,Gold Variants,Sapphire,Round,S,Standard,Silver/White,Stick/Minimalist,Roman Numerals,10.43708198835482
https://watchbase.com/rolex/pearlmaster/80318-0056,rolex,Pearlmaster,No,Synthetic,Sapphire,Round,XS,Standard,Silver/White,Stick/Minimalist,Roman Numerals,10.281958234245314
https://watchbase.com/rolex/pearlmaster/80299-0018,rolex,Pearlmaster,No,Gold Variants,Sapphire,Round,XS,Standard,Silver/White,Stick/Minimalist,Gem-Set Indexes,11.006274448725538
https://watchbase.com/rolex/pearlmaster/81315-0011,rolex,Pearlmaster,No,Gold Variants,Sapphire,Round,S,Standard,Silver/White,Stick/Minimalist,Gem-Set Indexes,10.468829770273567
https://watchbase.com/rolex/pearlmaster/80319-0040,rolex,Pearlmaster,No,Gold Variants,Sapphire,Round,XS,Standard,Silver/White,Stick/Minimalist,Roman Numerals,10.308985993422082
https://watchbase.com/rolex/pearlmaster/81158-0066,rolex,Pearlmaster,No,Gold Variants,Sapphire,Round,S,Standard,Black,Stick/Minimalist,Gem-Set Indexes,10.807725945886109
https://watchbase.com/rolex/pearlmaster/80298-0048,rolex,Pearlmaster,No,Steel,Sapphire,Round,XS,Standard,Silver/White,Stick/Minimalist,Gem-Set Indexes,10.633472802314019
https://watchbase.com/rolex/pearlmaster/81299-0031,rolex,Pearlmaster,No,Gold Variants,Sapphire,Round,S,Standard,Silver/White,Stick/Minimalist,Gem-Set Indexes,10.69650269224425
https://watchbase.com/rolex/pearlmaster/80299-0029,rolex,Pearlmaster,No,Gold Variants,Sapphire,Round,XS,Standard,Blue,Stick/Minimalist,Gem-Set Indexes,10.647826772357497
https://watchbase.com/rolex/pearlmaster/81159-0011,rolex,Pearlmaster,No,Gold Variants,Sapphire,Round,S,Standard,Black,Stick/Minimalist,Gem-Set Indexes,10.857093336791094
https://watchbase.com/rolex/pearlmaster/81338-0092,rolex,Pearlmaster,No,Gold Variants,Sapphire,Round,S,Standard,Silver/White,Stick/Minimalist,Gem-Set Indexes,11.13387343981368
https://watchbase.com/rolex/pearlmaster/80298-0067,rolex,Pearlmaster,No,Gold Variants,Sapphire,Round,XS,Standard,Silver/White,Stick/Minimalist,Gem-Set Indexes,11.006274448725538
https://watchbase.com/rolex/pearlmaster/81338-0038,rolex,Pearlmaster,No,Gold Variants,Sapphire,Round,S,Standard,Paved/Diamonds,Stick/Minimalist,Roman Numerals,10.989537936492082
https://watchbase.com/rolex/oyster-perpetual-31/277200-0005,rolex,Oyster Perpetual 31,No,Steel,Sapphire,Round,S,Standard,Colorful,Stick/Minimalist,Stick / Dot,8.537191877922927
https://watchbase.com/rolex/oyster-perpetual-31/277200-0006,rolex,Oyster Perpetual 31,No,Steel,Sapphire,Round,S,Standard,Colorful,Stick/Minimalist,Stick / Dot,8.699681400989514
https://watchbase.com/rolex/oyster-perpetual-31/177200-0009,rolex,Oyster Perpetual 31,No,Steel,Sapphire,Round,S,Standard,Silver/White,Stick/Minimalist,Mixed,8.45553053102413
https://watchbase.com/rolex/oyster-perpetual-31/277200-0003,rolex,Oyster Perpetual 31,No,Steel,Sapphire,Round,S,Standard,Blue,Stick/Minimalist,Stick / Dot,8.699681400989514
https://watchbase.com/rolex/oyster-perpetual-31/277200-0008,rolex,Oyster Perpetual 31,No,Steel,Sapphire,Round,S,Standard,Colorful,Stick/Minimalist,Stick / Dot,8.537191877922927
https://watchbase.com/rolex/oyster-perpetual-31/177200-0017,rolex,Oyster Perpetual 31,No,Steel,Sapphire,Round,S,Standard,Colorful,Stick/Minimalist,Roman Numerals,8.45553053102413
https://watchbase.com/rolex/oyster-perpetual-31/277200-0010,rolex,Oyster Perpetual 31,No,Steel,Sapphire,Round,S,Standard,Colorful,Stick/Minimalist,Stick / Dot,8.699681400989514
https://watchbase.com/rolex/oyster-perpetual-31/177200-0019,rolex,Oyster Perpetual 31,No,Steel,Sapphire,Round,S,Standard,Black,Stick/Minimalist,Stick / Dot,8.45553053102413
https://watchbase.com/rolex/oyster-perpetual-31/277200-0007,rolex,Oyster Perpetual 31,No,Steel,Sapphire,Round,S,Standard,Other,Stick/Minimalist,Stick / Dot,8.699681400989514
https://watchbase.com/rolex/oyster-perpetual-31/177200-0015,rolex,Oyster Perpetual 31,No,Steel,Sapphire,Round,S,Standard,Blue,Stick/Minimalist,Roman Numerals,8.45553053102413
https://watchbase.com/rolex/oyster-perpetual-31/277200-0001,rolex,Oyster Perpetual 31,No,Steel,Sapphire,Round,S,Standard,Silver/White,Stick/Minimalist,Stick / Dot,8.674367865788236
https://watchbase.com/rolex/oyster-perpetual-31/277200-0002,rolex,Oyster Perpetual 31,No,Steel,Sapphire,Round,S,Standard,Black,Stick/Minimalist,Stick / Dot,8.699681400989514
https://watchbase.com/rolex/oyster-perpetual-31/277200-0009,rolex,Oyster Perpetual 31,No,Steel,Sapphire,Round,S,Standard,Colorful,Stick/Minimalist,Stick / Dot,8.537191877922927
https://watchbase.com/rolex/oyster-perpetual-31/277200-0013,rolex,Oyster Perpetual 31,No,Steel,Sapphire,Round,S,Standard,Grey/Brown,Stick/Minimalist,Stick / Dot,8.699681400989514
https://watchbase.com/rolex/oyster-perpetual-31/277200-0012,rolex,Oyster Perpetual 31,No,Steel,Sapphire,Round,S,Standard,Colorful,Stick/Minimalist,Stick / Dot,8.699681400989514
https://watchbase.com/rolex/oyster-perpetual-31/177200-0016,rolex,Oyster Perpetual 31,No,Steel,Sapphire,Round,S,Standard,Silver/White,Stick/Minimalist,Roman Numerals,8.45553053102413
https://watchbase.com/rolex/oyster-perpetual-31/277200-0004,rolex,Oyster Perpetual 31,No,Steel,Sapphire,Round,S,Standard,Colorful,Stick/Minimalist,Stick / Dot,8.699681400989514
https://watchbase.com/rolex/oyster-perpetual-31/277200-0014,rolex,Oyster Perpetual 31,No,Steel,Sapphire,Round,S,Standard,Colorful,Stick/Minimalist,Stick / Dot,8.699681400989514
https://watchbase.com/rolex/cellini/50509-0007,rolex,Cellini,No,Gold Variants,Sapphire,Round,M,Basic,Silver/White,Stick/Minimalist,Stick / Dot,9.503084610020228
https://watchbase.com/rolex/sea-dweller/136668lb-0001,rolex,Sea-Dweller,No,Steel,Sapphire,Round,XL,Extreme,Blue,Traditional/Special,Stick / Dot,11.005444242454628
https://watchbase.com/rolex/sea-dweller/126600-0002,rolex,Sea-Dweller,No,Steel,Sapphire,Round,L,Extreme,Black,Traditional/Special,Stick / Dot,9.539716058977092
https://watchbase.com/rolex/sea-dweller/136660-0004,rolex,Sea-Dweller,No,Steel,Sapphire,Round,XL,Extreme,Black,Traditional/Special,Stick / Dot,9.599066156080049
https://watchbase.com/rolex/sea-dweller/126603-0001,rolex,Sea-Dweller,No,Steel,Sapphire,Round,L,Extreme,Black,Traditional/Special,Stick / Dot,9.928228944424575
https://watchbase.com/rolex/sea-dweller/136660-0003,rolex,Sea-Dweller,No,Steel,Sapphire,Round,XL,Extreme,Blue,Traditional/Special,Stick / Dot,9.620527646419676
https://watchbase.com/rolex/sea-dweller/116660-0001,rolex,Sea-Dweller,No,Steel,Sapphire,Round,XL,Extreme,Black,Traditional/Special,Stick / Dot,9.319284458965361
https://watchbase.com/rolex/sea-dweller/116600-0003,rolex,Sea-Dweller,No,Steel,Sapphire,Round,L,Extreme,Black,Traditional/Special,Stick / Dot,9.174816815907135
https://watchbase.com/rolex/sea-dweller/136660-0005,rolex,Sea-Dweller,No,Steel,Sapphire,Round,XL,Extreme,Blue,Traditional/Special,Stick / Dot,9.627140989748092
https://watchbase.com/rolex/sea-dweller/126660-0002,rolex,Sea-Dweller,No,Steel,Sapphire,Round,XL,Extreme,Blue,Traditional/Special,Stick / Dot,9.510519035757246
https://watchbase.com/rolex/sea-dweller/126660-0001,rolex,Sea-Dweller,No,Steel,Sapphire,Round,XL,Extreme,Black,Traditional/Special,Stick / Dot,9.488047863280759
https://watchbase.com/rolex/sea-dweller/116660-0003,rolex,Sea-Dweller,No,Steel,Sapphire,Round,XL,Extreme,Blue,Traditional/Special,Stick / Dot,9.34583234141334
https://watchbase.com/rolex/sea-dweller/126067-0001,rolex,Sea-Dweller,No,Steel,Sapphire,Round,XXL,Extreme,Black,Traditional/Special,Stick / Dot,10.181157167204903
https://watchbase.com/rolex/sea-dweller/136660-0006,rolex,Sea-Dweller,No,Steel,Sapphire,Round,XL,Extreme,Black,Traditional/Special,Stick / Dot,9.605822482030945
https://watchbase.com/rolex/sea-dweller/126600-0001,rolex,Sea-Dweller,No,Steel,Sapphire,Round,L,Extreme,Black,Traditional/Special,Stick / Dot,9.491828300264636
https://watchbase.com/rolex/sea-dweller/126067-0002,rolex,Sea-Dweller,No,Steel,Sapphire,Round,XXL,Extreme,Black,Traditional/Special,Stick / Dot,10.232827270254802
https://watchbase.com/rolex/cellini/50529-0010,rolex,Cellini,No,Gold Variants,Sapphire,Round,M,Basic,Black,Stick/Minimalist,Stick / Dot,9.825580063659602
https://watchbase.com/rolex/cellini/50529-0009,rolex,Cellini,No,Gold Variants,Sapphire,Round,M,Basic,Silver/White,Stick/Minimalist,Stick / Dot,9.825580063659602
https://watchbase.com/rolex/cellini/50509-0006,rolex,Cellini,No,Gold Variants,Sapphire,Round,M,Basic,Black,Stick/Minimalist,Stick / Dot,9.581972891547895
https://watchbase.com/rolex/cellini/50505-0010,rolex,Cellini,No,Gold Variants,Sapphire,Round,M,Basic,Silver/White,Stick/Minimalist,Stick / Dot,9.503084610020228
https://watchbase.com/rolex/cellini/50525-0009,rolex,Cellini,No,Gold Variants,Sapphire,Round,M,Basic,Silver/White,Stick/Minimalist,Stick / Dot,9.825580063659602
https://watchbase.com/rolex/cellini/50519-0014,rolex,Cellini,No,Gold Variants,Sapphire,Round,M,Basic,Black,Stick/Minimalist,Stick / Dot,9.741027444837728
https://watchbase.com/rolex/cellini/50515-0011,rolex,Cellini,No,Gold Variants,Sapphire,Round,M,Basic,Black,Stick/Minimalist,Stick / Dot,9.661479683575521
https://watchbase.com/rolex/cellini/50509-0022,rolex,Cellini,No,Gold Variants,Sapphire,Round,M,Basic,Black,Stick/Minimalist,Stick / Dot,9.581972891547895
https://watchbase.com/rolex/cellini/50525-0010,rolex,Cellini,No,Gold Variants,Sapphire,Round,M,Basic,Black,Stick/Minimalist,Stick / Dot,9.825580063659602
https://watchbase.com/rolex/cellini/50605rbr-0014,rolex,Cellini,No,Gold Variants,Sapphire,Round,M,Basic,Black,Stick/Minimalist,Gem-Set Indexes,9.862717639992917
https://watchbase.com/rolex/cellini/50519-0012,rolex,Cellini,No,Gold Variants,Sapphire,Round,M,Basic,Silver/White,Stick/Minimalist,Stick / Dot,9.741027444837728
https://watchbase.com/rolex/cellini/50525-0015,rolex,Cellini,No,Gold Variants,Sapphire,Round,M,Basic,Grey/Brown,Stick/Minimalist,Stick / Dot,9.825580063659602
https://watchbase.com/rolex/cellini/50709rbr-0010,rolex,Cellini,No,Gold Variants,Sapphire,Round,M,Basic,Silver/White,Stick/Minimalist,Gem-Set Indexes,9.96415923206886
https://watchbase.com/rolex/cellini/50519-0011,rolex,Cellini,No,Gold Variants,Sapphire,Round,M,Basic,Blue,Stick/Minimalist,Stick / Dot,9.741027444837728
https://watchbase.com/rolex/cellini/50509-0017,rolex,Cellini,No,Gold Variants,Sapphire,Round,M,Basic,Silver/White,Stick/Minimalist,Stick / Dot,9.581972891547895
https://watchbase.com/rolex/cellini/50525-0008,rolex,Cellini,No,Gold Variants,Sapphire,Round,M,Basic,Silver/White,Stick/Minimalist,Stick / Dot,9.825580063659602
https://watchbase.com/rolex/cellini/50529-0007,rolex,Cellini,No,Gold Variants,Sapphire,Round,M,Basic,Black,Stick/Minimalist,Stick / Dot,9.825580063659602
https://watchbase.com/rolex/cellini/50519-0006,rolex,Cellini,No,Gold Variants,Sapphire,Round,M,Basic,Silver/White,Stick/Minimalist,Stick / Dot,9.741027444837728
https://watchbase.com/rolex/cellini/50609rbr-0007,rolex,Cellini,No,Gold Variants,Sapphire,Round,M,Basic,Black,Stick/Minimalist,Gem-Set Indexes,9.862717639992917
https://watchbase.com/rolex/cellini/50525-0016,rolex,Cellini,No,Gold Variants,Sapphire,Round,M,Basic,Grey/Brown,Stick/Minimalist,Stick / Dot,9.825580063659602
https://watchbase.com/rolex/cellini/50515-0010,rolex,Cellini,No,Gold Variants,Sapphire,Round,M,Basic,Black,Stick/Minimalist,Stick / Dot,9.708141544619421
https://watchbase.com/rolex/cellini/50505-0008,rolex,Cellini,No,Gold Variants,Sapphire,Round,M,Basic,Black,Stick/Minimalist,Stick / Dot,9.581972891547895
https://watchbase.com/rolex/cellini/50505-0020,rolex,Cellini,No,Gold Variants,Sapphire,Round,M,Basic,Silver/White,Stick/Minimalist,Stick / Dot,9.581972891547895
https://watchbase.com/rolex/cellini/50705rbr-0010,rolex,Cellini,No,Gold Variants,Sapphire,Round,M,Basic,Colorful,Stick/Minimalist,Stick / Dot,9.96415923206886
https://watchbase.com/rolex/cellini/50519-0007,rolex,Cellini,No,Gold Variants,Sapphire,Round,M,Basic,Black,Stick/Minimalist,Stick / Dot,9.741027444837728
https://watchbase.com/rolex/cellini/50505-0009,rolex,Cellini,No,Gold Variants,Sapphire,Round,M,Basic,Black,Stick/Minimalist,Stick / Dot,9.581972891547895
https://watchbase.com/rolex/cellini/50515-0009,rolex,Cellini,No,Gold Variants,Sapphire,Round,M,Basic,Silver/White,Stick/Minimalist,Stick / Dot,9.708141544619421
https://watchbase.com/rolex/cellini/50525-0011,rolex,Cellini,No,Gold Variants,Sapphire,Round,M,Basic,Black,Stick/Minimalist,Stick / Dot,9.825580063659602
https://watchbase.com/rolex/cellini/50529-0006,rolex,Cellini,No,Gold Variants,Sapphire,Round,M,Basic,Silver/White,Stick/Minimalist,Stick / Dot,9.825580063659602
https://watchbase.com/rolex/cellini/50515-0008,rolex,Cellini,No,Gold Variants,Sapphire,Round,M,Basic,Silver/White,Stick/Minimalist,Stick / Dot,9.708141544619421
https://watchbase.com/rolex/cellini/50519-0013,rolex,Cellini,No,Gold Variants,Sapphire,Round,M,Basic,Blue,Stick/Minimalist,Stick / Dot,9.741027444837728
https://watchbase.com/rolex/cellini/50535-0002,rolex,Cellini,No,Gold Variants,Sapphire,Round,M,Basic,Silver/White,Stick/Minimalist,Stick / Dot,10.142543822310387
https://watchbase.com/rolex/cellini/50505-0021,rolex,Cellini,No,Gold Variants,Sapphire,Round,M,Basic,Silver/White,Stick/Minimalist,Stick / Dot,9.581972891547895
https://watchbase.com/rolex/cellini/50509-0016,rolex,Cellini,No,Gold Variants,Sapphire,Round,M,Basic,Silver/White,Stick/Minimalist,Stick / Dot,9.581972891547895
https://watchbase.com/rolex/oyster-perpetual-36/116000-0011,rolex,Oyster Perpetual 36,No,Steel,Sapphire,Round,M,Standard,Silver/White,Stick/Minimalist,Stick / Dot,8.517393171418904
https://watchbase.com/rolex/oyster-perpetual-36/126000-0009,rolex,Oyster Perpetual 36,No,Steel,Sapphire,Round,M,Standard,Other,Stick/Minimalist,Stick / Dot,8.764209507142004
https://watchbase.com/rolex/oyster-perpetual-36/116000-0013,rolex,Oyster Perpetual 36,No,Steel,Sapphire,Round,M,Standard,Black,Stick/Minimalist,Stick / Dot,8.537191877922927
https://watchbase.com/rolex/oyster-perpetual-36/116000-0010,rolex,Oyster Perpetual 36,No,Steel,Sapphire,Round,M,Standard,Colorful,Stick/Minimalist,Stick / Dot,8.537191877922927
https://watchbase.com/rolex/oyster-perpetual-36/126000-0004,rolex,Oyster Perpetual 36,No,Steel,Sapphire,Round,M,Standard,Colorful,Stick/Minimalist,Stick / Dot,8.612685172875459
https://watchbase.com/rolex/oyster-perpetual-36/126000-0001,rolex,Oyster Perpetual 36,No,Steel,Sapphire,Round,M,Standard,Silver/White,Stick/Minimalist,Stick / Dot,8.764209507142004
https://watchbase.com/rolex/oyster-perpetual-36/126000-0007,rolex,Oyster Perpetual 36,No,Steel,Sapphire,Round,M,Standard,Colorful,Stick/Minimalist,Stick / Dot,8.612685172875459
https://watchbase.com/rolex/oyster-perpetual-36/126000-0006,rolex,Oyster Perpetual 36,No,Steel,Sapphire,Round,M,Standard,Other,Stick/Minimalist,Stick / Dot,8.764209507142004
https://watchbase.com/rolex/oyster-perpetual-36/126000-0008,rolex,Oyster Perpetual 36,No,Steel,Sapphire,Round,M,Standard,Colorful,Stick/Minimalist,Stick / Dot,8.764209507142004
https://watchbase.com/rolex/oyster-perpetual-36/116000-0002,rolex,Oyster Perpetual 36,No,Steel,Sapphire,Round,M,Standard,Blue,Stick/Minimalist,Mixed,8.537191877922927
https://watchbase.com/rolex/oyster-perpetual-36/116000-0012,rolex,Oyster Perpetual 36,No,Steel,Sapphire,Round,M,Standard,Silver/White,Stick/Minimalist,Stick / Dot,8.537191877922927
https://watchbase.com/rolex/oyster-perpetual-36/126000-0005,rolex,Oyster Perpetual 36,No,Steel,Sapphire,Round,M,Standard,Colorful,Stick/Minimalist,Stick / Dot,8.764209507142004
https://watchbase.com/rolex/oyster-perpetual-36/126000-0003,rolex,Oyster Perpetual 36,No,Steel,Sapphire,Round,M,Standard,Blue,Stick/Minimalist,Stick / Dot,8.764209507142004
https://watchbase.com/rolex/oyster-perpetual-36/116000-0009,rolex,Oyster Perpetual 36,No,Steel,Sapphire,Round,M,Standard,Silver/White,Stick/Minimalist,Stick / Dot,8.537191877922927
https://watchbase.com/rolex/oyster-perpetual-36/126000-0012,rolex,Oyster Perpetual 36,No,Steel,Sapphire,Round,M,Standard,Grey/Brown,Stick/Minimalist,Stick / Dot,8.764209507142004
https://watchbase.com/rolex/oyster-perpetual-36/126000-0011,rolex,Oyster Perpetual 36,No,Steel,Sapphire,Round,M,Standard,Colorful,Stick/Minimalist,Stick / Dot,8.764209507142004
https://watchbase.com/rolex/oyster-perpetual-36/126000-0002,rolex,Oyster Perpetual 36,No,Steel,Sapphire,Round,M,Standard,Black,Stick/Minimalist,Stick / Dot,8.764209507142004
https://watchbase.com/rolex/oyster-perpetual-36/126000-0013,rolex,Oyster Perpetual 36,No,Steel,Sapphire,Round,M,Standard,Colorful,Stick/Minimalist,Stick / Dot,8.764209507142004
https://watchbase.com/rolex/land-dweller/127385tbr-0003,rolex,Land-Dweller,No,Gold Variants,Sapphire,Round,L,Standard,Silver/White,Stick/Minimalist,Mixed,11.581527593460411
https://watchbase.com/rolex/yacht-master/168623-0016,rolex,Yacht-Master,No,Steel,Sapphire,Round,M,Standard,Silver/White,Traditional/Special,Stick / Dot,9.19023970026918
https://watchbase.com/rolex/yacht-master/268655-0010,rolex,Yacht-Master,No,Diamond,Sapphire,Round,M,Standard,Paved/Diamonds,Traditional/Special,Stick / Dot,10.732061203925053
https://watchbase.com/rolex/yacht-master/16623-0006,rolex,Yacht-Master,No,Steel,Sapphire,Round,L,Standard,Silver/White,Traditional/Special,Stick / Dot,9.358846580275406
https://watchbase.com/rolex/yacht-master/16655-0005,rolex,Yacht-Master,No,Steel,Sapphire,Round,L,Standard,Paved/Diamonds,Traditional/Special,Stick / Dot,10.633472802314019
https://watchbase.com/rolex/yacht-master/116621-0002,rolex,Yacht-Master,No,Steel,Sapphire,Round,L,Standard,Black,Traditional/Special,Stick / Dot,9.488047863280759
https://watchbase.com/rolex/yacht-master/168623-0018,rolex,Yacht-Master,No,Synthetic,Sapphire,Round,M,Standard,Black,Traditional/Special,Stick / Dot,9.350189267092581
https://watchbase.com/rolex/yacht-master/116681-0002,rolex,Yacht-Master,No,Steel,Sapphire,Round,XL,Standard,Silver/White,Other,Stick / Dot,10.160104563907877
https://watchbase.com/rolex/yacht-master/116689-0001,rolex,Yacht-Master,No,Steel,Sapphire,Round,XL,Standard,Silver/White,Stick/Minimalist,Stick / Dot,10.703266939811954
https://watchbase.com/rolex/yacht-master/16623-0009,rolex,Yacht-Master,No,Steel,Sapphire,Round,L,Standard,Silver/White,Traditional/Special,Stick / Dot,9.358846580275406
https://watchbase.com/rolex/yacht-master/126621-0002,rolex,Yacht-Master,No,Steel,Sapphire,Round,L,Standard,Black,Traditional/Special,Stick / Dot,9.800956363888462
https://watchbase.com/rolex/yacht-master/268621-0003,rolex,Yacht-Master,No,Steel,Sapphire,Round,M,Standard,Grey/Brown,Traditional/Special,Stick / Dot,9.69898173460629
https://watchbase.com/rolex/yacht-master/268621-0004,rolex,Yacht-Master,No,Steel,Sapphire,Round,M,Standard,Black,Traditional/Special,Stick / Dot,9.69898173460629
https://watchbase.com/rolex/yacht-master/116681-0001,rolex,Yacht-Master,No,Steel,Sapphire,Round,XL,Standard,Silver/White,Stick/Minimalist,Stick / Dot,10.007892611890918
https://watchbase.com/rolex/yacht-master/126655-0005,rolex,Yacht-Master,No,Steel,Sapphire,Round,L,Standard,Paved/Diamonds,Traditional/Special,Stick / Dot,10.849356503939038
https://watchbase.com/rolex/yacht-master/116622-0002,rolex,Yacht-Master,No,Steel,Sapphire,Round,L,Standard,Silver/White,Traditional/Special,Stick / Dot,9.34583234141334
https://watchbase.com/rolex/yacht-master/116688-0001,rolex,Yacht-Master,No,Gold Variants,Sapphire,Round,XL,Standard,Silver/White,Stick/Minimalist,Stick / Dot,10.551924982703788
https://watchbase.com/rolex/yacht-master/226658-0001,rolex,Yacht-Master,No,Steel,Sapphire,Round,L,Standard,Black,Traditional/Special,Stick / Dot,10.428245666832275
https://watchbase.com/rolex/yacht-master/116621-0001,rolex,Yacht-Master,No,Steel,Sapphire,Round,L,Standard,Grey/Brown,Traditional/Special,Stick / Dot,9.488047863280759
https://watchbase.com/rolex/yacht-master/168622-0004,rolex,Yacht-Master,No,Platinum,Sapphire,Round,M,Standard,Silver/White,Traditional/Special,Stick / Dot,9.143238568435446
https://watchbase.com/rolex/yacht-master/116655-0001,rolex,Yacht-Master,No,Steel,Sapphire,Round,L,Standard,Black,Traditional/Special,Stick / Dot,10.047631185616188
https://watchbase.com/rolex/yacht-master/226627-0001,rolex,Yacht-Master,No,Steel,Sapphire,Round,L,Standard,Black,Traditional/Special,Stick / Dot,9.642187721358466
https://watchbase.com/rolex/yacht-master/226659-0004,rolex,Yacht-Master,No,Other,Sapphire,Round,L,Standard,Blue,Traditional/Special,Stick / Dot,10.546682644153423
https://watchbase.com/rolex/yacht-master/116688-0002,rolex,Yacht-Master,No,Gold Variants,Sapphire,Round,XL,Standard,Silver/White,Stick/Minimalist,Stick / Dot,10.698762529141884
https://watchbase.com/rolex/yacht-master/126655-0002,rolex,Yacht-Master,No,Steel,Sapphire,Round,L,Standard,Black,Traditional/Special,Stick / Dot,10.413342705547674
https://watchbase.com/rolex/yacht-master/126621-0001,rolex,Yacht-Master,No,Steel,Sapphire,Round,L,Standard,Grey/Brown,Traditional/Special,Stick / Dot,9.800956363888462
https://watchbase.com/rolex/yacht-master/268655-0002,rolex,Yacht-Master,No,Steel,Sapphire,Round,M,Standard,Black,Traditional/Special,Stick / Dot,10.264687244346277
https://watchbase.com/rolex/yacht-master/116680-0001,rolex,Yacht-Master,No,Steel,Sapphire,Round,XL,Standard,Silver/White,Stick/Minimalist,Stick / Dot,9.708141544619421
https://watchbase.com/rolex/yacht-master/268622-0002,rolex,Yacht-Master,No,Steel,Sapphire,Round,M,Standard,Grey/Brown,Traditional/Special,Stick / Dot,9.380167531188448
https://watchbase.com/rolex/yacht-master/116622-0003,rolex,Yacht-Master,No,Steel,Sapphire,Round,L,Standard,Grey/Brown,Traditional/Special,Stick / Dot,9.292012520620208
https://watchbase.com/rolex/yacht-master/226659-0002,rolex,Yacht-Master,No,Gold Variants,Sapphire,Round,L,Standard,Black,Traditional/Special,Stick / Dot,10.474495347310453
https://watchbase.com/rolex/yacht-master/116680-0002,rolex,Yacht-Master,No,Steel,Sapphire,Round,XL,Standard,Silver/White,Other,Stick / Dot,9.852246888342531
https://watchbase.com/rolex/yacht-master/116622-0001,rolex,Yacht-Master,No,Steel,Sapphire,Round,L,Standard,Blue,Traditional/Special,Stick / Dot,9.292012520620208
https://watchbase.com/rolex/yacht-master/126622-0002,rolex,Yacht-Master,No,Steel,Sapphire,Round,L,Standard,Blue,Traditional/Special,Stick / Dot,9.441531454869693
https://watchbase.com/rolex/yacht-master/126622-0001,rolex,Yacht-Master,No,Steel,Sapphire,Round,L,Standard,Grey/Brown,Traditional/Special,Stick / Dot,9.441531454869693
https://watchbase.com/rolex/land-dweller/127285tbr-0002,rolex,Land-Dweller,No,Gold Variants,Sapphire,Round,M,Standard,Silver/White,Stick/Minimalist,Mixed,11.425197467633199
https://watchbase.com/rolex/land-dweller/127286tbr-0001,rolex,Land-Dweller,No,Platinum,Sapphire,Round,M,Standard,Blue,Stick/Minimalist,Mixed,11.47937902264955
https://watchbase.com/rolex/land-dweller/127235-0001,rolex,Land-Dweller,No,Gold Variants,Sapphire,Round,M,Standard,Silver/White,Stick/Minimalist,Mixed,10.685126264117057
https://watchbase.com/rolex/land-dweller/127335-0001,rolex,Land-Dweller,No,Gold Variants,Sapphire,Round,L,Standard,Silver/White,Stick/Minimalist,Mixed,10.774801838762809
https://watchbase.com/rolex/land-dweller/127236-0001,rolex,Land-Dweller,No,Platinum,Sapphire,Round,M,Standard,Blue,Stick/Minimalist,Mixed,11.007103966325696
https://watchbase.com/rolex/land-dweller/127386tbr-0001,rolex,Land-Dweller,No,Platinum,Sapphire,Round,L,Standard,Blue,Stick/Minimalist,Mixed,11.687727151613768
https://watchbase.com/rolex/land-dweller/127336-0001,rolex,Land-Dweller,No,Platinum,Sapphire,Round,L,Standard,Blue,Stick/Minimalist,Mixed,11.079076314320059
https://watchbase.com/rolex/land-dweller/127234-0001,rolex,Land-Dweller,No,Steel,Sapphire,Round,M,Standard,Silver/White,Stick/Minimalist,Mixed,9.581972891547895
https://watchbase.com/rolex/land-dweller/127334-0001,rolex,Land-Dweller,No,Steel,Sapphire,Round,L,Standard,Silver/White,Stick/Minimalist,Mixed,9.645429005150419
https://watchbase.com/rolex/oyster-perpetual/124300-0004,rolex,Oyster Perpetual 41,No,Steel,Sapphire,Round,L,Standard,Colorful,Stick/Minimalist,Stick / Dot,8.665785595466064
https://watchbase.com/rolex/oyster-perpetual/124300-0007,rolex,Oyster Perpetual 41,No,Steel,Sapphire,Round,L,Standard,Colorful,Stick/Minimalist,Stick / Dot,8.665785595466064
https://watchbase.com/rolex/oyster-perpetual/124300-0006,rolex,Oyster Perpetual 41,No,Steel,Sapphire,Round,L,Standard,Other,Stick/Minimalist,Stick / Dot,8.665785595466064
https://watchbase.com/rolex/oyster-perpetual/124300-0008,rolex,Oyster Perpetual 41,No,Steel,Sapphire,Round,L,Standard,Colorful,Stick/Minimalist,Stick / Dot,8.81001204797317
https://watchbase.com/rolex/oyster-perpetual/124300-0001,rolex,Oyster Perpetual 41,No,Steel,Sapphire,Round,L,Standard,Silver/White,Stick/Minimalist,Stick / Dot,8.81001204797317
https://watchbase.com/rolex/oyster-perpetual/124300-0002,rolex,Oyster Perpetual 41,No,Steel,Sapphire,Round,L,Standard,Black,Stick/Minimalist,Stick / Dot,8.81001204797317
https://watchbase.com/rolex/oyster-perpetual/124300-0003,rolex,Oyster Perpetual 41,No,Steel,Sapphire,Round,L,Standard,Blue,Stick/Minimalist,Stick / Dot,8.81001204797317
https://watchbase.com/rolex/oyster-perpetual/124300-0005,rolex,Oyster Perpetual 41,No,Steel,Sapphire,Round,L,Standard,Colorful,Stick/Minimalist,Stick / Dot,8.81001204797317
https://watchbase.com/rolex/oyster-perpetual/134300-0001,rolex,Oyster Perpetual 41,No,Steel,Sapphire,Round,L,Standard,Silver/White,Stick/Minimalist,Stick / Dot,8.81001204797317
https://watchbase.com/rolex/oyster-perpetual/134300-0007,rolex,Oyster Perpetual 41,No,Steel,Sapphire,Round,L,Standard,Black,Stick/Minimalist,Stick / Dot,8.81001204797317
https://watchbase.com/rolex/oyster-perpetual/134300-0004,rolex,Oyster Perpetual 41,No,Steel,Sapphire,Round,L,Standard,Colorful,Stick/Minimalist,Stick / Dot,8.81001204797317
https://watchbase.com/rolex/oyster-perpetual/134300-0006,rolex,Oyster Perpetual 41,No,Steel,Sapphire,Round,L,Standard,Black,Stick/Minimalist,Stick / Dot,8.81001204797317
https://watchbase.com/rolex/oyster-perpetual/134300-0008,rolex,Oyster Perpetual 41,No,Steel,Sapphire,Round,L,Standard,Black,Stick/Minimalist,Stick / Dot,8.81001204797317
https://watchbase.com/rolex/oyster-perpetual/134300-0009,rolex,Oyster Perpetual 41,No,Steel,Sapphire,Round,L,Standard,Black,Stick/Minimalist,Stick / Dot,8.81001204797317
https://watchbase.com/rolex/sky-dweller/326238-0009,rolex,Sky-Dweller,No,Gold Variants,Sapphire,Round,L,Standard,Black,Stick/Minimalist,Stick / Dot,10.622570475119794
https://watchbase.com/rolex/sky-dweller/326138-0008,rolex,Sky-Dweller,No,Gold Variants,Sapphire,Round,L,Standard,Black,Stick/Minimalist,Stick / Dot,10.515993929932415
https://watchbase.com/rolex/sky-dweller/336235-0004,rolex,Sky-Dweller,No,Gold Variants,Sapphire,Round,L,Standard,Grey/Brown,Stick/Minimalist,Stick / Dot,10.806713308080846
https://watchbase.com/rolex/sky-dweller/326933-0010,rolex,Sky-Dweller,No,Steel,Sapphire,Round,L,Standard,Silver/White,Stick/Minimalist,Stick / Dot,9.898525260706313
https://watchbase.com/rolex/sky-dweller/326135-0008,rolex,Sky-Dweller,No,Gold Variants,Sapphire,Round,L,Standard,Grey/Brown,Stick/Minimalist,Stick / Dot,10.55323128448846
https://watchbase.com/rolex/sky-dweller/336933-0005,rolex,Sky-Dweller,No,Steel,Sapphire,Round,L,Standard,Silver/White,Stick/Minimalist,Stick / Dot,9.99884318585288
https://watchbase.com/rolex/sky-dweller/336935-0008,rolex,Sky-Dweller,No,Gold Variants,Sapphire,Round,L,Standard,Grey/Brown,Stick/Minimalist,Stick / Dot,11.003781759319981
https://watchbase.com/rolex/sky-dweller/326934-0006,rolex,Sky-Dweller,No,Steel,Sapphire,Round,L,Standard,Black,Stick/Minimalist,Stick / Dot,9.6678285081515
https://watchbase.com/rolex/sky-dweller/336238-0002,rolex,Sky-Dweller,No,Gold Variants,Sapphire,Round,L,Standard,Black,Stick/Minimalist,Stick / Dot,10.769558098246616
https://watchbase.com/rolex/sky-dweller/336235-0002,rolex,Sky-Dweller,No,Gold Variants,Sapphire,Round,L,Standard,Grey/Brown,Stick/Minimalist,Stick / Dot,10.806713308080846
https://watchbase.com/rolex/sky-dweller/336934-0001,rolex,Sky-Dweller,No,Steel,Sapphire,Round,L,Standard,Colorful,Stick/Minimalist,Stick / Dot,9.729193687429403
https://watchbase.com/rolex/sky-dweller/336933-0006,rolex,Sky-Dweller,No,Steel,Sapphire,Round,L,Standard,Silver/White,Stick/Minimalist,Stick / Dot,10.025749432069084
https://watchbase.com/rolex/sky-dweller/326238-0007,rolex,Sky-Dweller,No,Gold Variants,Sapphire,Round,L,Standard,Silver/White,Stick/Minimalist,Stick / Dot,10.622570475119794
https://watchbase.com/rolex/sky-dweller/336933-0002,rolex,Sky-Dweller,No,Steel,Sapphire,Round,L,Standard,Silver/White,Stick/Minimalist,Stick / Dot,10.025749432069084
https://watchbase.com/rolex/sky-dweller/326938-0001,rolex,Sky-Dweller,No,Gold Variants,Sapphire,Round,L,Standard,Silver/White,Stick/Minimalist,Roman Numerals,10.659633006160352
https://watchbase.com/rolex/sky-dweller/326135-0001,rolex,Sky-Dweller,No,Gold Variants,Sapphire,Round,L,Standard,Grey/Brown,Stick/Minimalist,Roman Numerals,10.505094936455558
https://watchbase.com/rolex/sky-dweller/326935-0003,rolex,Sky-Dweller,No,Gold Variants,Sapphire,Round,L,Standard,Grey/Brown,Stick/Minimalist,Arabic Numerals,10.667815210028436
https://watchbase.com/rolex/sky-dweller/326139-0003,rolex,Sky-Dweller,No,Gold Variants,Sapphire,Round,L,Standard,Black,Stick/Minimalist,Arabic Numerals,10.505094936455558
https://watchbase.com/rolex/sky-dweller/326934-0002,rolex,Sky-Dweller,No,Steel,Sapphire,Round,L,Standard,Silver/White,Stick/Minimalist,Stick / Dot,9.6678285081515
https://watchbase.com/rolex/sky-dweller/336938-0004,rolex,Sky-Dweller,No,Gold Variants,Sapphire,Round,L,Standard,Silver/White,Stick/Minimalist,Stick / Dot,10.947309210188068
https://watchbase.com/rolex/sky-dweller/336238-0003,rolex,Sky-Dweller,No,Gold Variants,Sapphire,Round,L,Standard,Silver/White,Stick/Minimalist,Stick / Dot,10.769558098246616
https://watchbase.com/rolex/sky-dweller/326939-0001,rolex,Sky-Dweller,No,Gold Variants,Sapphire,Round,L,Standard,Silver/White,Stick/Minimalist,Roman Numerals,10.667815210028436
https://watchbase.com/rolex/sky-dweller/326938-0005,rolex,Sky-Dweller,No,Gold Variants,Sapphire,Round,L,Standard,Silver/White,Stick/Minimalist,Stick / Dot,10.659633006160352
https://watchbase.com/rolex/sky-dweller/326939-0002,rolex,Sky-Dweller,No,Gold Variants,Sapphire,Round,L,Standard,Black,Stick/Minimalist,Arabic Numerals,10.667815210028436
https://watchbase.com/rolex/sky-dweller/326135-0004,rolex,Sky-Dweller,No,Gold Variants,Sapphire,Round,L,Standard,Colorful,Stick/Minimalist,Roman Numerals,10.505094936455558
https://watchbase.com/rolex/sky-dweller/336933-0003,rolex,Sky-Dweller,No,Steel,Sapphire,Round,L,Standard,Black,Stick/Minimalist,Stick / Dot,9.99884318585288
https://watchbase.com/rolex/sky-dweller/336935-0005,rolex,Sky-Dweller,No,Gold Variants,Sapphire,Round,L,Standard,Blue,Stick/Minimalist,Stick / Dot,11.003781759319981
https://watchbase.com/rolex/sky-dweller/326938-0003,rolex,Sky-Dweller,No,Gold Variants,Sapphire,Round,L,Standard,Silver/White,Stick/Minimalist,Stick / Dot,10.659633006160352
https://watchbase.com/rolex/sky-dweller/326935-0004,rolex,Sky-Dweller,No,Gold Variants,Sapphire,Round,L,Standard,Colorful,Stick/Minimalist,Roman Numerals,10.667815210028436
https://watchbase.com/rolex/sky-dweller/326934-0001,rolex,Sky-Dweller,No,Steel,Sapphire,Round,L,Standard,Silver/White,Stick/Minimalist,Arabic Numerals,9.651880224221337
https://watchbase.com/rolex/sky-dweller/336934-0008,rolex,Sky-Dweller,No,Steel,Sapphire,Round,L,Standard,Black,Stick/Minimalist,Stick / Dot,9.741027444837728
https://watchbase.com/rolex/sky-dweller/326934-0005,rolex,Sky-Dweller,No,Steel,Sapphire,Round,L,Standard,Black,Stick/Minimalist,Arabic Numerals,9.651880224221337
https://watchbase.com/rolex/sky-dweller/336934-0004,rolex,Sky-Dweller,No,Steel,Sapphire,Round,L,Standard,Silver/White,Stick/Minimalist,Stick / Dot,9.741027444837728
https://watchbase.com/rolex/sky-dweller/326934-0004,rolex,Sky-Dweller,No,Steel,Sapphire,Round,L,Standard,Blue,Stick/Minimalist,Stick / Dot,9.6678285081515
https://watchbase.com/rolex/sky-dweller/326235-0005,rolex,Sky-Dweller,No,Gold Variants,Sapphire,Round,L,Standard,Grey/Brown,Stick/Minimalist,Stick / Dot,10.660805999303808
https://watchbase.com/rolex/sky-dweller/326933-0002,rolex,Sky-Dweller,No,Steel,Sapphire,Round,L,Standard,Black,Stick/Minimalist,Stick / Dot,9.865318286418624
https://watchbase.com/rolex/sky-dweller/326938-0004,rolex,Sky-Dweller,No,Gold Variants,Sapphire,Round,L,Standard,Black,Stick/Minimalist,Stick / Dot,10.659633006160352
https://watchbase.com/rolex/sky-dweller/336935-0006,rolex,Sky-Dweller,No,Gold Variants,Sapphire,Round,L,Standard,Grey/Brown,Stick/Minimalist,Stick / Dot,11.003781759319981
https://watchbase.com/rolex/sky-dweller/336934-0005,rolex,Sky-Dweller,No,Steel,Sapphire,Round,L,Standard,Blue,Stick/Minimalist,Stick / Dot,9.729193687429403
https://watchbase.com/rolex/sky-dweller/336934-0007,rolex,Sky-Dweller,No,Steel,Sapphire,Round,L,Standard,Black,Stick/Minimalist,Stick / Dot,9.729193687429403
https://watchbase.com/rolex/sky-dweller/326933-0001,rolex,Sky-Dweller,No,Steel,Sapphire,Round,L,Standard,Silver/White,Stick/Minimalist,Arabic Numerals,9.865318286418624
https://watchbase.com/rolex/sky-dweller/326934-0003,rolex,Sky-Dweller,No,Steel,Sapphire,Round,L,Standard,Blue,Stick/Minimalist,Stick / Dot,9.651880224221337
https://watchbase.com/rolex/sky-dweller/336238-0004,rolex,Sky-Dweller,No,Gold Variants,Sapphire,Round,L,Standard,Black,Stick/Minimalist,Stick / Dot,10.769558098246616
https://watchbase.com/rolex/sky-dweller/336938-0007,rolex,Sky-Dweller,No,Gold Variants,Sapphire,Round,L,Standard,Colorful,Stick/Minimalist,Stick / Dot,10.925956465688445
https://watchbase.com/rolex/sky-dweller/336934-0002,rolex,Sky-Dweller,No,Steel,Sapphire,Round,L,Standard,Colorful,Stick/Minimalist,Stick / Dot,9.741027444837728
https://watchbase.com/rolex/sky-dweller/336938-0008,rolex,Sky-Dweller,No,Gold Variants,Sapphire,Round,L,Standard,Colorful,Stick/Minimalist,Stick / Dot,10.947309210188068
https://watchbase.com/rolex/sky-dweller/336934-0006,rolex,Sky-Dweller,No,Steel,Sapphire,Round,L,Standard,Blue,Stick/Minimalist,Stick / Dot,9.741027444837728
https://watchbase.com/rolex/submariner/116618ln-0001,rolex,Submariner,No,Gold Variants,Sapphire,Round,L,Professional,Black,Traditional/Special,Stick / Dot,10.434145214930487
https://watchbase.com/rolex/submariner/126618lb-0002,rolex,Submariner,No,Gold Variants,Sapphire,Round,L,Professional,Blue,Traditional/Special,Stick / Dot,10.714439990727769
https://watchbase.com/rolex/submariner/126618ln-0002,rolex,Submariner,No,Gold Variants,Sapphire,Round,L,Professional,Black,Traditional/Special,Stick / Dot,10.714439990727769
https://watchbase.com/rolex/submariner/126613ln-0002,rolex,Submariner,No,Steel,Sapphire,Round,L,Professional,Black,Traditional/Special,Stick / Dot,9.784197131344804
https://watchbase.com/rolex/submariner/116619lb-0001,rolex,Submariner,No,Gold Variants,Sapphire,Round,L,Professional,Blue,Traditional/Special,Stick / Dot,10.43708198835482
https://watchbase.com/rolex/submariner/116618lb-0003,rolex,Submariner,No,Gold Variants,Sapphire,Round,L,Professional,Blue,Traditional/Special,Stick / Dot,10.434145214930487
https://watchbase.com/rolex/submariner/116613ln-0001,rolex,Submariner,No,Steel,Sapphire,Round,L,Professional,Black,Traditional/Special,Stick / Dot,9.503084610020228
https://watchbase.com/rolex/submariner/126619lb-0003,rolex,Submariner,No,Gold Variants,Sapphire,Round,L,Professional,Black,Traditional/Special,Stick / Dot,10.78727575364831
https://watchbase.com/rolex/submariner/126613lb-0002,rolex,Submariner,No,Steel,Sapphire,Round,L,Professional,Blue,Traditional/Special,Stick / Dot,9.784197131344804
https://watchbase.com/rolex/submariner/116613lb-0005,rolex,Submariner,No,Steel,Sapphire,Round,L,Professional,Blue,Traditional/Special,Stick / Dot,9.503084610020228
https://watchbase.com/rolex/submariner/126610ln-0001,rolex,Submariner,No,Steel,Sapphire,Round,L,Professional,Black,Traditional/Special,Stick / Dot,9.287394001418473
https://watchbase.com/rolex/submariner/126610lv-0002,rolex,Submariner,No,Steel,Sapphire,Round,L,Professional,Black,Traditional/Special,Stick / Dot,9.32375833901174
https://watchbase.com/rolex/submariner/114060-0002,rolex,Submariner,No,Steel,Sapphire,Round,L,Professional,Black,Traditional/Special,Stick / Dot,8.922791623969637
https://watchbase.com/rolex/submariner/116610ln-0001,rolex,Submariner,No,Steel,Sapphire,Round,L,Professional,Black,Traditional/Special,Stick / Dot,9.04793908261736
https://watchbase.com/rolex/submariner/116610lv-0002,rolex,Submariner,No,Steel,Sapphire,Round,L,Professional,Colorful,Traditional/Special,Stick / Dot,9.093918908958932
https://watchbase.com/rolex/submariner/124060-0001,rolex,Submariner,No,Steel,Sapphire,Round,L,Professional,Black,Traditional/Special,Stick / Dot,9.169622538697624
https://watchbase.com/rolex/day-date-40/228348rbr-0042,rolex,Day-Date 40,No,Gold Variants,Sapphire,Round,L,Standard,Silver/White,Stick/Minimalist,Stick / Dot,10.968215530759236
https://watchbase.com/rolex/day-date-40/228239-0005,rolex,Day-Date 40,No,Gold Variants,Sapphire,Round,L,Standard,Black,Stick/Minimalist,Gem-Set Indexes,10.774801838762809
https://watchbase.com/rolex/day-date-40/228206-0002,rolex,Day-Date 40,No,Platinum,Sapphire,Round,L,Standard,Blue,Stick/Minimalist,Gem-Set Indexes,11.032483545838678
https://watchbase.com/rolex/day-date-40/228349rbr-0001,rolex,Day-Date 40,No,Gold Variants,Sapphire,Round,L,Standard,Silver/White,Stick/Minimalist,Gem-Set Indexes,11.091346218718432
https://watchbase.com/rolex/day-date-40/228235-0036,rolex,Day-Date 40,No,Gold Variants,Sapphire,Round,L,Standard,Paved/Diamonds,Stick/Minimalist,Gem-Set Indexes,11.107975224295076
https://watchbase.com/rolex/day-date-40/228235-0002,rolex,Day-Date 40,No,Gold Variants,Sapphire,Round,L,Standard,Grey/Brown,Stick/Minimalist,Roman Numerals,10.673618922112436
https://watchbase.com/rolex/day-date-40/228235-0004,rolex,Day-Date 40,No,Gold Variants,Sapphire,Round,L,Standard,Grey/Brown,Stick/Minimalist,Gem-Set Indexes,10.774801838762809
https://watchbase.com/rolex/day-date-40/228236-0011,rolex,Day-Date 40,No,Platinum,Sapphire,Round,L,Standard,Silver/White,Stick/Minimalist,Gem-Set Indexes,11.210481638644469
https://watchbase.com/rolex/day-date-40/228345rbr-0016,rolex,Day-Date 40,No,Gold Variants,Sapphire,Round,L,Standard,Black,Stick/Minimalist,Gem-Set Indexes,11.181653682515929
https://watchbase.com/rolex/day-date-40/228206-0031,rolex,Day-Date 40,No,Platinum,Sapphire,Round,L,Standard,Black,Stick/Minimalist,Stick / Dot,10.96302978336854
https://watchbase.com/rolex/day-date-40/228345rbr-0006,rolex,Day-Date 40,No,Gold Variants,Sapphire,Round,L,Standard,Grey/Brown,Stick/Minimalist,Gem-Set Indexes,11.091346218718432
https://watchbase.com/rolex/day-date-40/228239-0033,rolex,Day-Date 40,No,Gold Variants,Sapphire,Round,L,Standard,Colorful,Stick/Minimalist,Roman Numerals,10.673618922112436
https://watchbase.com/rolex/day-date-40/228238-0042,rolex,Day-Date 40,No,Gold Variants,Sapphire,Round,L,Standard,Silver/White,Stick/Minimalist,Roman Numerals,10.599156550639583
https://watchbase.com/rolex/day-date-40/228239-0002,rolex,Day-Date 40,No,Gold Variants,Sapphire,Round,L,Standard,Grey/Brown,Stick/Minimalist,Stick / Dot,10.526775414924009
https://watchbase.com/rolex/day-date-40/228239-0001,rolex,Day-Date 40,No,Gold Variants,Sapphire,Round,L,Standard,Silver/White,Stick/Minimalist,Stick / Dot,10.526775414924009
https://watchbase.com/rolex/day-date-40/228238-0002,rolex,Day-Date 40,No,Gold Variants,Sapphire,Round,L,Standard,Silver/White,Stick/Minimalist,Roman Numerals,10.599156550639583
https://watchbase.com/rolex/day-date-40/228235-0032,rolex,Day-Date 40,No,Gold Variants,Sapphire,Round,L,Standard,Silver/White,Stick/Minimalist,Roman Numerals,10.673618922112436
https://watchbase.com/rolex/day-date-40/228206-0001,rolex,Day-Date 40,No,Platinum,Sapphire,Round,L,Standard,Blue,Stick/Minimalist,Roman Numerals,10.96302978336854
https://watchbase.com/rolex/day-date-40/228235-0006,rolex,Day-Date 40,No,Gold Variants,Sapphire,Round,L,Standard,Grey/Brown,Stick/Minimalist,Stick / Dot,10.526775414924009
https://watchbase.com/rolex/day-date-40/228238-0067,rolex,Day-Date 40,No,Gold Variants,Sapphire,Round,L,Standard,Black,Stick/Minimalist,Stick / Dot,10.599156550639583
https://watchbase.com/rolex/day-date-40/228235-0053,rolex,Day-Date 40,No,Gold Variants,Sapphire,Round,L,Standard,Grey/Brown,Stick/Minimalist,Roman Numerals,10.673618922112436
https://watchbase.com/rolex/day-date-40/228238-0061,rolex,Day-Date 40,No,Gold Variants,Sapphire,Round,L,Standard,Colorful,Stick/Minimalist,Roman Numerals,10.599156550639583
https://watchbase.com/rolex/day-date-40/228206-0011,rolex,Day-Date 40,No,Platinum,Sapphire,Round,L,Standard,Grey/Brown,Stick/Minimalist,Roman Numerals,10.96302978336854
https://watchbase.com/rolex/day-date-40/228239-0060,rolex,Day-Date 40,No,Gold Variants,Sapphire,Round,L,Standard,Grey/Brown,Stick/Minimalist,Stick / Dot,10.673618922112436
https://watchbase.com/rolex/day-date-40/228239-0055,rolex,Day-Date 40,No,Gold Variants,Sapphire,Round,L,Standard,Grey/Brown,Stick/Minimalist,Gem-Set Indexes,10.87049040995193
https://watchbase.com/rolex/day-date-40/228239-0004,rolex,Day-Date 40,No,Gold Variants,Sapphire,Round,L,Standard,Black,Stick/Minimalist,Stick / Dot,10.673618922112436
https://watchbase.com/rolex/day-date-40/228239-0007,rolex,Day-Date 40,No,Gold Variants,Sapphire,Round,L,Standard,Blue,Stick/Minimalist,Roman Numerals,10.673618922112436
https://watchbase.com/rolex/day-date-40/228239-0006,rolex,Day-Date 40,No,Gold Variants,Sapphire,Round,L,Standard,Silver/White,Stick/Minimalist,Roman Numerals,10.526775414924009
https://watchbase.com/rolex/day-date-40/228238-0006,rolex,Day-Date 40,No,Gold Variants,Sapphire,Round,L,Standard,Silver/White,Stick/Minimalist,Roman Numerals,10.599156550639583
https://watchbase.com/rolex/day-date-40/228235-0005,rolex,Day-Date 40,No,Gold Variants,Sapphire,Round,L,Standard,Grey/Brown,Stick/Minimalist,Stick / Dot,10.526775414924009
https://watchbase.com/rolex/day-date-40/228235-0045,rolex,Day-Date 40,No,Gold Variants,Sapphire,Round,L,Standard,Black,Stick/Minimalist,Gem-Set Indexes,10.896757843893464
https://watchbase.com/rolex/day-date-40/228348rbr-0001,rolex,Day-Date 40,No,Gold Variants,Sapphire,Round,L,Standard,Black,Stick/Minimalist,Gem-Set Indexes,11.044536531401494
https://watchbase.com/rolex/day-date-40/228396tbr-0039,rolex,Day-Date 40,No,Platinum,Sapphire,Round,L,Standard,Blue,Stick/Minimalist,Stick / Dot,11.643962499267984
https://watchbase.com/rolex/day-date-40/228236-0003,rolex,Day-Date 40,No,Platinum,Sapphire,Round,L,Standard,Black,Stick/Minimalist,Stick / Dot,11.07443600653965
https://watchbase.com/rolex/day-date-40/228238-0005,rolex,Day-Date 40,No,Gold Variants,Sapphire,Round,L,Standard,Silver/White,Stick/Minimalist,Gem-Set Indexes,10.707751151716078
https://watchbase.com/rolex/day-date-40/228235-0003,rolex,Day-Date 40,No,Gold Variants,Sapphire,Round,L,Standard,Grey/Brown,Stick/Minimalist,Gem-Set Indexes,10.774801838762809
https://watchbase.com/rolex/day-date-40/228238-0007,rolex,Day-Date 40,No,Gold Variants,Sapphire,Round,L,Standard,Black,Stick/Minimalist,Stick / Dot,10.457401400981889
https://watchbase.com/rolex/day-date-40/228235-0056,rolex,Day-Date 40,No,Gold Variants,Sapphire,Round,L,Standard,Silver/White,Stick/Minimalist,Gem-Set Indexes,10.796530128090472
https://watchbase.com/rolex/day-date-40/228236-0018,rolex,Day-Date 40,No,Platinum,Sapphire,Round,L,Standard,Blue,Stick/Minimalist,Stick / Dot,11.07443600653965
https://watchbase.com/rolex/day-date-40/228236-0006,rolex,Day-Date 40,No,Platinum,Sapphire,Round,L,Standard,Blue,Stick/Minimalist,Gem-Set Indexes,11.143324481431074
https://watchbase.com/rolex/day-date-40/228238-0004,rolex,Day-Date 40,No,Gold Variants,Sapphire,Round,L,Standard,Black,Stick/Minimalist,Gem-Set Indexes,10.707751151716078
https://watchbase.com/rolex/day-date-40/228235-0055,rolex,Day-Date 40,No,Gold Variants,Sapphire,Round,L,Standard,Grey/Brown,Stick/Minimalist,Roman Numerals,10.673618922112436
https://watchbase.com/rolex/day-date-40/228238-0008,rolex,Day-Date 40,No,Gold Variants,Sapphire,Round,L,Standard,Silver/White,Stick/Minimalist,Roman Numerals,10.457401400981889
https://watchbase.com/rolex/day-date-40/228238-0003,rolex,Day-Date 40,No,Gold Variants,Sapphire,Round,L,Standard,Silver/White,Stick/Minimalist,Stick / Dot,10.599156550639583
https://watchbase.com/rolex/day-date-40/228239-0076,rolex,Day-Date 40,No,Gold Variants,Sapphire,Round,L,Standard,Blue,Stick/Minimalist,Mixed,10.673618922112436
https://watchbase.com/rolex/day-date-40/228348rbr-0046,rolex,Day-Date 40,No,Gold Variants,Sapphire,Round,L,Standard,Silver/White,Stick/Minimalist,Gem-Set Indexes,11.061170314781226
https://watchbase.com/rolex/day-date-40/228206-0004,rolex,Day-Date 40,No,Platinum,Sapphire,Round,L,Standard,Blue,Stick/Minimalist,Stick / Dot,10.96302978336854
https://watchbase.com/rolex/day-date-40/228235-0025,rolex,Day-Date 40,No,Gold Variants,Sapphire,Round,L,Standard,Colorful,Stick/Minimalist,Roman Numerals,10.673618922112436
https://watchbase.com/rolex/day-date-40/228238-0069,rolex,Day-Date 40,No,Gold Variants,Sapphire,Round,L,Standard,Colorful,Stick/Minimalist,Mixed,10.599156550639583
https://watchbase.com/rolex/gmt-master/126718grnr-0001,rolex,GMT-Master,No,Steel,Sapphire,Round,L,Standard,Black,Other,Stick / Dot,10.714439990727769
https://watchbase.com/rolex/gmt-master/116719blro-0001,rolex,GMT-Master,No,Gold Variants,Sapphire,Round,L,Standard,Black,Other,Stick / Dot,10.474495347310453
https://watchbase.com/rolex/gmt-master/126719blro-0003,rolex,GMT-Master,No,Gold Variants,Sapphire,Round,L,Standard,Blue,Other,Stick / Dot,10.757924157061597
https://watchbase.com/rolex/gmt-master/116719blro-0002,rolex,GMT-Master,No,Gold Variants,Sapphire,Round,L,Standard,Blue,Other,Stick / Dot,10.431199791458543
https://watchbase.com/rolex/gmt-master/126719blro-0002,rolex,GMT-Master,No,Gold Variants,Sapphire,Round,L,Standard,Silver/White,Other,Stick / Dot,10.806713308080846
https://watchbase.com/rolex/gmt-master/126720vtnr-0001,rolex,GMT-Master,No,Steel,Sapphire,Round,L,Standard,Black,Other,Stick / Dot,9.371693622333941
https://watchbase.com/rolex/gmt-master/126713grnr-0001,rolex,GMT-Master,No,Steel,Sapphire,Round,L,Standard,Black,Other,Stick / Dot,9.833655042937448
https://watchbase.com/rolex/gmt-master/126710blro-0002,rolex,GMT-Master,No,Steel,Sapphire,Round,L,Standard,Black,Other,Stick / Dot,9.32375833901174
https://watchbase.com/rolex/gmt-master/116718ln-0001,rolex,GMT-Master,No,Gold Variants,Sapphire,Round,L,Standard,Black,Other,Stick / Dot,10.332050506334692
https://watchbase.com/rolex/gmt-master/126715chnr-0001,rolex,GMT-Master,No,Gold Variants,Sapphire,Round,L,Standard,Black,Other,Stick / Dot,10.757924157061597
https://watchbase.com/rolex/gmt-master/126710blnr-0003,rolex,GMT-Master,No,Steel,Sapphire,Round,L,Standard,Black,Other,Stick / Dot,9.32375833901174
https://watchbase.com/rolex/gmt-master/116718ln-0002,rolex,GMT-Master,No,Gold Variants,Sapphire,Round,L,Standard,Colorful,Other,Stick / Dot,10.332050506334692
https://watchbase.com/rolex/gmt-master/126711chnr-0002,rolex,GMT-Master,No,Steel,Sapphire,Round,L,Standard,Black,Other,Stick / Dot,9.817439347910675
https://watchbase.com/rolex/gmt-master/126710grnr-0004,rolex,GMT-Master,No,Steel,Sapphire,Round,L,Standard,Black,Other,Stick / Dot,9.32375833901174
https://watchbase.com/rolex/gmt-master/126710grnr-0003,rolex,GMT-Master,No,Steel,Sapphire,Round,L,Standard,Black,Other,Stick / Dot,9.34583234141334
https://watchbase.com/rolex/gmt-master/126720vtnr-0002,rolex,GMT-Master,No,Steel,Sapphire,Round,L,Standard,Black,Other,Stick / Dot,9.392745258631441
https://watchbase.com/rolex/gmt-master/116713ln-0001,rolex,GMT-Master,No,Steel,Sapphire,Round,L,Standard,Black,Other,Stick / Dot,9.396902923027392
https://watchbase.com/rolex/gmt-master/126718grnr-0002,rolex,GMT-Master,No,Other,Sapphire,Round,L,Standard,Colorful,Other,Stick / Dot,10.804684950962628
https://watchbase.com/rolex/gmt-master/126715chnr-0002,rolex,GMT-Master,No,Gold Variants,Sapphire,Round,L,Standard,Colorful,Other,Stick / Dot,10.844490409005417
https://watchbase.com/rolex/gmt-master/126710blnr-0002,rolex,GMT-Master,No,Steel,Sapphire,Round,L,Standard,Black,Other,Stick / Dot,9.34583234141334
https://watchbase.com/rolex/gmt-master/116710blnr-0002,rolex,GMT-Master,No,Steel,Sapphire,Round,L,Standard,Black,Other,Stick / Dot,9.018089684104343
https://watchbase.com/rolex/gmt-master/126710blro-0001,rolex,GMT-Master,No,Steel,Sapphire,Round,L,Standard,Black,Other,Stick / Dot,9.34583234141334
https://watchbase.com/rolex/gmt-master/126729vtnr-0001,rolex,GMT-Master,No,Steel,Sapphire,Round,L,Standard,Colorful,Other,Stick / Dot,10.788308256940795
https://watchbase.com/rolex/gmt-master/116710ln-0001,rolex,GMT-Master,No,Steel,Sapphire,Round,L,Standard,Black,Other,Stick / Dot,8.955577146281511
https://watchbase.com/rolex/datejust-41/126301-0002,rolex,Datejust 41,No,Steel,Sapphire,Round,L,Standard,Grey/Brown,Stick/Minimalist,Stick / Dot,9.717218213494077
https://watchbase.com/rolex/datejust-41/126331-0009,rolex,Datejust 41,No,Steel,Sapphire,Round,L,Standard,Colorful,Stick/Minimalist,Stick / Dot,9.683526431913219
https://watchbase.com/rolex/datejust-41/126303-0019,rolex,Datejust 41,No,Steel,Sapphire,Round,L,Standard,Grey/Brown,Stick/Minimalist,Roman Numerals,9.642187721358466
https://watchbase.com/rolex/datejust-41/126334-0006,rolex,Datejust 41,No,Steel,Sapphire,Round,L,Standard,Grey/Brown,Stick/Minimalist,Gem-Set Indexes,9.491828300264636
https://watchbase.com/rolex/datejust-41/126333-0015,rolex,Datejust 41,No,Steel,Sapphire,Round,L,Standard,Silver/White,Stick/Minimalist,Stick / Dot,9.645429005150419
https://watchbase.com/rolex/datejust-41/126301-0003,rolex,Datejust 41,No,Steel,Sapphire,Round,L,Standard,Grey/Brown,Stick/Minimalist,Gem-Set Indexes,9.798182590890704
https://watchbase.com/rolex/datejust-41/126300-0021,rolex,Datejust 41,No,Steel,Sapphire,Round,L,Standard,Colorful,Stick/Minimalist,Stick / Dot,9.042040056544483
https://watchbase.com/rolex/datejust-41/126331-0014,rolex,Datejust 41,No,Synthetic,Sapphire,Round,L,Standard,Silver/White,Stick/Minimalist,Gem-Set Indexes,9.674137279312397
https://watchbase.com/rolex/datejust-41/126333-0019,rolex,Datejust 41,No,Steel,Sapphire,Round,L,Standard,Grey/Brown,Stick/Minimalist,Roman Numerals,9.645429005150419
https://watchbase.com/rolex/datejust-41/126334-0005,rolex,Datejust 41,No,Steel,Sapphire,Round,L,Standard,Grey/Brown,Stick/Minimalist,Gem-Set Indexes,9.476620038167528
https://watchbase.com/rolex/datejust-41/126300-0020,rolex,Datejust 41,No,Steel,Sapphire,Round,L,Standard,Colorful,Stick/Minimalist,Stick / Dot,9.076923258535832
https://watchbase.com/rolex/datejust-41/126331-0015,rolex,Datejust 41,No,Steel,Sapphire,Round,L,Standard,Grey/Brown,Stick/Minimalist,Roman Numerals,9.683526431913219
https://watchbase.com/rolex/datejust-41/126333-0020,rolex,Datejust 41,No,Steel,Sapphire,Round,L,Standard,Grey/Brown,Stick/Minimalist,Roman Numerals,9.692828247710418
https://watchbase.com/rolex/datejust-41/126333-0010,rolex,Datejust 41,No,Steel,Sapphire,Round,L,Standard,Silver/White,Stick/Minimalist,Stick / Dot,9.692828247710418
https://watchbase.com/rolex/datejust-41/126300-0019,rolex,Datejust 41,No,Steel,Sapphire,Round,L,Standard,Colorful,Stick/Minimalist,Stick / Dot,9.053803514155955
https://watchbase.com/rolex/datejust-41/126334-0027,rolex,Datejust 41,No,Steel,Sapphire,Round,L,Standard,Colorful,Stick/Minimalist,Roman Numerals,9.305741456739435
https://watchbase.com/rolex/datejust-41/126334-0003,rolex,Datejust 41,No,Steel,Sapphire,Round,L,Standard,Silver/White,Stick/Minimalist,Stick / Dot,9.305741456739435
https://watchbase.com/rolex/datejust-41/126331-0010,rolex,Datejust 41,No,Steel,Sapphire,Round,L,Standard,Colorful,Stick/Minimalist,Stick / Dot,9.723223876851618
https://watchbase.com/rolex/datejust-41/126333-0006,rolex,Datejust 41,No,Steel,Sapphire,Round,L,Standard,Black,Stick/Minimalist,Gem-Set Indexes,9.811975152030021
https://watchbase.com/rolex/datejust-41/126334-0019,rolex,Datejust 41,No,Synthetic,Sapphire,Round,L,Standard,Silver/White,Stick/Minimalist,Gem-Set Indexes,9.401043372798053
https://watchbase.com/rolex/datejust-41/126334-0011,rolex,Datejust 41,No,Steel,Sapphire,Round,L,Standard,Black,Stick/Minimalist,Gem-Set Indexes,9.476620038167528
https://watchbase.com/rolex/datejust-41/126334-0022,rolex,Datejust 41,No,Steel,Sapphire,Round,L,Standard,Grey/Brown,Stick/Minimalist,Roman Numerals,9.32375833901174
https://watchbase.com/rolex/datejust-41/126334-0010,rolex,Datejust 41,No,Steel,Sapphire,Round,L,Standard,Silver/White,Stick/Minimalist,Stick / Dot,9.32375833901174
https://watchbase.com/rolex/datejust-41/126300-0002,rolex,Datejust 41,No,Steel,Sapphire,Round,L,Standard,Blue,Stick/Minimalist,Stick / Dot,9.076923258535832
https://watchbase.com/rolex/datejust-41/126301-0001,rolex,Datejust 41,No,Steel,Sapphire,Round,L,Standard,Grey/Brown,Stick/Minimalist,Stick / Dot,9.677276802172448
https://watchbase.com/rolex/datejust-41/126300-0024,rolex,Datejust 41,No,Steel,Sapphire,Round,L,Standard,Blue,Stick/Minimalist,Stick / Dot,9.065430200180375
https://watchbase.com/rolex/datejust-41/126334-0021,rolex,Datejust 41,No,Steel,Sapphire,Round,L,Standard,Grey/Brown,Stick/Minimalist,Roman Numerals,9.305741456739435
https://watchbase.com/rolex/datejust-41/126333-0014,rolex,Datejust 41,No,Steel,Sapphire,Round,L,Standard,Black,Stick/Minimalist,Stick / Dot,9.692828247710418
https://watchbase.com/rolex/datejust-41/126331-0008,rolex,Datejust 41,No,Steel,Sapphire,Round,L,Standard,Colorful,Stick/Minimalist,Gem-Set Indexes,9.839002363309719
https://watchbase.com/rolex/datejust-41/126334-0028,rolex,Datejust 41,No,Steel,Sapphire,Round,L,Standard,Colorful,Stick/Minimalist,Stick / Dot,9.32375833901174
https://watchbase.com/rolex/datejust-41/126334-0004,rolex,Datejust 41,No,Steel,Sapphire,Round,L,Standard,Silver/White,Stick/Minimalist,Stick / Dot,9.32375833901174
https://watchbase.com/rolex/datejust-41/126331-0001,rolex,Datejust 41,No,Steel,Sapphire,Round,L,Standard,Grey/Brown,Stick/Minimalist,Stick / Dot,9.683526431913219
https://watchbase.com/rolex/datejust-41/126334-0002,rolex,Datejust 41,No,Steel,Sapphire,Round,L,Standard,Blue,Stick/Minimalist,Stick / Dot,9.32375833901174
https://watchbase.com/rolex/datejust-41/126334-0016,rolex,Datejust 41,No,Steel,Sapphire,Round,L,Standard,Blue,Stick/Minimalist,Gem-Set Indexes,9.491828300264636
https://watchbase.com/rolex/datejust-41/126300-0001,rolex,Datejust 41,No,Steel,Sapphire,Round,L,Standard,Blue,Stick/Minimalist,Stick / Dot,9.053803514155955
https://watchbase.com/rolex/datejust-41/126300-0006,rolex,Datejust 41,No,Steel,Sapphire,Round,L,Standard,Silver/White,Stick/Minimalist,Stick / Dot,9.076923258535832
https://watchbase.com/rolex/datejust-41/126331-0004,rolex,Datejust 41,No,Steel,Sapphire,Round,L,Standard,Grey/Brown,Stick/Minimalist,Gem-Set Indexes,9.839002363309719
https://watchbase.com/rolex/datejust-41/126300-0008,rolex,Datejust 41,No,Steel,Sapphire,Round,L,Standard,Grey/Brown,Stick/Minimalist,Stick / Dot,9.076923258535832
https://watchbase.com/rolex/datejust-41/126300-0014,rolex,Datejust 41,No,Steel,Sapphire,Round,L,Standard,Grey/Brown,Stick/Minimalist,Roman Numerals,9.076923258535832
https://watchbase.com/rolex/datejust-41/126331-0007,rolex,Datejust 41,No,Steel,Sapphire,Round,L,Standard,Colorful,Stick/Minimalist,Gem-Set Indexes,9.803722464346553
https://watchbase.com/rolex/datejust-41/126331-0002,rolex,Datejust 41,No,Steel,Sapphire,Round,L,Standard,Grey/Brown,Stick/Minimalist,Stick / Dot,9.723223876851618
https://watchbase.com/rolex/datejust-41/126300-0013,rolex,Datejust 41,No,Steel,Sapphire,Round,L,Standard,Grey/Brown,Stick/Minimalist,Roman Numerals,9.053803514155955
https://watchbase.com/rolex/datejust-41/126334-0032,rolex,Datejust 41,No,Steel,Sapphire,Round,L,Standard,Blue,Stick/Minimalist,Stick / Dot,9.296609807128359
https://watchbase.com/rolex/datejust-41/126334-0018,rolex,Datejust 41,No,Steel,Sapphire,Round,L,Standard,Black,Stick/Minimalist,Stick / Dot,9.32375833901174
https://watchbase.com/rolex/datejust-41/126334-0001,rolex,Datejust 41,No,Steel,Sapphire,Round,L,Standard,Blue,Stick/Minimalist,Stick / Dot,9.305741456739435
https://watchbase.com/rolex/datejust-41/126333-0018,rolex,Datejust 41,No,Synthetic,Sapphire,Round,L,Standard,Silver/White,Stick/Minimalist,Gem-Set Indexes,9.648659816955295
https://watchbase.com/rolex/datejust-41/126300-0005,rolex,Datejust 41,No,Steel,Sapphire,Round,L,Standard,Silver/White,Stick/Minimalist,Stick / Dot,9.053803514155955
https://watchbase.com/rolex/datejust-41/126334-0014,rolex,Datejust 41,No,Steel,Sapphire,Round,L,Standard,Grey/Brown,Stick/Minimalist,Stick / Dot,9.32375833901174
https://watchbase.com/rolex/datejust-41/126334-0017,rolex,Datejust 41,No,Steel,Sapphire,Round,L,Standard,Black,Stick/Minimalist,Stick / Dot,9.278092474027002
https://watchbase.com/rolex/datejust-41/126300-0011,rolex,Datejust 41,No,Steel,Sapphire,Round,L,Standard,Black,Stick/Minimalist,Stick / Dot,9.053803514155955
https://watchbase.com/rolex/daytona/126518ln-0004,rolex,Daytona,No,Steel,Sapphire,Round,L,Standard,Black,Stick/Minimalist,Stick / Dot,10.537441898283253
https://watchbase.com/rolex/lady-datejust/279163-0006,rolex,Lady-Datejust,No,Steel,Sapphire,Round,XS,Standard,Silver/White,Stick/Minimalist,Stick / Dot,9.036106025364846
https://watchbase.com/rolex/lady-datejust/279163-0014,rolex,Lady-Datejust,No,Synthetic,Sapphire,Round,XS,Standard,Silver/White,Stick/Minimalist,Gem-Set Indexes,9.514215624322715
https://watchbase.com/rolex/lady-datejust/279161-0006,rolex,Lady-Datejust,No,Steel,Sapphire,Round,XS,Standard,Colorful,Stick/Minimalist,Roman Numerals,9.071193240566025
https://watchbase.com/rolex/lady-datejust/279174-0002,rolex,Lady-Datejust,No,Steel,Sapphire,Round,XS,Standard,Colorful,Stick/Minimalist,Stick / Dot,8.824824939175638
https://watchbase.com/rolex/lady-datejust/279173-0011,rolex,Lady-Datejust,No,Steel,Sapphire,Round,XS,Standard,Silver/White,Stick/Minimalist,Gem-Set Indexes,9.539716058977092
https://watchbase.com/rolex/lady-datejust/279135rbr-0004,rolex,Lady-Datejust,No,Gold Variants,Sapphire,Round,XS,Standard,Colorful,Stick/Minimalist,Gem-Set Indexes,10.49684202174171
https://watchbase.com/rolex/lady-datejust/179161-0037,rolex,Lady-Datejust,No,Steel,Sapphire,Round,XS,Standard,Silver/White,Stick/Minimalist,Gem-Set Indexes,9.220389707829185
https://watchbase.com/rolex/lady-datejust/279135rbr-0025,rolex,Lady-Datejust,No,Gold Variants,Sapphire,Round,XS,Standard,Colorful,Stick/Minimalist,Stick / Dot,10.454523783963511
https://watchbase.com/rolex/lady-datejust/279178-0005,rolex,Lady-Datejust,No,Gold Variants,Sapphire,Round,XS,Standard,Silver/White,Stick/Minimalist,Stick / Dot,10.102379394048045
https://watchbase.com/rolex/lady-datejust/279384rbr-0017,rolex,Lady-Datejust,No,Steel,Sapphire,Round,XS,Standard,Grey/Brown,Stick/Minimalist,Gem-Set Indexes,9.784197131344804
https://watchbase.com/rolex/lady-datejust/279174-0011,rolex,Lady-Datejust,No,Steel,Sapphire,Round,XS,Standard,Grey/Brown,Stick/Minimalist,Stick / Dot,8.909370405197466
https://watchbase.com/rolex/lady-datejust/279174-0019,rolex,Lady-Datejust,No,Steel,Sapphire,Round,XS,Standard,Silver/White,Stick/Minimalist,Roman Numerals,8.909370405197466
https://watchbase.com/rolex/lady-datejust/279178-0001,rolex,Lady-Datejust,No,Gold Variants,Sapphire,Round,XS,Standard,Silver/White,Stick/Minimalist,Stick / Dot,10.102379394048045
https://watchbase.com/rolex/lady-datejust/179383-0011,rolex,Lady-Datejust,No,Steel,Sapphire,Round,XS,Standard,Silver/White,Stick/Minimalist,Gem-Set Indexes,9.648659816955295
https://watchbase.com/rolex/lady-datejust/179174-0096,rolex,Lady-Datejust,No,Steel,Sapphire,Round,XS,Standard,Black,Stick/Minimalist,Roman Numerals,8.81001204797317
https://watchbase.com/rolex/lady-datejust/279175-0030,rolex,Lady-Datejust,No,Gold Variants,Sapphire,Round,XS,Standard,Colorful,Stick/Minimalist,Gem-Set Indexes,10.243560441877241
https://watchbase.com/rolex/lady-datejust/279173-0013,rolex,Lady-Datejust,No,Synthetic,Sapphire,Round,XS,Standard,Silver/White,Stick/Minimalist,Gem-Set Indexes,9.568084743872936
https://watchbase.com/rolex/lady-datejust/279178-0024,rolex,Lady-Datejust,No,Gold Variants,Sapphire,Round,XS,Standard,Silver/White,Stick/Minimalist,Gem-Set Indexes,10.138599199626192
https://watchbase.com/rolex/lady-datejust/279178-0025,rolex,Lady-Datejust,No,Gold Variants,Sapphire,Round,XS,Standard,Silver/White,Stick/Minimalist,Gem-Set Indexes,10.247112717290387
https://watchbase.com/rolex/lady-datejust/279173-0021,rolex,Lady-Datejust,No,Steel,Sapphire,Round,XS,Standard,Silver/White,Stick/Minimalist,Gem-Set Indexes,9.358846580275406
https://watchbase.com/rolex/lady-datejust/279166-0006,rolex,Lady-Datejust,No,Platinum,Sapphire,Round,XS,Standard,Silver/White,Stick/Minimalist,Stick / Dot,10.643064971973882
https://watchbase.com/rolex/lady-datejust/279171-0007,rolex,Lady-Datejust,No,Steel,Sapphire,Round,XS,Standard,Colorful,Stick/Minimalist,Gem-Set Indexes,9.564582358673212
https://watchbase.com/rolex/lady-datejust/279171-0005,rolex,Lady-Datejust,No,Steel,Sapphire,Round,XS,Standard,Colorful,Stick/Minimalist,Roman Numerals,9.148571345578551
https://watchbase.com/rolex/lady-datejust/279135rbr-0011,rolex,Lady-Datejust,No,Gold Variants,Sapphire,Round,XS,Standard,Colorful,Stick/Minimalist,Gem-Set Indexes,10.480129006333248
https://watchbase.com/rolex/lady-datejust/279381rbr-0023,rolex,Lady-Datejust,No,Steel,Sapphire,Round,XS,Standard,Colorful,Stick/Minimalist,Stick / Dot,9.846970109700957
https://watchbase.com/rolex/lady-datejust/279178-0031,rolex,Lady-Datejust,No,Gold Variants,Sapphire,Round,XS,Standard,Paved/Diamonds,Stick/Minimalist,Roman Numerals,10.542732775946709
https://watchbase.com/rolex/lady-datejust/279178-0030,rolex,Lady-Datejust,No,Gold Variants,Sapphire,Round,XS,Standard,Silver/White,Stick/Minimalist,Roman Numerals,10.060534035475412
https://watchbase.com/rolex/lady-datejust/279160-0001,rolex,Lady-Datejust,No,Steel,Sapphire,Round,XS,Standard,Colorful,Stick/Minimalist,Stick / Dot,8.764209507142004
https://watchbase.com/rolex/lady-datejust/279178-0017,rolex,Lady-Datejust,No,Gold Variants,Sapphire,Round,XS,Standard,Silver/White,Stick/Minimalist,Gem-Set Indexes,10.177362240256695
https://watchbase.com/rolex/lady-datejust/179174-0031,rolex,Lady-Datejust,No,Steel,Sapphire,Round,XS,Standard,Silver/White,Stick/Minimalist,Gem-Set Indexes,9.053803514155955
https://watchbase.com/rolex/lady-datejust/279175-0022,rolex,Lady-Datejust,No,Gold Variants,Sapphire,Round,XS,Standard,Silver/White,Stick/Minimalist,Roman Numerals,10.150386692204734
https://watchbase.com/rolex/lady-datejust/279178-0013,rolex,Lady-Datejust,No,Gold Variants,Sapphire,Round,XS,Standard,Silver/White,Stick/Minimalist,Gem-Set Indexes,10.199918739620157
https://watchbase.com/rolex/lady-datejust/279175-0019,rolex,Lady-Datejust,No,Gold Variants,Sapphire,Round,XS,Standard,Colorful,Stick/Minimalist,Gem-Set Indexes,10.19058195234216
https://watchbase.com/rolex/lady-datejust/279173-0005,rolex,Lady-Datejust,No,Steel,Sapphire,Round,XS,Standard,Silver/White,Stick/Minimalist,Roman Numerals,9.380167531188448
https://watchbase.com/rolex/lady-datejust/179173-0090,rolex,Lady-Datejust,No,Steel,Sapphire,Round,XS,Standard,Other,Stick/Minimalist,Gem-Set Indexes,9.19023970026918
https://watchbase.com/rolex/lady-datejust/279161-0024,rolex,Lady-Datejust,No,Steel,Sapphire,Round,XS,Standard,Colorful,Stick/Minimalist,Stick / Dot,9.071193240566025
https://watchbase.com/rolex/lady-datejust/279173-0015,rolex,Lady-Datejust,No,Steel,Sapphire,Round,XS,Standard,Colorful,Stick/Minimalist,Gem-Set Indexes,9.305741456739435
https://watchbase.com/rolex/lady-datejust/279171-0008,rolex,Lady-Datejust,No,Steel,Sapphire,Round,XS,Standard,Colorful,Stick/Minimalist,Gem-Set Indexes,9.517898598432753
https://watchbase.com/rolex/lady-datejust/179160-0023,rolex,Lady-Datejust,No,Steel,Sapphire,Round,XS,Standard,Silver/White,Stick/Minimalist,Stick / Dot,8.639587799629844
https://watchbase.com/rolex/lady-datejust/279174-0009,rolex,Lady-Datejust,No,Synthetic,Sapphire,Round,XS,Standard,Silver/White,Stick/Minimalist,Gem-Set Indexes,9.32375833901174
https://watchbase.com/rolex/lady-datejust/279178-0004,rolex,Lady-Datejust,No,Gold Variants,Sapphire,Round,XS,Standard,Silver/White,Stick/Minimalist,Gem-Set Indexes,10.16203685698089
https://watchbase.com/rolex/lady-datejust/279171-0015,rolex,Lady-Datejust,No,Steel,Sapphire,Round,XS,Standard,Colorful,Stick/Minimalist,Gem-Set Indexes,9.564582358673212
https://watchbase.com/rolex/lady-datejust/179384-0002,rolex,Lady-Datejust,No,Steel,Sapphire,Round,XS,Standard,Black,Stick/Minimalist,Gem-Set Indexes,9.546884034617925
https://watchbase.com/rolex/lady-datejust/179313-0017,rolex,Lady-Datejust,No,Synthetic,Sapphire,Round,XS,Standard,Silver/White,Stick/Minimalist,Roman Numerals,9.278092474027002
https://watchbase.com/rolex/lady-datejust/179173-0182,rolex,Lady-Datejust,No,Steel,Sapphire,Round,XS,Standard,Silver/White,Stick/Minimalist,Roman Numerals,8.993551586299981
https://watchbase.com/rolex/lady-datejust/179171-0018,rolex,Lady-Datejust,No,Steel,Sapphire,Round,XS,Standard,Colorful,Stick/Minimalist,Gem-Set Indexes,9.220389707829185
https://watchbase.com/rolex/lady-datejust/179174-0094,rolex,Lady-Datejust,No,Steel,Sapphire,Round,XS,Standard,Silver/White,Stick/Minimalist,Roman Numerals,8.79497643168877
https://watchbase.com/rolex/daytona/126515ln-0006,rolex,Daytona,No,Steel,Sapphire,Round,L,Standard,Colorful,Stick/Minimalist,Stick / Dot,10.586609649448985
https://watchbase.com/rolex/daytona/126518ln-0012,rolex,Daytona,No,Steel,Sapphire,Round,L,Standard,Silver/White,Stick/Minimalist,Stick / Dot,10.537441898283253
https://watchbase.com/rolex/daytona/116509-0036,rolex,Daytona,No,Gold Variants,Sapphire,Round,L,Standard,Black,Stick/Minimalist,Arabic Numerals,10.402776888483789
https://watchbase.com/rolex/daytona/126509-0001,rolex,Daytona,No,Gold Variants,Sapphire,Round,L,Standard,Black,Stick/Minimalist,Stick / Dot,10.864770770329113
https://watchbase.com/rolex/daytona/126518ln-0008,rolex,Daytona,No,Steel,Sapphire,Round,L,Standard,Black,Stick/Minimalist,Stick / Dot,10.537441898283253
https://watchbase.com/rolex/daytona/116519-0163,rolex,Daytona,No,Gold Variants,Sapphire,Round,L,Standard,Grey/Brown,Stick/Minimalist,Arabic Numerals,10.060534035475412
https://watchbase.com/rolex/daytona/126509-0003,rolex,Daytona,No,Gold Variants,Sapphire,Round,L,Standard,Silver/White,Stick/Minimalist,Stick / Dot,10.864770770329113
https://watchbase.com/rolex/daytona/126508-0006,rolex,Daytona,No,Gold Variants,Sapphire,Round,L,Standard,Silver/White,Stick/Minimalist,Stick / Dot,10.795506083434564
https://watchbase.com/rolex/daytona/126519ln-0004,rolex,Daytona,No,Steel,Sapphire,Round,L,Standard,Black,Stick/Minimalist,Gem-Set Indexes,10.637080656910605
https://watchbase.com/rolex/daytona/116518ln-0040,rolex,Daytona,No,Steel,Sapphire,Round,L,Standard,Silver/White,Stick/Minimalist,Stick / Dot,10.142543822310387
https://watchbase.com/rolex/daytona/116505-0006,rolex,Daytona,No,Gold Variants,Sapphire,Round,L,Standard,Colorful,Stick/Minimalist,Gem-Set Indexes,10.606609816118151
https://watchbase.com/rolex/daytona/116518-0131,rolex,Daytona,No,Gold Variants,Sapphire,Round,L,Standard,Silver/White,Stick/Minimalist,Stick / Dot,10.003378135350923
https://watchbase.com/rolex/daytona/116519ln-0025,rolex,Daytona,No,Steel,Sapphire,Round,L,Standard,Black,Stick/Minimalist,Gem-Set Indexes,10.414843035901725
https://watchbase.com/rolex/daytona/126503-0002,rolex,Daytona,No,Steel,Sapphire,Round,L,Standard,Black,Stick/Minimalist,Stick / Dot,10.106469212026385
https://watchbase.com/rolex/daytona/116518ln-0048,rolex,Daytona,No,Steel,Sapphire,Round,L,Standard,Silver/White,Stick/Minimalist,Stick / Dot,10.307317991967832
https://watchbase.com/rolex/daytona/116519ln-0027,rolex,Daytona,No,Steel,Sapphire,Round,L,Standard,Silver/White,Stick/Minimalist,Stick / Dot,10.353001443478973
https://watchbase.com/rolex/daytona/116509-0073,rolex,Daytona,No,Gold Variants,Sapphire,Round,L,Standard,Silver/White,Stick/Minimalist,Stick / Dot,10.659633006160352
https://watchbase.com/rolex/daytona/116506-0002,rolex,Daytona,No,Platinum,Sapphire,Round,L,Standard,Blue,Stick/Minimalist,Gem-Set Indexes,11.176767179061333
https://watchbase.com/rolex/daytona/116509-0072,rolex,Daytona,No,Gold Variants,Sapphire,Round,L,Standard,Silver/White,Stick/Minimalist,Stick / Dot,10.635879484421974
https://watchbase.com/rolex/daytona/116519ln-0024,rolex,Daytona,No,Steel,Sapphire,Round,L,Standard,Silver/White,Stick/Minimalist,Stick / Dot,10.188704088048116
https://watchbase.com/rolex/daytona/116519ln-0038,rolex,Daytona,No,Other,Sapphire,Round,L,Standard,Silver/White,Stick/Minimalist,Stick / Dot,10.484333519758916
https://watchbase.com/rolex/daytona/126506-0002,rolex,Daytona,No,Steel,Sapphire,Round,L,Standard,Blue,Stick/Minimalist,Gem-Set Indexes,11.366754528799241
https://watchbase.com/rolex/daytona/126503-0001,rolex,Daytona,No,Steel,Sapphire,Round,L,Standard,Silver/White,Stick/Minimalist,Stick / Dot,10.019090435608215
https://watchbase.com/rolex/daytona/126519ln-0002,rolex,Daytona,No,Steel,Sapphire,Round,L,Standard,Black,Stick/Minimalist,Stick / Dot,10.586609649448985
https://watchbase.com/rolex/daytona/116518ln-0039,rolex,Daytona,No,Steel,Sapphire,Round,L,Standard,Black,Stick/Minimalist,Stick / Dot,10.142543822310387
https://watchbase.com/rolex/daytona/116509-0071,rolex,Daytona,No,Gold Variants,Sapphire,Round,L,Standard,Blue,Stick/Minimalist,Stick / Dot,10.635879484421974
https://watchbase.com/rolex/daytona/116506-0001,rolex,Daytona,No,Steel,Sapphire,Round,L,Standard,Blue,Stick/Minimalist,Stick / Dot,11.1447705923684
https://watchbase.com/rolex/daytona/126506-0001,rolex,Daytona,No,Steel,Sapphire,Round,L,Standard,Blue,Stick/Minimalist,Stick / Dot,11.289794413577894
https://watchbase.com/rolex/daytona/116518ln-0047,rolex,Daytona,No,Steel,Sapphire,Round,L,Standard,Black,Stick/Minimalist,Stick / Dot,10.307317991967832
https://watchbase.com/rolex/daytona/116500ln-0002,rolex,Daytona,No,Steel,Sapphire,Round,L,Standard,Black,Stick/Minimalist,Stick / Dot,9.60245002503719
https://watchbase.com/rolex/daytona/116520-0015,rolex,Daytona,No,Steel,Sapphire,Round,L,Standard,Black,Stick/Minimalist,Stick / Dot,9.310276200588783
https://watchbase.com/rolex/daytona/126500ln-0001,rolex,Daytona,No,Steel,Sapphire,Round,L,Standard,Silver/White,Stick/Minimalist,Stick / Dot,9.686636660844938
https://watchbase.com/rolex/daytona/116508-0013,rolex,Daytona,No,Gold Variants,Sapphire,Round,L,Standard,Colorful,Stick/Minimalist,Stick / Dot,10.5610334618531
https://watchbase.com/rolex/daytona/126505-0005,rolex,Daytona,No,Gold Variants,Sapphire,Round,L,Standard,Grey/Brown,Stick/Minimalist,Stick / Dot,10.864770770329113
https://watchbase.com/rolex/daytona/126518ln-0016,rolex,Daytona,No,Other,Sapphire,Round,L,Standard,Silver/White,Stick/Minimalist,Stick / Dot,10.650199196425806
https://watchbase.com/rolex/daytona/126500ln-0002,rolex,Daytona,No,Steel,Sapphire,Round,L,Standard,Black,Stick/Minimalist,Stick / Dot,9.686636660844938
https://watchbase.com/rolex/daytona/116500ln-0001,rolex,Daytona,No,Steel,Sapphire,Round,L,Standard,Silver/White,Stick/Minimalist,Stick / Dot,9.60245002503719
https://watchbase.com/rolex/daytona/126515ln-0008,rolex,Daytona,No,Other,Sapphire,Round,L,Standard,Silver/White,Stick/Minimalist,Stick / Dot,10.694237736914808
https://watchbase.com/rolex/daytona/126519ln-0007,rolex,Daytona,No,Steel,Sapphire,Round,L,Standard,Silver/White,Stick/Minimalist,Stick / Dot,10.694237736914808
https://watchbase.com/rolex/daytona/126529ln-0001,rolex,Daytona,No,Steel,Sapphire,Round,L,Standard,Black,Stick/Minimalist,Stick / Dot,10.885584751364705
https://watchbase.com/rolex/daytona/116520-0016,rolex,Daytona,No,Steel,Sapphire,Round,L,Standard,Silver/White,Stick/Minimalist,Stick / Dot,9.310276200588783
https://watchbase.com/rolex/daytona/126509-0005,rolex,Daytona,No,Gold Variants,Sapphire,Round,L,Standard,Blue,Stick/Minimalist,Stick / Dot,10.864770770329113
https://watchbase.com/rolex/daytona/126508-0008,rolex,Daytona,No,Gold Variants,Sapphire,Round,L,Standard,Colorful,Stick/Minimalist,Stick / Dot,10.795506083434564
https://watchbase.com/rolex/daytona/126518ln-0014,rolex,Daytona,No,Steel,Sapphire,Round,L,Standard,Other,Stick/Minimalist,Stick / Dot,10.537441898283253
https://watchbase.com/rolex/datejust/126234-0055,rolex,Datejust 36,No,Steel,Sapphire,Round,M,Standard,Colorful,Stick/Minimalist,Gem-Set Indexes,9.337061124755339
https://watchbase.com/rolex/day-date/128236-0009,rolex,Day-Date 36,No,Platinum,Sapphire,Round,M,Standard,Blue,Stick/Minimalist,Gem-Set Indexes,11.075985169527042
https://watchbase.com/rolex/day-date/118208-0083,rolex,Day-Date 36,No,Gold Variants,Sapphire,Round,M,Standard,Silver/White,Stick/Minimalist,Gem-Set Indexes,10.315630315397533
https://watchbase.com/rolex/day-date/118138-0125,rolex,Day-Date 36,No,Gold Variants,Sapphire,Round,M,Standard,Silver/White,Stick/Minimalist,Stick / Dot,9.925787060030896
https://watchbase.com/rolex/day-date/118135-0005,rolex,Day-Date 36,No,Gold Variants,Sapphire,Round,M,Standard,Silver/White,Stick/Minimalist,Stick / Dot,9.987415012471414
https://watchbase.com/rolex/day-date/128238-0133,rolex,Day-Date 36,No,Gold Variants,Sapphire,Round,M,Standard,Silver/White,Stick/Minimalist,Gem-Set Indexes,11.443586104891608
https://watchbase.com/rolex/day-date/128238-0130,rolex,Day-Date 36,No,Gold Variants,Sapphire,Round,M,Standard,Colorful,Stick/Minimalist,Gem-Set Indexes,10.623787731088578
https://watchbase.com/rolex/day-date/118208-0175,rolex,Day-Date 36,No,Gold Variants,Sapphire,Round,M,Standard,Colorful,Stick/Minimalist,Arabic Numerals,10.645448706505872
https://watchbase.com/rolex/day-date/118238-0116,rolex,Day-Date 36,No,Gold Variants,Sapphire,Round,M,Standard,Silver/White,Stick/Minimalist,Gem-Set Indexes,10.367253014814716
https://watchbase.com/rolex/day-date/128239-0038,rolex,Day-Date 36,No,Gold Variants,Sapphire,Round,M,Standard,Silver/White,Stick/Minimalist,Roman Numerals,10.5815464756746
https://watchbase.com/rolex/day-date/128345rbr-0020,rolex,Day-Date 36,No,Gold Variants,Sapphire,Round,M,Standard,Colorful,Stick/Minimalist,Gem-Set Indexes,11.610968271383634
https://watchbase.com/rolex/day-date/128345rbr-0044,rolex,Day-Date 36,No,Gold Variants,Sapphire,Round,M,Standard,Black,Stick/Minimalist,Mixed,11.086762629082946
https://watchbase.com/rolex/day-date/128235-0052,rolex,Day-Date 36,No,Gold Variants,Sapphire,Round,M,Standard,Silver/White,Stick/Minimalist,Roman Numerals,10.5815464756746
https://watchbase.com/rolex/day-date/118238-0103,rolex,Day-Date 36,No,Gold Variants,Sapphire,Round,M,Standard,Silver/White,Stick/Minimalist,Stick / Dot,10.275085591132715
https://watchbase.com/rolex/day-date/118135-0003,rolex,Day-Date 36,No,Gold Variants,Sapphire,Round,M,Standard,Grey/Brown,Stick/Minimalist,Stick / Dot,9.987415012471414
https://watchbase.com/rolex/day-date/118238-0067,rolex,Day-Date 36,No,Gold Variants,Sapphire,Round,M,Standard,Silver/White,Stick/Minimalist,Gem-Set Indexes,10.367253014814716
https://watchbase.com/rolex/day-date/128345rbr-0086,rolex,Day-Date 36,No,Gold Variants,Sapphire,Round,M,Standard,Colorful,Stick/Minimalist,Mixed,11.670792089258995
https://watchbase.com/rolex/day-date/128395tbr-0010,rolex,Day-Date 36,No,Gold Variants,Sapphire,Round,M,Standard,Black,Stick/Minimalist,Mixed,11.395278670032656
https://watchbase.com/rolex/day-date/128345rbr-0085,rolex,Day-Date 36,No,Gold Variants,Sapphire,Round,M,Standard,Colorful,Stick/Minimalist,Mixed,11.0186455364637
https://watchbase.com/rolex/day-date/128235-0089,rolex,Day-Date 36,No,Gold Variants,Sapphire,Round,M,Standard,Colorful,Stick/Minimalist,Roman Numerals,10.689692377847104
https://watchbase.com/rolex/day-date/128235-0068,rolex,Day-Date 36,No,Gold Variants,Sapphire,Round,M,Standard,Colorful,Stick/Minimalist,Mixed,10.789339695269716
https://watchbase.com/rolex/day-date/128238-0026,rolex,Day-Date 36,No,Gold Variants,Sapphire,Round,M,Standard,Silver/White,Stick/Minimalist,Gem-Set Indexes,11.427378469795439
https://watchbase.com/rolex/day-date/128238-0052,rolex,Day-Date 36,No,Gold Variants,Sapphire,Round,M,Standard,Paved/Diamonds,Stick/Minimalist,Gem-Set Indexes,11.696088334428081
https://watchbase.com/rolex/day-date/128399tbr-0027,rolex,Day-Date 36,No,Gold Variants,Sapphire,Round,M,Standard,Blue,Stick/Minimalist,Gem-Set Indexes,11.326607934898927
https://watchbase.com/rolex/day-date/128398tbr-0035,rolex,Day-Date 36,No,Platinum,Sapphire,Round,M,Standard,Silver/White,Stick/Minimalist,Stick / Dot,11.289794413577894
https://watchbase.com/rolex/day-date/128396tbr-0003,rolex,Day-Date 36,No,Platinum,Sapphire,Round,M,Standard,Blue,Stick/Minimalist,Gem-Set Indexes,11.475233981948293
https://watchbase.com/rolex/day-date/128235-0039,rolex,Day-Date 36,No,Gold Variants,Sapphire,Round,M,Standard,Paved/Diamonds,Stick/Minimalist,Gem-Set Indexes,11.167628403875849
https://watchbase.com/rolex/day-date/128345rbr-0042,rolex,Day-Date 36,No,Gold Variants,Sapphire,Round,M,Standard,Paved/Diamonds,Stick/Minimalist,Gem-Set Indexes,11.364437057512568
https://watchbase.com/rolex/day-date/128398tbr-0012,rolex,Day-Date 36,No,Gold Variants,Sapphire,Round,M,Standard,Paved/Diamonds,Stick/Minimalist,Gem-Set Indexes,11.578722568760277
https://watchbase.com/rolex/day-date/128398tbr-0014,rolex,Day-Date 36,No,Platinum,Sapphire,Round,M,Standard,Blue,Stick/Minimalist,Mixed,11.360950749348124
https://watchbase.com/rolex/day-date/128348rbr-0026,rolex,Day-Date 36,No,Gold Variants,Sapphire,Round,M,Standard,Silver/White,Stick/Minimalist,Stick / Dot,13.157925482930336
https://watchbase.com/rolex/day-date/128238-0008,rolex,Day-Date 36,No,Gold Variants,Sapphire,Round,M,Standard,Silver/White,Stick/Minimalist,Gem-Set Indexes,10.586609649448985
https://watchbase.com/rolex/day-date/128238-0076,rolex,Day-Date 36,No,Gold Variants,Sapphire,Round,M,Standard,Silver/White,Stick/Minimalist,Roman Numerals,10.505094936455558
https://watchbase.com/rolex/day-date/128238-0071,rolex,Day-Date 36,No,Gold Variants,Sapphire,Round,M,Standard,Blue,Stick/Minimalist,Gem-Set Indexes,10.757924157061597
https://watchbase.com/rolex/day-date/128238-0118,rolex,Day-Date 36,No,Gold Variants,Sapphire,Round,M,Standard,Colorful,Stick/Minimalist,Mixed,10.505094936455558
https://watchbase.com/rolex/day-date/128238-0051,rolex,Day-Date 36,No,Gold Variants,Sapphire,Round,M,Standard,Paved/Diamonds,Stick/Minimalist,Gem-Set Indexes,11.125806040978839
https://watchbase.com/rolex/day-date/128238-0045,rolex,Day-Date 36,No,Gold Variants,Sapphire,Round,M,Standard,Silver/White,Stick/Minimalist,Stick / Dot,10.505094936455558
https://watchbase.com/rolex/day-date/128238-0132,rolex,Day-Date 36,No,Gold Variants,Sapphire,Round,M,Standard,Silver/White,Stick/Minimalist,Gem-Set Indexes,10.623787731088578
https://watchbase.com/rolex/day-date/128235-0085,rolex,Day-Date 36,No,Gold Variants,Sapphire,Round,M,Standard,Blue,Stick/Minimalist,Gem-Set Indexes,10.691967639914864
https://watchbase.com/rolex/datejust/126234-0048,rolex,Datejust 36,No,Steel,Sapphire,Round,M,Standard,Colorful,Stick/Minimalist,Stick / Dot,9.116139576577355
https://watchbase.com/rolex/datejust/126234-0050,rolex,Datejust 36,No,Steel,Sapphire,Round,M,Standard,Blue,Stick/Minimalist,Stick / Dot,9.116139576577355
https://watchbase.com/rolex/datejust/126200-0018,rolex,Datejust 36,No,Steel,Sapphire,Round,M,Standard,Grey/Brown,Stick/Minimalist,Stick / Dot,8.962007209588313
https://watchbase.com/rolex/datejust/126234-0026,rolex,Datejust 36,No,Steel,Sapphire,Round,M,Standard,Silver/White,Stick/Minimalist,Roman Numerals,9.148571345578551
https://watchbase.com/rolex/datejust/126233-0043,rolex,Datejust 36,No,Steel,Sapphire,Round,M,Standard,Silver/White,Stick/Minimalist,Gem-Set Indexes,9.642187721358466
https://watchbase.com/rolex/datejust/126200-0020,rolex,Datejust 36,No,Steel,Sapphire,Round,M,Standard,Colorful,Stick/Minimalist,Stick / Dot,8.94910546953925
https://watchbase.com/rolex/datejust/126200-0002,rolex,Datejust 36,No,Steel,Sapphire,Round,M,Standard,Silver/White,Stick/Minimalist,Stick / Dot,8.962007209588313
https://watchbase.com/rolex/datejust/126234-0014,rolex,Datejust 36,No,Steel,Sapphire,Round,M,Standard,Silver/White,Stick/Minimalist,Stick / Dot,9.148571345578551
https://watchbase.com/rolex/datejust/126231-0023,rolex,Datejust 36,No,Steel,Sapphire,Round,M,Standard,Grey/Brown,Stick/Minimalist,Roman Numerals,9.76428295481558
https://watchbase.com/rolex/datejust/126231-0027,rolex,Datejust 36,No,Steel,Sapphire,Round,M,Standard,Colorful,Stick/Minimalist,Roman Numerals,9.76428295481558
https://watchbase.com/rolex/datejust/116234-0093,rolex,Datejust 36,No,Steel,Sapphire,Round,M,Standard,Silver/White,Stick/Minimalist,Stick / Dot,8.895766604056085
https://watchbase.com/rolex/datejust/116234-0078,rolex,Datejust 36,No,Synthetic,Sapphire,Round,M,Standard,Silver/White,Stick/Minimalist,Gem-Set Indexes,9.380167531188448
https://watchbase.com/rolex/datejust/116238-0060,rolex,Datejust 36,No,Gold Variants,Sapphire,Round,M,Standard,Silver/White,Stick/Minimalist,Roman Numerals,10.196194479235656
https://watchbase.com/rolex/datejust/126233-0015,rolex,Datejust 36,No,Steel,Sapphire,Round,M,Standard,Silver/White,Stick/Minimalist,Stick / Dot,9.585414998760278
https://watchbase.com/rolex/datejust/116233-0193,rolex,Datejust 36,No,Steel,Sapphire,Round,M,Standard,Silver/White,Stick/Minimalist,Roman Numerals,9.169622538697624
https://watchbase.com/rolex/datejust/116238-0061,rolex,Datejust 36,No,Gold Variants,Sapphire,Round,M,Standard,Silver/White,Stick/Minimalist,Gem-Set Indexes,10.262943625547717
https://watchbase.com/rolex/datejust/126281rbr-0027,rolex,Datejust 36,No,Steel,Sapphire,Round,M,Standard,Silver/White,Stick/Minimalist,Gem-Set Indexes,10.038935856711177
https://watchbase.com/rolex/datejust/126234-0051,rolex,Datejust 36,No,Steel,Sapphire,Round,M,Standard,Colorful,Stick/Minimalist,Stick / Dot,9.169622538697624
https://watchbase.com/rolex/datejust/126283rbr-0019,rolex,Datejust 36,No,Steel,Sapphire,Round,M,Standard,Silver/White,Stick/Minimalist,Gem-Set Indexes,9.883335864325275
https://watchbase.com/rolex/datejust/126284rbr-0011,rolex,Datejust 36,No,Synthetic,Sapphire,Round,M,Standard,Silver/White,Stick/Minimalist,Gem-Set Indexes,9.908524844053396
https://watchbase.com/rolex/datejust/126234-0028,rolex,Datejust 36,No,Steel,Sapphire,Round,M,Standard,Black,Stick/Minimalist,Gem-Set Indexes,9.34583234141334
https://watchbase.com/rolex/datejust/126234-0027,rolex,Datejust 36,No,Steel,Sapphire,Round,M,Standard,Black,Stick/Minimalist,Gem-Set Indexes,9.36314729221994
https://watchbase.com/rolex/datejust/116233-0151,rolex,Datejust 36,No,Steel,Sapphire,Round,M,Standard,Silver/White,Stick/Minimalist,Stick / Dot,9.220389707829185
https://watchbase.com/rolex/datejust/126234-0015,rolex,Datejust 36,No,Steel,Sapphire,Round,M,Standard,Black,Stick/Minimalist,Stick / Dot,9.169622538697624
https://watchbase.com/rolex/datejust/116244-0001,rolex,Datejust 36,No,Steel,Sapphire,Round,M,Standard,Silver/White,Stick/Minimalist,Gem-Set Indexes,9.648659816955295
https://watchbase.com/rolex/datejust/116200-0059,rolex,Datejust 36,No,Steel,Sapphire,Round,M,Standard,Black,Stick/Minimalist,Stick / Dot,8.716207971151853
https://watchbase.com/rolex/datejust/126233-0021,rolex,Datejust 36,No,Steel,Sapphire,Round,M,Standard,Black,Stick/Minimalist,Gem-Set Indexes,9.717218213494077
https://watchbase.com/rolex/datejust/116233-0155,rolex,Datejust 36,No,Steel,Sapphire,Round,M,Standard,Silver/White,Stick/Minimalist,Stick / Dot,9.388570235866881
https://watchbase.com/rolex/datejust/116243-0016,rolex,Datejust 36,No,Steel,Sapphire,Round,M,Standard,Black,Stick/Minimalist,Gem-Set Indexes,9.809231816610408
https://watchbase.com/rolex/datejust/116234-0141,rolex,Datejust 36,No,Steel,Sapphire,Round,M,Standard,Blue,Stick/Minimalist,Roman Numerals,8.909370405197466
https://watchbase.com/rolex/datejust/126234-0049,rolex,Datejust 36,No,Steel,Sapphire,Round,M,Standard,Blue,Stick/Minimalist,Stick / Dot,9.137877200242468
https://watchbase.com/rolex/datejust/116234-0084,rolex,Datejust 36,No,Steel,Sapphire,Round,M,Standard,Silver/White,Stick/Minimalist,Gem-Set Indexes,9.132486932771318
https://watchbase.com/rolex/datejust/116234-0085,rolex,Datejust 36,No,Steel,Sapphire,Round,M,Standard,Black,Stick/Minimalist,Stick / Dot,8.909370405197466
https://watchbase.com/rolex/datejust/116234-0090,rolex,Datejust 36,No,Steel,Sapphire,Round,M,Standard,Silver/White,Stick/Minimalist,Roman Numerals,8.895766604056085
https://watchbase.com/rolex/datejust/126231-0022,rolex,Datejust 36,No,Synthetic,Sapphire,Round,M,Standard,Silver/White,Stick/Minimalist,Gem-Set Indexes,9.735128070758227
https://watchbase.com/rolex/datejust/126233-0017,rolex,Datejust 36,No,Steel,Sapphire,Round,M,Standard,Silver/White,Stick/Minimalist,Gem-Set Indexes,9.717218213494077
https://watchbase.com/rolex/datejust/116233-0150,rolex,Datejust 36,No,Steel,Sapphire,Round,M,Standard,Silver/White,Stick/Minimalist,Gem-Set Indexes,9.388570235866881
https://watchbase.com/rolex/datejust/126200-0024,rolex,Datejust 36,No,Steel,Sapphire,Round,M,Standard,Colorful,Stick/Minimalist,Stick / Dot,8.962007209588313
https://watchbase.com/rolex/datejust/116200-0084,rolex,Datejust 36,No,Steel,Sapphire,Round,M,Standard,Silver/White,Stick/Minimalist,Stick / Dot,8.732465848349879
https://watchbase.com/rolex/datejust/116233-0149,rolex,Datejust 36,No,Steel,Sapphire,Round,M,Standard,Silver/White,Stick/Minimalist,Roman Numerals,9.220389707829185
https://watchbase.com/rolex/datejust/126234-0017,rolex,Datejust 36,No,Steel,Sapphire,Round,M,Standard,Blue,Stick/Minimalist,Stick / Dot,9.169622538697624
https://watchbase.com/rolex/datejust/126284rbr-0023,rolex,Datejust 36,No,Steel,Sapphire,Round,M,Standard,Colorful,Stick/Minimalist,Roman Numerals,9.89600966268017
https://watchbase.com/rolex/datejust/126231-0040,rolex,Datejust 36,No,Steel,Sapphire,Round,M,Standard,Silver/White,Stick/Minimalist,Gem-Set Indexes,9.62251624577579
https://watchbase.com/rolex/datejust/126231-0041,rolex,Datejust 36,No,Steel,Sapphire,Round,M,Standard,Silver/White,Stick/Minimalist,Gem-Set Indexes,9.661479683575521
https://watchbase.com/rolex/datejust/126233-0036,rolex,Datejust 36,No,Steel,Sapphire,Round,M,Standard,Grey/Brown,Stick/Minimalist,Stick / Dot,9.53249633228804
https://watchbase.com/rolex/datejust/126201-0044,rolex,Datejust 36,No,Steel,Sapphire,Round,M,Standard,Grey/Brown,Stick/Minimalist,Stick / Dot,9.546884034617925
https://watchbase.com/rolex/datejust/126234-0052,rolex,Datejust 36,No,Steel,Sapphire,Round,M,Standard,Colorful,Stick/Minimalist,Stick / Dot,9.148571345578551
https://watchbase.com/rolex/datejust/126231-0043,rolex,Datejust 36,No,Steel,Sapphire,Round,M,Standard,Silver/White,Stick/Minimalist,Stick / Dot,9.605822482030945
https://watchbase.com/rolex/datejust-31/278383rbr-0021,rolex,Datejust 31,No,Steel,Sapphire,Round,S,Standard,Grey/Brown,Stick/Minimalist,Gem-Set Indexes,9.770013301136158
https://watchbase.com/rolex/datejust-31/278273-0015,rolex,Datejust 31,No,Steel,Sapphire,Round,S,Standard,Colorful,Stick/Minimalist,Roman Numerals,9.525224101853109
https://watchbase.com/rolex/datejust-31/278278-0034,rolex,Datejust 31,No,Gold Variants,Sapphire,Round,S,Standard,Silver/White,Stick/Minimalist,Gem-Set Indexes,10.278527816830314
https://watchbase.com/rolex/datejust-31/278278-0036,rolex,Datejust 31,No,Gold Variants,Sapphire,Round,S,Standard,Grey/Brown,Stick/Minimalist,Gem-Set Indexes,10.278527816830314
https://watchbase.com/rolex/datejust-31/278271-0019,rolex,Datejust 31,No,Steel,Sapphire,Round,S,Standard,Colorful,Stick/Minimalist,Roman Numerals,9.55400099583723
https://watchbase.com/rolex/datejust-31/178273-0038,rolex,Datejust 31,No,Synthetic,Sapphire,Round,S,Standard,Silver/White,Stick/Minimalist,Gem-Set Indexes,9.441531454869693
https://watchbase.com/rolex/datejust-31/178240-0011,rolex,Datejust 31,No,Steel,Sapphire,Round,S,Standard,Black,Stick/Minimalist,Arabic Numerals,8.716207971151853
https://watchbase.com/rolex/datejust-31/278273-0031,rolex,Datejust 31,No,Steel,Sapphire,Round,S,Standard,Colorful,Stick/Minimalist,None,9.564582358673212
https://watchbase.com/rolex/datejust-31/278384rbr-0040,rolex,Datejust 31,No,Steel,Sapphire,Round,S,Standard,Blue,Stick/Minimalist,None,9.828278974938373
https://watchbase.com/rolex/datejust-31/278344rbr-0035,rolex,Datejust 31,No,Steel,Sapphire,Round,S,Standard,Blue,Stick/Minimalist,Stick / Dot,9.417435838868785
https://watchbase.com/rolex/datejust-31/278274-0022,rolex,Datejust 31,No,Steel,Sapphire,Round,S,Standard,Grey/Brown,Stick/Minimalist,Roman Numerals,9.11063052782717
https://watchbase.com/rolex/datejust-31/278274-0011,rolex,Datejust 31,No,Steel,Sapphire,Round,S,Standard,Silver/White,Stick/Minimalist,Stick / Dot,9.088285725968877
https://watchbase.com/rolex/datejust-31/278384rbr-0024,rolex,Datejust 31,No,Steel,Sapphire,Round,S,Standard,Colorful,Stick/Minimalist,Roman Numerals,9.70509758756311
https://watchbase.com/rolex/datejust-31/278289rbr-0021,rolex,Datejust 31,No,Gold Variants,Sapphire,Round,S,Standard,Silver/White,Stick/Minimalist,Gem-Set Indexes,10.62135173563291
https://watchbase.com/rolex/datejust-31/278271-0031,rolex,Datejust 31,No,Steel,Sapphire,Round,S,Standard,Silver/White,Stick/Minimalist,None,9.585414998760278
https://watchbase.com/rolex/datejust-31/278275-0026,rolex,Datejust 31,No,Gold Variants,Sapphire,Round,S,Standard,Grey/Brown,Stick/Minimalist,Stick / Dot,10.243560441877241
https://watchbase.com/rolex/datejust-31/278288rbr-0007,rolex,Datejust 31,No,Gold Variants,Sapphire,Round,S,Standard,Colorful,Stick/Minimalist,Gem-Set Indexes,10.7243901015638
https://watchbase.com/rolex/datejust-31/278381rbr-0024,rolex,Datejust 31,No,Steel,Sapphire,Round,S,Standard,Colorful,Stick/Minimalist,Gem-Set Indexes,9.820160289946374
https://watchbase.com/rolex/datejust-31/278381rbr-0020,rolex,Datejust 31,No,Steel,Sapphire,Round,S,Standard,Colorful,Stick/Minimalist,Roman Numerals,9.798182590890704
https://watchbase.com/rolex/datejust-31/278271-0024,rolex,Datejust 31,No,Steel,Sapphire,Round,S,Standard,Colorful,Stick/Minimalist,Gem-Set Indexes,9.62911649414402
https://watchbase.com/rolex/datejust-31/178274-0090,rolex,Datejust 31,No,Steel,Sapphire,Round,S,Standard,Other,Stick/Minimalist,Roman Numerals,9.093918908958932
https://watchbase.com/rolex/datejust-31/278384rbr-0039,rolex,Datejust 31,No,Steel,Sapphire,Round,S,Standard,Blue,Stick/Minimalist,None,9.817439347910675
https://watchbase.com/rolex/datejust-31/278384rbr-0007,rolex,Datejust 31,No,Synthetic,Sapphire,Round,S,Standard,Silver/White,Stick/Minimalist,Gem-Set Indexes,9.833655042937448
https://watchbase.com/rolex/datejust-31/278289rbr-0025,rolex,Datejust 31,No,Gold Variants,Sapphire,Round,S,Standard,Blue,Stick/Minimalist,None,10.640675541671662
https://watchbase.com/rolex/datejust-31/278275-0045,rolex,Datejust 31,No,Gold Variants,Sapphire,Round,S,Standard,Silver/White,Stick/Minimalist,None,10.385944565501662
https://watchbase.com/rolex/datejust-31/278240-0005,rolex,Datejust 31,No,Steel,Sapphire,Round,S,Standard,Silver/White,Stick/Minimalist,Stick / Dot,8.902591637374087
https://watchbase.com/rolex/datejust-31/278275-0033,rolex,Datejust 31,No,Gold Variants,Sapphire,Round,S,Standard,Grey/Brown,Stick/Minimalist,Roman Numerals,10.344995251991222
https://watchbase.com/rolex/datejust-31/178274-0016,rolex,Datejust 31,No,Other,Sapphire,Round,S,Standard,Grey/Brown,Stick/Minimalist,Gem-Set Indexes,9.287394001418473
https://watchbase.com/rolex/datejust-31/278274-0018,rolex,Datejust 31,No,Steel,Sapphire,Round,S,Standard,Colorful,Stick/Minimalist,Stick / Dot,9.076923258535832
https://watchbase.com/rolex/datejust-31/278240-0013,rolex,Datejust 31,No,Steel,Sapphire,Round,S,Standard,Colorful,Stick/Minimalist,Roman Numerals,8.902591637374087
https://watchbase.com/rolex/datejust-31/178274-0009,rolex,Datejust 31,No,Steel,Sapphire,Round,S,Standard,Silver/White,Stick/Minimalist,Stick / Dot,8.909370405197466
https://watchbase.com/rolex/datejust-31/278341rbr-0020,rolex,Datejust 31,No,Steel,Sapphire,Round,S,Standard,Colorful,Stick/Minimalist,Roman Numerals,9.806480934593978
https://watchbase.com/rolex/datejust-31/278275-0025,rolex,Datejust 31,No,Gold Variants,Sapphire,Round,S,Standard,Grey/Brown,Stick/Minimalist,Roman Numerals,10.344995251991222
https://watchbase.com/rolex/datejust-31/278245-0023,rolex,Datejust 31,No,Gold Variants,Sapphire,Round,S,Standard,Grey/Brown,Stick/Minimalist,Roman Numerals,10.292179440058462
https://watchbase.com/rolex/datejust-31/278381rbr-0028,rolex,Datejust 31,No,Steel,Sapphire,Round,S,Standard,Grey/Brown,Stick/Minimalist,Gem-Set Indexes,9.820160289946374
https://watchbase.com/rolex/datejust-31/278241-0023,rolex,Datejust 31,No,Steel,Sapphire,Round,S,Standard,Colorful,Stick/Minimalist,Gem-Set Indexes,9.57851889529833
https://watchbase.com/rolex/datejust-31/278271-0026,rolex,Datejust 31,No,Synthetic,Sapphire,Round,S,Standard,Silver/White,Stick/Minimalist,Gem-Set Indexes,9.65509029374725
https://watchbase.com/rolex/datejust-31/278344rbr-0037,rolex,Datejust 31,No,Steel,Sapphire,Round,S,Standard,Blue,Stick/Minimalist,None,9.57851889529833
https://watchbase.com/rolex/datejust-31/278278-0011,rolex,Datejust 31,No,Gold Variants,Sapphire,Round,S,Standard,Colorful,Stick/Minimalist,Gem-Set Indexes,10.278527816830314
https://watchbase.com/rolex/datejust-31/278383rbr-0020,rolex,Datejust 31,No,Steel,Sapphire,Round,S,Standard,Silver/White,Stick/Minimalist,Gem-Set Indexes,9.803722464346553
https://watchbase.com/rolex/datejust-31/278240-0012,rolex,Datejust 31,No,Steel,Sapphire,Round,S,Standard,Colorful,Stick/Minimalist,Stick / Dot,8.929435283803425
https://watchbase.com/rolex/datejust-31/278278-0049,rolex,Datejust 31,No,Gold Variants,Sapphire,Round,S,Standard,Colorful,Stick/Minimalist,Gem-Set Indexes,10.514638034291343
https://watchbase.com/rolex/datejust-31/178245f-0015,rolex,Datejust 31,No,Gold Variants,Sapphire,Round,S,Standard,Black,Stick/Minimalist,Gem-Set Indexes,10.343386292962181
https://watchbase.com/rolex/datejust-31/278285rbr-0021,rolex,Datejust 31,No,Gold Variants,Sapphire,Round,S,Standard,Grey/Brown,Stick/Minimalist,Stick / Dot,10.573903321093981
https://watchbase.com/rolex/datejust-31/178271-0032,rolex,Datejust 31,No,Synthetic,Sapphire,Round,S,Standard,Black,Stick/Minimalist,Gem-Set Indexes,9.503084610020228
https://watchbase.com/rolex/datejust-31/278240-0018,rolex,Datejust 31,No,Steel,Sapphire,Round,S,Standard,Blue,Stick/Minimalist,Roman Numerals,8.929435283803425
https://watchbase.com/rolex/datejust-31/278240-0017,rolex,Datejust 31,No,Steel,Sapphire,Round,S,Standard,Blue,Stick/Minimalist,Roman Numerals,8.902591637374087
https://watchbase.com/rolex/datejust-31/278341rbr-0032,rolex,Datejust 31,No,Steel,Sapphire,Round,S,Standard,Silver/White,Stick/Minimalist,None,9.83633227734872
https://watchbase.com/rolex/datejust-31/278341rbr-0031,rolex,Datejust 31,No,Steel,Sapphire,Round,S,Standard,Silver/White,Stick/Minimalist,None,9.800956363888462
https://watchbase.com/longines/symphonette/l2-304-4-71-0,longines,Symphonette,No,Steel,Sapphire,Oval,XS,Basic,Silver/White,Leaf-style,Roman Numerals,7.107425474110705
https://watchbase.com/longines/elegant/l4-309-5-87-7,longines,Elegant,No,Steel,Sapphire,Round,XS,Basic,Silver/White,Stick/Minimalist,Gem-Set Indexes,8.02322468471667
https://watchbase.com/longines/symphonette/l2-304-4-83-0,longines,Symphonette,No,Steel,Sapphire,Oval,XS,Basic,Silver/White,Leaf-style,Arabic Numerals,7.333676395657684
